"","名稱","地址","服務","latitude","longitude"
"1","泰舒福養身館","200台灣基隆市仁愛區愛三路128號3樓","全身按摩腳底按摩肩頸按摩背部按摩指壓油壓泰式按摩泰式古法休閒舒壓經絡按摩精油按摩足湯泰式SPA被動式瑜伽踩背",25.129772007991,121.743773008577
"2","晴羽SPA美容坊","807台灣高雄市三民區新民路93號","全身按摩肩頸按摩背部按摩指壓油壓泰式按摩越式按摩台式按摩中式按摩休閒舒壓經絡按摩中式推拿拔罐刮痧精油按摩局部護理芳療SPA泰式SPA洗頭",22.651967016352,120.323564959841
"3","米娜MinaSPA越式洗頭","811台灣高雄市楠梓區清豐路722號","全身按摩肩頸按摩背部按摩指壓油壓泰式按摩越式按摩休閒舒壓滑罐拔罐精油按摩臉部護膚臉部按摩水療SPA芳療SPA美容SPA泰式SPA掏耳朵踩背美甲洗頭",22.737566992984,120.325117036852
"4","緣MiniSPA館","401台灣台中市東區福仁街269號","全身按摩腳底按摩肩頸按摩背部按摩指壓油壓泰式按摩越式按摩台式按摩中式按摩休閒舒壓經絡按摩中式推拿拔罐刮痧精油按摩足湯芳療SPA泰式SPA美甲洗頭",24.144475014948,120.686643021501
"5","沐晴SPA美學","243台灣新北市泰山區明志路二段384號","全身按摩腳底按摩指壓油壓泰式按摩越式按摩台式按摩中式按摩休閒舒壓經絡按摩中式推拿拔罐刮痧精油按摩芳療SPA泰式SPA",25.044609901982,121.425354397588
"6","奈拉男女SPA館","807台灣高雄市三民區明誠一路812號","全身按摩美胸按摩指壓油壓歐式按摩台式按摩中式按摩休閒舒壓經絡按摩刮痧精油按摩局部護理臉部護膚臉部按摩芳療SPA美容SPA歐式SPA薰香耳燭掏耳朵除毛",22.659943989785,120.31702397406
"7","靚秀佳人美學館","43548台灣台中市梧棲區台灣大道九段380號","全身按摩半身按摩腳底按摩肩頸按摩背部按摩指壓油壓泰式按摩歐式按摩越式按摩台式按摩中式按摩休閒舒壓經絡按摩中式推拿精油按摩臉部護膚修腳皮足湯水療SPA芳療SPA美容SPA泰式SPA歐式SPA薰香耳燭掏耳朵除毛美甲洗頭",24.253037718243,120.528607517727
"8","雅竹美學館","403台灣台中市西區長春街56號","全身按摩肩頸按摩背部按摩指壓油壓泰式按摩歐式按摩台式按摩中式按摩休閒舒壓經絡按摩中式推拿精油按摩芳療SPA泰式SPA歐式SPA",24.154738110562,120.66017406092
"9","紫晴SPA按摩坊","640台灣雲林縣斗六市大學路一段601號","全身按摩肩頸按摩背部按摩指壓油壓泰式按摩台式按摩中式按摩休閒舒壓經絡按摩中式推拿刮痧精油按摩芳療SPA泰式SPA",23.703975995865,120.554679008459
"10","春天美容護膚","640台灣雲林縣斗六市大學路一段605號","全身按摩半身按摩肩頸按摩背部按摩指壓油壓泰式按摩越式按摩台式按摩中式按摩休閒舒壓經絡按摩精油按摩局部護理芳療SPA泰式SPA被動式瑜伽踩背",23.703893015023,120.554667022338
"11","伊莎漫SPA會館","800台灣高雄市新興區七賢二路96號","全身按摩半身按摩肩頸按摩背部按摩指壓泰式按摩越式按摩台式按摩休閒舒壓精油按摩局部護理芳療SPA泰式SPA被動式瑜伽",22.634286984165,120.29863600633
"12","寶嘉莉生醫美學SPA","351台灣苗栗縣頭份市東民五街23號","全身按摩肩頸按摩背部按摩指壓油壓泰式按摩台式按摩中式按摩休閒舒壓經絡按摩中式推拿刮痧精油按摩臉部護膚臉部按摩芳療SPA美容SPA",24.688709012553,120.902029015544
"13","珍珍慧越式按摩","637台灣雲林縣崙背鄉正義路80-16號","全身按摩半身按摩腳底按摩肩頸按摩背部按摩指壓油壓越式按摩休閒舒壓經絡按摩拔罐刮痧精油按摩臉部護膚臉部按摩修凍甲修腳皮芳療SPA美容SPA掏耳朵被動式瑜伽洗頭",23.761178599308,120.359521052865
"14","古坑按摩養生館","646台灣雲林縣古坑鄉西平路3號","全身按摩半身按摩腳底按摩肩頸按摩背部按摩指壓台式按摩中式按摩經絡按摩中式推拿刮痧局部護理",23.646646208897,120.560918161907
"15","水之吻SPA時尚會館","600台灣嘉義市西區北港路1465號","全身按摩半身按摩肩頸按摩背部按摩指壓油壓泰式按摩越式按摩台式按摩中式按摩休閒舒壓經絡按摩中式推拿刮痧精油按摩局部護理芳療SPA泰式SPA被動式瑜伽踩背",23.492089991221,120.397009961492
"16","芯悅美妍美體生活館","600台灣嘉義市西區世賢路三段560號","全身按摩肩頸按摩背部按摩指壓油壓泰式按摩越式按摩台式按摩中式按摩休閒舒壓經絡按摩中式推拿拔罐刮痧精油按摩芳療SPA泰式SPA美甲美睫",23.461077622955,120.438732628541
"17","陶莉養生館","320台灣桃園市中壢區建國北路53號","全身按摩腳底按摩肩頸按摩背部按摩指壓油壓台式按摩中式按摩休閒舒壓經絡按摩中式推拿拔罐刮痧精油按摩芳療SPA",24.958012981786,121.226623999526
"18","捷研足體養生館","407台灣台中市西屯區寧夏路100號","全身按摩腳底按摩肩頸按摩背部按摩指壓台式按摩中式按摩深層組織按摩經絡按摩中式推拿滑罐刮痧足湯",24.165955485853,120.662003830384
"19","天下足體養生館","428台灣台中市大雅區民生路四段80號","全身按摩半身按摩腳底按摩肩頸按摩背部按摩指壓油壓台式按摩中式按摩經絡按摩中式推拿拔罐刮痧精油按摩臉部按摩足湯",24.236621006502,120.668835584386
"20","活泉足體養身世界","104台灣台北市中山區民權東路二段134號","全身按摩半身按摩腳底按摩肩頸按摩背部按摩指壓油壓台式按摩中式按摩休閒舒壓經絡按摩中式推拿拔罐刮痧精油按摩修凍甲修腳皮足湯",25.062303009938,121.532922965257
"21","千金閣男女養生館","542台灣南投縣草屯鎮中正路1639號","全身按摩半身按摩肩頸按摩背部按摩指壓油壓泰式按摩越式按摩台式按摩中式按摩休閒舒壓經絡按摩中式推拿刮痧精油按摩局部護理芳療SPA泰式SPA被動式瑜伽踩背",24.000758819282,120.690171383643
"22","藍海會館","542台灣南投縣草屯鎮中正路1358號","全身按摩半身按摩肩頸按摩背部按摩指壓油壓泰式按摩越式按摩台式按摩中式按摩休閒舒壓經絡按摩中式推拿刮痧精油按摩局部護理芳療SPA泰式SPA被動式瑜伽踩背",23.995405004358,120.6891119949
"23","老爺皇家SPA舒壓會館(舊紫金城)","542台灣南投縣草屯鎮中正路1358號","全身按摩半身按摩肩頸按摩背部按摩指壓油壓泰式按摩越式按摩台式按摩中式按摩休閒舒壓經絡按摩中式推拿刮痧精油按摩局部護理芳療SPA泰式SPA被動式瑜伽踩背",23.995405004358,120.6891119949
"24","泰陽花養生會館","542台灣南投縣草屯鎮中正路1386號","全身按摩肩頸按摩背部按摩指壓油壓泰式按摩越式按摩台式按摩中式按摩休閒舒壓經絡按摩中式推拿拔罐刮痧精油按摩局部護理芳療SPA泰式SPA被動式瑜伽",23.996388997881,120.689430004307
"25","丹陽泰中式養身館","325台灣桃園市龍潭區中豐路281號","全身按摩肩頸按摩背部按摩指壓油壓泰式按摩泰式古法台式按摩中式按摩休閒舒壓經絡按摩中式推拿刮痧精油按摩芳療SPA泰式SPA被動式瑜伽踩背",24.87768798828,121.211718964023
"26","泰美地泰式紓壓養生館","235台灣新北市中和區明仁街13號","全身按摩肩頸按摩背部按摩指壓油壓泰式按摩泰式古法休閒舒壓經絡按摩精油按摩芳療SPA泰式SPA被動式瑜伽踩背",24.995647014582,121.506096013592
"27","和緣經絡推拿","710台灣台南市永康區永大路二段978號","全身按摩半身按摩腳底按摩肩頸按摩背部按摩指壓油壓泰式按摩越式按摩台式按摩中式按摩休閒舒壓經絡按摩中式推拿拔罐刮痧精油按摩局部護理芳療SPA泰式SPA被動式瑜伽踩背",23.016887001235,120.263176029671
"28","小師妹男女養生會館","320台灣桃園市中壢區中山東路二段299號","全身按摩腳底按摩肩頸按摩背部按摩指壓油壓泰式按摩越式按摩台式按摩中式按摩休閒舒壓經絡按摩中式推拿拔罐刮痧精油按摩局部護理臉部護膚足湯芳療SPA美容SPA泰式SPA薰香耳燭除毛洗頭",24.950438381615,121.24191066308
"29","中壢人養身按摩會館","320台灣桃園市中壢區裕民街26號","全身按摩肩頸按摩背部按摩指壓油壓泰式按摩越式按摩台式按摩中式按摩休閒舒壓經絡按摩中式推拿精油按摩芳療SPA泰式SPA",24.957720704823,121.224933704932
"30","伊之村足湯養身行館","710台灣台南市永康區中正北路92號","全身按摩腳底按摩肩頸按摩背部按摩指壓油壓台式按摩中式按摩休閒舒壓經絡按摩中式推拿拔罐刮痧精油按摩足湯芳療SPA薰香耳燭",23.041371001416,120.241303034239
"31","樂陽健康工房","351台灣苗栗縣頭份市288 建國路二段","全身按摩半身按摩肩頸按摩背部按摩指壓日式按摩台式按摩中式按摩運動按摩經絡按摩中式推拿拔罐刮痧局部護理筋骨整復",24.694448604572,120.900202934118
"32","佳蓓紅SPA養生館","806台灣高雄市前鎮區光華二路278號","全身按摩肩頸按摩背部按摩指壓油壓泰式按摩越式按摩台式按摩中式按摩休閒舒壓經絡按摩中式推拿刮痧精油按摩芳療SPA泰式SPA被動式瑜伽踩背",22.614445007692,120.318297017514
"33","金邊泰式按摩養生館","242台灣新北市新莊區思源路253號","全身按摩肩頸按摩背部按摩指壓油壓泰式按摩泰式古法休閒舒壓經絡按摩精油按摩芳療SPA泰式SPA被動式瑜伽踩背",25.047448098216,121.459655492315
"34","小女神養生館","807台灣高雄市三民區建國二路45號","全身按摩肩頸按摩背部按摩指壓油壓泰式按摩越式按摩台式按摩中式按摩休閒舒壓經絡按摩中式推拿刮痧精油按摩局部護理芳療SPA泰式SPA被動式瑜伽踩背",22.637169981672,120.312151992839
"35","梅萍指壓養生推拿","606台灣嘉義縣中埔鄉中華路597號","全身按摩肩頸按摩背部按摩指壓台式按摩中式按摩經絡按摩中式推拿",23.445127989838,120.456902012442
"36","珊妮越式養生館","303台灣新竹縣湖口鄉中華路62號二樓","全身按摩肩頸按摩背部按摩指壓油壓泰式按摩越式按摩台式按摩中式按摩休閒舒壓經絡按摩中式推拿刮痧精油按摩局部護理芳療SPA泰式SPA被動式瑜伽踩背",24.873474196006,121.010813629725
"37","越漂亮養生館","303台灣新竹縣湖口鄉中華路64號","全身按摩肩頸按摩背部按摩指壓油壓泰式按摩越式按摩台式按摩中式按摩休閒舒壓經絡按摩中式推拿刮痧精油按摩局部護理芳療SPA泰式SPA被動式瑜伽踩背",24.873522517678,121.010845816234
"38","晶悅足體健康會館-太保店","612台灣嘉義縣太保市中興路一段1-2號","全身按摩腳底按摩肩頸按摩背部按摩指壓油壓台式按摩中式按摩休閒舒壓經絡按摩中式推拿拔罐刮痧精油按摩修凍甲修腳皮足湯",23.496627199229,120.384213226095
"39","紅閣樓SPA美容會館","648台灣雲林縣西螺鎮振興路49-1號","全身按摩肩頸按摩背部按摩指壓油壓泰式按摩越式按摩台式按摩中式按摩休閒舒壓經絡按摩中式推拿刮痧精油按摩局部護理芳療SPA泰式SPA被動式瑜伽踩背",23.7789143,120.4500479
"40","萬保富美容時代會館","632台灣雲林縣虎尾鎮林森路一段217號","全身按摩肩頸按摩背部按摩指壓油壓泰式按摩越式按摩台式按摩中式按摩休閒舒壓經絡按摩中式推拿刮痧精油按摩局部護理芳療SPA泰式SPA被動式瑜伽",23.714484094509,120.438698362763
"41","維多美容瘦身館(星星SPA)","404台灣台中市北區忠明路177號","全身按摩半身按摩肩頸按摩背部按摩指壓油壓泰式按摩越式按摩台式按摩中式按摩休閒舒壓經絡按摩精油按摩局部護理芳療SPA泰式SPA踩背",24.162702092045,120.664741192323
"42","美力工作坊","300台灣新竹市東區南大路215號","全身按摩肩頸按摩背部按摩指壓油壓泰式按摩越式按摩台式按摩中式按摩休閒舒壓經絡按摩中式推拿刮痧精油按摩芳療SPA泰式SPA",24.799193015694,120.972478995553
"43","丞佑養生會館","235台灣新北市中和區中山路二段472號","全身按摩半身按摩肩頸按摩背部按摩指壓油壓泰式按摩越式按摩台式按摩中式按摩休閒舒壓經絡按摩中式推拿刮痧精油按摩局部護理芳療SPA泰式SPA被動式瑜伽踩背",25.004705002068,121.48836703109
"44","小珍全身按摩","625台灣嘉義縣布袋鎮中正路171號","全身按摩腳底按摩肩頸按摩背部按摩指壓油壓泰式按摩台式按摩中式按摩休閒舒壓經絡按摩中式推拿精油按摩芳療SPA泰式SPA",23.382555992986,120.154881002454
"45","禾康足體養生館","612台灣嘉義縣太保市祥和三路東段5號","全身按摩腳底按摩肩頸按摩背部按摩指壓油壓台式按摩中式按摩休閒舒壓經絡按摩中式推拿精油按摩",23.454807998359,120.293010994928
"46","彩麗美容會館","302台灣新竹縣竹北市縣政二路21號","全身按摩半身按摩肩頸按摩背部按摩指壓油壓泰式按摩越式按摩台式按摩中式按摩休閒舒壓經絡按摩精油按摩芳療SPA泰式SPA踩背",24.822260013233,121.013610000263
"47","152養生會館","612台灣嘉義縣太保市北港路二段152號","全身按摩肩頸按摩背部按摩指壓油壓泰式按摩台式按摩中式按摩休閒舒壓經絡按摩中式推拿刮痧精油按摩芳療SPA泰式SPA被動式瑜伽",23.49716820917,120.379466470508
"48","足品足體養生會館","701台灣台南市東區東興路163號","全身按摩腳底按摩肩頸按摩背部按摩指壓油壓台式按摩中式按摩經絡按摩中式推拿拔罐刮痧精油按摩修凍甲修腳皮足湯筋骨整復",22.993684007318,120.229131002086
"49","花石間舒壓坊","710台灣台南市永康區永福街11巷22號","全身按摩肩頸按摩背部按摩指壓油壓泰式按摩越式按摩台式按摩中式按摩休閒舒壓經絡按摩中式推拿刮痧精油按摩芳療SPA泰式SPA",23.017472016168,120.261310972395
"50","看得見視障按摩","701台灣台南市東區林森路一段208號","全身按摩半身按摩腳底按摩肩頸按摩背部按摩指壓台式按摩中式按摩經絡按摩中式推拿局部護理足湯",22.982180012847,120.216928962719
"51","寶儷養生館","741台灣台南市善化區光復路422號","全身按摩肩頸按摩背部按摩指壓油壓泰式按摩越式按摩台式按摩中式按摩休閒舒壓經絡按摩中式推拿刮痧精油按摩芳療SPA泰式SPA",23.128759508547,120.286245709418
"52","金華泰式按摩","700台灣台南市中西區金華路三段67號2樓","全身按摩肩頸按摩背部按摩指壓油壓泰式按摩泰式古法休閒舒壓經絡按摩精油按摩芳療SPA泰式SPA被動式瑜伽踩背",22.989791996307,120.192281473518
"53","綺綺養生油壓館","741台灣台南市善化區興華路283號","全身按摩肩頸按摩背部按摩指壓油壓泰式按摩越式按摩台式按摩中式按摩休閒舒壓經絡按摩中式推拿刮痧精油按摩局部護理芳療SPA泰式SPA被動式瑜伽踩背",23.126890008863,120.295334961403
"54","小燕子養生館","741台灣台南市善化區大成路136號","全身按摩肩頸按摩背部按摩指壓油壓泰式按摩越式按摩台式按摩中式按摩休閒舒壓經絡按摩中式推拿刮痧精油按摩局部護理芳療SPA泰式SPA被動式瑜伽踩背",23.130501980488,120.302352123103
"55","津綻足體筋絡按摩館","702台灣台南市南區大同路二段39號","全身按摩半身按摩腳底按摩肩頸按摩背部按摩美胸按摩指壓油壓台式按摩中式按摩運動按摩足反射按摩經絡按摩中式推拿拔罐刮痧精油按摩局部護理踩背筋骨整復",22.980176989446,120.212803976709
"56","越美鳳養生館","704台灣台南市北區公園路599-5號","全身按摩腳底按摩肩頸按摩背部按摩指壓油壓泰式按摩越式按摩台式按摩中式按摩休閒舒壓經絡按摩中式推拿刮痧精油按摩足湯芳療SPA泰式SPA",23.014439988422,120.212702974776
"57","真美養生會館","704台灣台南市北區公園路541-2號","全身按摩肩頸按摩背部按摩指壓油壓泰式按摩越式按摩台式按摩中式按摩休閒舒壓經絡按摩中式推拿刮痧精油按摩芳療SPA泰式SPA",23.010051014372,120.2104899847
"58","愛妃養生館","704台灣台南市北區公園路751號","全身按摩肩頸按摩背部按摩指壓油壓泰式按摩越式按摩台式按摩中式按摩休閒舒壓經絡按摩中式推拿刮痧精油按摩芳療SPA泰式SPA被動式瑜伽",23.017937002246,120.215476965632
"59","翠峰傳統整復推拿","813台灣高雄市左營區翠峰路58號","腳底按摩肩頸按摩指壓台式按摩中式按摩運動按摩穴道按摩理療按摩經絡按摩中式推拿局部護理筋骨整復",22.672872991614,120.288430033386
"60","花木蘭SPA養生館","802台灣高雄市苓雅區建國一路60號","全身按摩肩頸按摩背部按摩指壓油壓泰式按摩越式按摩台式按摩中式按摩休閒舒壓經絡按摩中式推拿刮痧精油按摩芳療SPA泰式SPA被動式瑜伽踩背",22.630369995083,120.337258977973
"61","溫純男女舒壓會館","812台灣高雄市小港區山明路549號","全身按摩肩頸按摩背部按摩指壓油壓泰式按摩休閒舒壓經絡按摩拔罐刮痧精油按摩熱石按摩芳療SPA泰式SPA被動式瑜伽踩背",22.569217012529,120.361845027824
"62","Anne SPA 時尚生活館","701台灣台南市東區中華東路一段200號","全身按摩肩頸按摩背部按摩指壓油壓泰式按摩越式按摩台式按摩中式按摩休閒舒壓經絡按摩中式推拿刮痧精油按摩芳療SPA泰式SPA",22.994225017258,120.233947998022
"63","采虹棠男女護膚名店","950台灣台東縣台東市更生路827號","全身按摩肩頸按摩背部按摩指壓油壓泰式按摩台式按摩中式按摩休閒舒壓經絡按摩中式推拿刮痧精油按摩芳療SPA泰式SPA",22.769740006314,121.134353997714
"64","僑福皇家沐足館","220台灣新北市板橋區館前西路139號5樓","全身按摩半身按摩肩頸按摩背部按摩指壓油壓泰式按摩越式按摩台式按摩中式按摩休閒舒壓經絡按摩刮痧精油按摩局部護理芳療SPA泰式SPA被動式瑜伽踩背",25.007742017046,121.45627800443
"65","發財泰式按摩","950台灣台東縣台東市中華路二段99號","全身按摩肩頸按摩背部按摩指壓油壓泰式按摩泰式古法休閒舒壓經絡按摩精油按摩芳療SPA泰式SPA被動式瑜伽踩背",22.745206008081,121.140225017974
"66","衣衣美容按摩坊","900台灣屏東縣屏東市8號 徐州路164巷","全身按摩肩頸按摩背部按摩油壓泰式按摩台式按摩中式按摩經絡按摩拔罐精油按摩修凍甲芳療SPA泰式SPA除毛美甲美睫",22.680944010001,120.479831965864
"67","印象泰養生館","351台灣苗栗縣頭份市永貞路一段283號","全身按摩肩頸按摩背部按摩指壓油壓泰式按摩越式按摩台式按摩中式按摩休閒舒壓經絡按摩中式推拿刮痧精油按摩局部護理芳療SPA泰式SPA被動式瑜伽踩背",24.68359370139,120.88516598272
"68","水澐閣SPA養生會館","108台灣台北市萬華區萬大路289號","全身按摩肩頸按摩背部按摩指壓油壓泰式按摩越式按摩台式按摩中式按摩休閒舒壓經絡按摩中式推拿精油按摩芳療SPA泰式SPA被動式瑜伽",25.025093981542,121.500617014943
"69","品竹足體養生館","100台灣台北市中正區廈門街137號","全身按摩半身按摩腳底按摩肩頸按摩背部按摩指壓油壓台式按摩中式按摩經絡按摩中式推拿刮痧精油按摩局部護理足湯",25.022099001809,121.517496994472
"70","新悅美容養生館","106台灣台北市大安區瑞安街208巷24弄2號","全身按摩肩頸按摩背部按摩指壓油壓泰式按摩越式按摩台式按摩中式按摩休閒舒壓經絡按摩中式推拿精油按摩芳療SPA泰式SPA",25.028624983983,121.540366011458
"71","珊妹舒壓養生館","302台灣新竹縣竹北市新工五路5號","全身按摩肩頸按摩背部按摩指壓油壓泰式按摩越式按摩台式按摩中式按摩休閒舒壓經絡按摩中式推拿刮痧精油按摩局部護理芳療SPA泰式SPA被動式瑜伽",24.848183982469,121.004676986954
"72","星蓉美體舒活館","640台灣雲林縣斗六市中山路649號","全身按摩肩頸按摩背部按摩指壓油壓泰式按摩越式按摩台式按摩中式按摩休閒舒壓經絡按摩中式推拿拔罐刮痧精油按摩局部護理芳療SPA泰式SPA被動式瑜伽全身去角質",23.692767002477,120.538378972811
"73","朵莉SPA會館","302台灣新竹縣竹北市六家五路一段213號","全身按摩半身按摩肩頸按摩背部按摩指壓油壓泰式按摩越式按摩台式按摩中式按摩休閒舒壓經絡按摩中式推拿刮痧精油按摩局部護理芳療SPA泰式SPA被動式瑜伽踩背",24.808189019006,121.02817699361
"74","新國統男女養生名店","104台灣台北市中山區一江街45號","全身按摩半身按摩肩頸按摩背部按摩指壓油壓泰式按摩越式按摩台式按摩中式按摩休閒舒壓經絡按摩中式推拿刮痧精油按摩局部護理芳療SPA泰式SPA被動式瑜伽踩背",25.054459015399,121.53167699535
"75","星星按摩養生會館","333台灣桃園市龜山區文化七路176號","全身按摩半身按摩腳底按摩肩頸按摩背部按摩指壓油壓泰式按摩越式按摩台式按摩中式按摩休閒舒壓經絡按摩中式推拿滑罐拔罐刮痧精油按摩局部護理臉部按摩修凍甲修腳皮足湯芳療SPA美容SPA泰式SPA薰香耳燭美甲洗頭",25.051500999858,121.367349029224
"76","蕊菈美療SPA","241台灣新北市三重區三和路二段27號","全身按摩半身按摩肩頸按摩背部按摩指壓油壓泰式按摩越式按摩台式按摩中式按摩休閒舒壓經絡按摩中式推拿刮痧精油按摩局部護理芳療SPA泰式SPA被動式瑜伽",25.067095404988,121.501111379592
"77","泰金舒壓館","103台灣台北市大同區重慶北路三段37-1號","全身按摩半身按摩肩頸按摩背部按摩指壓油壓泰式按摩泰式古法休閒舒壓經絡按摩刮痧精油按摩足湯芳療SPA泰式SPA被動式瑜伽踩背",25.065421999928,121.513916999807
"78","靜安養生館","110台灣台北市信義區莊敬路391巷11弄5號","全身按摩腳底按摩肩頸按摩背部按摩指壓油壓東方指壓台式按摩中式按摩運動按摩經絡按摩中式推拿拔罐刮痧精油按摩",25.028621002579,121.565509038775
"79","歐舍ORSIR SPA會館","632台灣雲林縣虎尾鎮中正路360號","全身按摩半身按摩腳底按摩肩頸按摩背部按摩美胸按摩指壓油壓瑞典式按摩台式按摩中式按摩深層組織按摩休閒舒壓經絡按摩拔罐刮痧精油按摩局部護理臉部護膚臉部按摩孕婦按摩足湯水療SPA芳療SPA美容SPA歐式SPA蒸汽SPA薰香耳燭掏耳朵被動式瑜伽汗蒸全身去角質除毛美睫",23.70347949383,120.428720880499
"80","金如意經絡館","338台灣桃園市蘆竹區光明路二段120號","全身按摩肩頸按摩背部按摩指壓油壓台式按摩中式按摩經絡按摩中式推拿拔罐刮痧精油按摩掏耳朵全身去角質",25.047515991632,121.287919013429
"81","沐媗美學館","900台灣屏東縣屏東市大連路11號","全身按摩肩頸按摩背部按摩指壓油壓泰式按摩越式按摩台式按摩中式按摩休閒舒壓經絡按摩中式推拿精油按摩芳療SPA泰式SPA",22.683699979765,120.507908994568
"82","U ME SPA會館","928台灣屏東縣東港鎮明德路51巷6號","全身按摩半身按摩肩頸按摩背部按摩指壓油壓泰式按摩越式按摩台式按摩中式按摩休閒舒壓經絡按摩中式推拿精油按摩局部護理芳療SPA泰式SPA被動式瑜伽",22.470952986028,120.457999035929
"83","凱沃/米高美/新歡SPA美容","700台灣台南市中西區金華路三段126號3樓","全身按摩半身按摩肩頸按摩背部按摩指壓油壓泰式按摩越式按摩台式按摩中式按摩休閒舒壓經絡按摩中式推拿精油按摩局部護理芳療SPA泰式SPA被動式瑜伽",22.992054020517,120.193078005776
"84","漂亮寶貝SPA會館","800台灣高雄市新興區七賢二路31號","全身按摩半身按摩肩頸按摩背部按摩指壓油壓泰式按摩越式按摩台式按摩中式按摩休閒舒壓經絡按摩中式推拿刮痧精油按摩局部護理芳療SPA泰式SPA被動式瑜伽",22.634524988306,120.30085301972
"85","美麗金邊泰式SPA養生館","80143台灣高雄市前金區七賢二路272號","全身按摩腳底按摩肩頸按摩背部按摩指壓油壓泰式按摩泰式古法休閒舒壓經絡按摩拔罐刮痧精油按摩足湯芳療SPA泰式SPA被動式瑜伽踩背",22.632092015181,120.292047998073
"86","城市情人時尚會館","807台灣高雄市三民區九如一路892號","全身按摩半身按摩肩頸按摩背部按摩指壓油壓泰式按摩越式按摩台式按摩中式按摩休閒舒壓經絡按摩中式推拿精油按摩局部護理芳療SPA泰式SPA被動式瑜伽",22.640318014957,120.317429993449
"87","愛唷SPA會館","807台灣高雄市三民區澄清路745號","全身按摩半身按摩肩頸按摩背部按摩指壓油壓泰式按摩越式按摩台式按摩中式按摩休閒舒壓中式推拿刮痧精油按摩局部護理芳療SPA泰式SPA",22.647279017906,120.34688299538
"88","全順渼時尚館(新竹)","300台灣新竹市東區南大路7號","全身按摩半身按摩肩頸按摩背部按摩指壓油壓泰式按摩越式按摩台式按摩中式按摩休閒舒壓經絡按摩中式推拿刮痧精油按摩芳療SPA泰式SPA被動式瑜伽踩背",24.803293316999,120.97905057528
"89","帝足SPA養生會館","330台灣桃園市桃園區復興路35號","全身按摩半身按摩腳底按摩肩頸按摩背部按摩指壓油壓東方指壓台式按摩中式按摩經絡按摩中式推拿精油按摩足湯",24.990818996444,121.317210999
"90","妮妮足體舒壓館","236台灣新北市土城區延平街82號","全身按摩腳底按摩肩頸按摩背部按摩指壓油壓泰式按摩台式按摩中式按摩休閒舒壓經絡按摩中式推拿拔罐刮痧精油按摩臉部護膚臉部按摩修腳皮芳療SPA美容SPA泰式SPA薰香耳燭掏耳朵全身去角質洗頭",24.993281683416,121.46768854068
"91","健康家平價足體養生館","807台灣高雄市三民區澄和路112號","全身按摩腳底按摩肩頸按摩背部按摩指壓油壓台式按摩中式按摩休閒舒壓經絡按摩中式推拿拔罐刮痧精油按摩修腳皮足湯芳療SPA薰香耳燭",22.644885020631,120.343583040099
"92","松苑足體養生館","202台灣基隆市中正區信二路288號","全身按摩腳底按摩肩頸按摩背部按摩指壓油壓台式按摩中式按摩休閒舒壓經絡按摩中式推拿拔罐刮痧精油按摩熱石按摩修腳皮足湯芳療SPA雙人四手全身去角質",25.131278990363,121.74600795924
"93","春芳健康生活館","330台灣桃園市桃園區中正路343號","全身按摩半身按摩肩頸按摩背部按摩指壓油壓台式按摩中式按摩經絡按摩中式推拿精油按摩筋骨整復",24.998505997936,121.30850999677
"94","秘境SPA會館","330台灣桃園市桃園區復興路67號","全身按摩半身按摩肩頸按摩背部按摩指壓油壓泰式按摩越式按摩台式按摩中式按摩休閒舒壓精油按摩局部護理芳療SPA泰式SPA被動式瑜伽",24.990865013092,121.315561021359
"95","101 SPA養生館","302台灣新竹縣竹北市環北路二段101號","全身按摩肩頸按摩背部按摩指壓油壓泰式按摩越式按摩台式按摩中式按摩休閒舒壓經絡按摩中式推拿刮痧精油按摩局部護理芳療SPA泰式SPA被動式瑜伽踩背",24.847447003633,121.0183420037
"96","超越男女SPA會館","108台灣台北市萬華區環河南路二段92號","全身按摩半身按摩腳底按摩肩頸按摩背部按摩指壓油壓泰式按摩台式按摩中式按摩休閒舒壓經絡按摩中式推拿拔罐刮痧精油按摩芳療SPA泰式SPA",25.037100010103,121.495679990154
"97","金龍灣養生館","893台灣金門縣金城鎮民族路93巷5弄42號","全身按摩肩頸按摩背部按摩指壓油壓泰式按摩台式按摩中式按摩休閒舒壓經絡按摩中式推拿刮痧精油按摩芳療SPA泰式SPA",24.430380013972,118.319300030507
"98","久千代企業","328台灣桃園市觀音區長春街285號","全身按摩肩頸按摩背部按摩指壓油壓泰式按摩越式按摩台式按摩中式按摩休閒舒壓經絡按摩中式推拿拔罐刮痧精油按摩芳療SPA泰式SPA",25.054158985174,121.123837978171
"99","沐森林SPA","640台灣雲林縣斗六市上海路190號","全身按摩肩頸按摩背部按摩指壓油壓泰式按摩歐式按摩台式按摩深層組織按摩休閒舒壓經絡按摩精油按摩芳療SPA泰式SPA歐式SPA",23.713471979701,120.540235480545
"100","潔米SPA","432台灣台中市大肚區船頭二街83巷13號","全身按摩肩頸按摩背部按摩指壓油壓泰式按摩台式按摩中式按摩休閒舒壓經絡按摩中式推拿刮痧精油按摩熱石按摩臉部護膚臉部按摩芳療SPA泰式SPA除毛",24.122138206904,120.552701633681
"101","樂約養生館","812台灣高雄市小港區中安路927號","全身按摩肩頸按摩背部按摩指壓油壓泰式按摩台式按摩中式按摩休閒舒壓經絡按摩中式推拿精油按摩芳療SPA泰式SPA",22.585003991884,120.367537010632
"102","泰禾苑泰式養生館","408台灣台中市南屯區大墩一街213號","全身按摩腳底按摩肩頸按摩背部按摩指壓油壓泰式按摩泰式古法休閒舒壓經絡按摩精油按摩足湯芳療SPA泰式SPA踩背",24.137746693631,120.649157390301
"103","艾我男女美容養生館","830台灣高雄市鳳山區鳳林路234號","全身按摩肩頸按摩背部按摩指壓油壓泰式按摩越式按摩台式按摩中式按摩休閒舒壓經絡按摩中式推拿刮痧精油按摩芳療SPA泰式SPA被動式瑜伽",22.622183013066,120.37623298372
"104","心肝寶貝工作室","702台灣台南市南區夏林路16號","全身按摩肩頸按摩背部按摩指壓油壓泰式按摩台式按摩中式按摩芳香療法按摩休閒舒壓經絡按摩中式推拿拔罐刮痧精油按摩臉部護膚臉部按摩芳療SPA泰式SPA薰香耳燭掏耳朵除毛",22.984356793102,120.194753129126
"105","足太郎足體養身概念館","330台灣桃園市桃園區寶山街275號2樓","全身按摩半身按摩腳底按摩肩頸按摩背部按摩指壓油壓台式按摩中式按摩休閒舒壓經絡按摩中式推拿拔罐刮痧精油按摩修凍甲修腳皮足湯",25.011325993115,121.313640978799
"106","龍庭美甲美容健康會館","235台灣新北市中和區忠孝街108-1號","全身按摩肩頸按摩背部按摩指壓油壓泰式按摩越式按摩台式按摩中式按摩休閒舒壓經絡按摩中式推拿刮痧精油按摩芳療SPA泰式SPA被動式瑜伽美甲",24.984796012279,121.512224023003
"107","芯晨足體養生館","220台灣新北市板橋區中山路一段271號","全身按摩腳底按摩肩頸按摩背部按摩指壓油壓泰式按摩越式按摩台式按摩中式按摩休閒舒壓經絡按摩刮痧精油按摩足湯芳療SPA泰式SPA洗頭",25.01369400649,121.468921015723
"108","金鑽石養生會館","241台灣新北市三重區自強路四段37號","全身按摩肩頸按摩背部按摩指壓油壓泰式按摩越式按摩台式按摩中式按摩休閒舒壓經絡按摩中式推拿刮痧精油按摩芳療SPA泰式SPA被動式瑜伽踩背",25.076873984689,121.489231037669
"109","龍廷時尚會館","235台灣新北市中和區景平路203號","全身按摩肩頸按摩背部按摩指壓油壓泰式按摩越式按摩台式按摩中式按摩休閒舒壓經絡按摩中式推拿刮痧精油按摩芳療SPA泰式SPA被動式瑜伽",24.992519014046,121.511132028658
"110","富國島越式養生館","300台灣新竹市東區民生路248號","全身按摩腳底按摩肩頸按摩背部按摩指壓油壓越式按摩休閒舒壓經絡按摩刮痧精油按摩足湯芳療SPA被動式瑜伽洗頭",24.812466597563,120.975395227305
"111","沐月美學會館","510台灣彰化縣員林市萬年路三段361號","全身按摩半身按摩肩頸按摩背部按摩指壓油壓泰式按摩越式按摩台式按摩中式按摩休閒舒壓經絡按摩中式推拿刮痧精油按摩局部護理芳療SPA泰式SPA被動式瑜伽",23.963638010418,120.572029967127
"112","樹淋傳統整復推拿館","411台灣台中市太平區樹德路97-1號","全身按摩半身按摩肩頸按摩背部按摩指壓油壓泰式按摩越式按摩台式按摩中式按摩休閒舒壓經絡按摩中式推拿拔罐刮痧精油按摩局部護理芳療SPA泰式SPA筋骨整復除毛",24.153069986102,120.71129595894
"113","登峯美容生活館","265台灣宜蘭縣羅東鎮純精路一段33號","全身按摩肩頸按摩背部按摩指壓油壓泰式按摩越式按摩台式按摩中式按摩休閒舒壓經絡按摩中式推拿刮痧精油按摩芳療SPA泰式SPA被動式瑜伽",24.669064010805,121.765676011222
"114","舒心美容美體會館","269台灣宜蘭縣冬山鄉冬山路五段376號","全身按摩腳底按摩肩頸按摩背部按摩指壓油壓泰式按摩越式按摩台式按摩中式按摩休閒舒壓經絡按摩中式推拿拔罐刮痧精油按摩熱石按摩臉部護膚芳療SPA泰式SPA",24.668646005294,121.767332023833
"115","Phuket普吉島泰式舒壓館","247台灣新北市蘆洲區仁愛街118巷6號","全身按摩肩頸按摩背部按摩指壓油壓泰式按摩泰式古法休閒舒壓經絡按摩精油按摩泰式SPA被動式瑜伽全身去角質踩背",25.095061289656,121.46950992824
"116","三霓養生會館Sunny Massage","241台灣新北市三重區平安街32號","全身按摩半身按摩腳底按摩肩頸按摩背部按摩美胸按摩指壓油壓東方指壓台式按摩中式按摩休閒舒壓經絡按摩中式推拿拔罐刮痧精油按摩臉部護膚臉部按摩足湯",25.064020000894,121.498301011277
"117","六六足體按摩館","247台灣新北市蘆洲區九芎街90巷25號","全身按摩腳底按摩肩頸按摩背部按摩指壓油壓台式按摩中式按摩經絡按摩中式推拿局部護理",25.081222013143,121.46458597922
"118","心語SPA美學館","326台灣桃園市楊梅區中山北路一段474號","全身按摩半身按摩肩頸按摩背部按摩指壓油壓泰式按摩越式按摩台式按摩中式按摩休閒舒壓經絡按摩中式推拿刮痧精油按摩局部護理芳療SPA泰式SPA被動式瑜伽踩背",24.909257420762,121.161023704876
"119","樂美泰式桑拿","326台灣桃園市楊梅區中山北路一段478號","全身按摩肩頸按摩背部按摩指壓油壓泰式按摩休閒舒壓經絡按摩刮痧精油按摩芳療SPA泰式SPA被動式瑜伽踩背",24.909259893424,121.16110559607
"120","鳳城越式洗髮男女SPA館","500台灣彰化縣彰化市大埔路315號","全身按摩腳底按摩肩頸按摩背部按摩指壓油壓越式按摩休閒舒壓精油按摩臉部護膚臉部按摩足湯水療SPA芳療SPA美容SPA薰香耳燭洗頭",24.060676979861,120.544594992206
"121","小仙女生活館","330台灣桃園市桃園區博愛路42號","全身按摩腳底按摩肩頸按摩背部按摩指壓油壓泰式按摩越式按摩台式按摩中式按摩休閒舒壓刮痧精油按摩芳療SPA泰式SPA被動式瑜伽",24.995649696791,121.311219698429
"122","Emmy SPA 越式洗髮","500台灣彰化縣彰化市大埔路307號","全身按摩半身按摩肩頸按摩背部按摩指壓油壓越式按摩休閒舒壓精油按摩局部護理臉部護膚臉部按摩足湯水療SPA芳療SPA泰式SPA蒸汽SPA洗頭",24.060540019563,120.544568002478
"123","小公主健康生活館","330台灣桃園市桃園區博愛路134號","全身按摩半身按摩肩頸按摩背部按摩指壓油壓泰式按摩越式按摩台式按摩中式按摩休閒舒壓經絡按摩中式推拿刮痧精油按摩局部護理芳療SPA泰式SPA被動式瑜伽",24.994425016918,121.30896102698
"124","嬌美生活館","320台灣桃園市中壢區新興路259號","全身按摩肩頸按摩背部按摩指壓油壓泰式按摩越式按摩台式按摩中式按摩休閒舒壓經絡按摩中式推拿刮痧精油按摩局部護理芳療SPA泰式SPA被動式瑜伽踩背",24.954120006857,121.228599027371
"125","舒活SPA會館","800台灣高雄市新興區七賢一路432號8樓(愛生大樓)","全身按摩半身按摩肩頸按摩背部按摩指壓油壓泰式按摩越式按摩台式按摩中式按摩休閒舒壓精油按摩局部護理芳療SPA泰式SPA",22.63450298581,120.305383019292
"126","悅媚養身館","330台灣桃園市桃園區春日路1026號","全身按摩肩頸按摩背部按摩指壓油壓泰式按摩越式按摩台式按摩中式按摩休閒舒壓經絡按摩中式推拿刮痧精油按摩芳療SPA泰式SPA",25.018872220544,121.308797831325
"127","怡佳養生館","320台灣桃園市中壢區中山東路三段252號","全身按摩肩頸按摩背部按摩指壓油壓泰式按摩越式按摩台式按摩中式按摩休閒舒壓經絡按摩中式推拿刮痧精油按摩芳療SPA泰式SPA",24.941687297514,121.25034671335
"128","棠樺健康養生館","900台灣屏東縣屏東市永大路94號","全身按摩腳底按摩肩頸按摩背部按摩指壓油壓台式按摩中式按摩經絡按摩中式推拿精油按摩",22.65932201066,120.4773270341
"129","蔓谷城SPA泰式養生館","326台灣桃園市楊梅區永美路362號","全身按摩腳底按摩肩頸按摩背部按摩指壓油壓泰式按摩泰式古法休閒舒壓經絡按摩精油按摩足湯芳療SPA泰式SPA被動式瑜伽全身去角質踩背",24.916906997057,121.181236999659
"130","拾壹養生館","326台灣桃園市楊梅區永美路309號","全身按摩肩頸按摩背部按摩指壓油壓泰式按摩越式按摩台式按摩中式按摩休閒舒壓經絡按摩中式推拿拔罐刮痧精油按摩局部護理臉部護膚芳療SPA泰式SPA",24.917532496582,121.182452710896
"131","桐心養生館","351台灣苗栗縣頭份市自強路二段627號","全身按摩肩頸按摩背部按摩指壓油壓泰式按摩越式按摩台式按摩中式按摩休閒舒壓經絡按摩中式推拿刮痧精油按摩芳療SPA泰式SPA被動式瑜伽",24.68223399235,120.882514017114
"132","茜蓉養生溫罐按摩館","300台灣新竹市東區建中一路23巷3號","全身按摩肩頸按摩背部按摩指壓油壓台式按摩中式按摩休閒舒壓經絡按摩中式推拿精油按摩局部護理薰香耳燭汗蒸",24.800443008915,120.993622011036
"133","明星池SPA舒壓會館","542台灣南投縣草屯鎮成功路一段95號","全身按摩肩頸按摩背部按摩指壓油壓泰式按摩越式按摩台式按摩中式按摩休閒舒壓經絡按摩中式推拿刮痧精油按摩局部護理芳療SPA泰式SPA被動式瑜伽踩背",23.976848015551,120.679790983293
"134","甜夜養生會館","542台灣南投縣草屯鎮成功路一段68號","全身按摩肩頸按摩背部按摩指壓油壓泰式按摩越式按摩台式按摩中式按摩休閒舒壓經絡按摩中式推拿刮痧精油按摩局部護理芳療SPA泰式SPA被動式瑜伽",23.976167991746,120.680681979601
"135","安奕越式洗頭養生天堂","401台灣台中市東區十甲東路418號","全身按摩腳底按摩肩頸按摩背部按摩指壓油壓泰式按摩越式按摩休閒舒壓精油按摩臉部護膚臉部按摩足湯薰香耳燭除毛美甲美睫洗頭",24.136420089815,120.706339236678
"136","錢億時尚足體館","338台灣桃園市蘆竹區南山路一段95-1號","全身按摩腳底按摩肩頸按摩背部按摩指壓油壓泰式按摩越式按摩台式按摩中式按摩休閒舒壓經絡按摩中式推拿刮痧精油按摩芳療SPA泰式SPA被動式瑜伽",25.052894994175,121.291436982011
"137","金玉越式洗髮","338台灣桃園市蘆竹區南山路一段89-1號","全身按摩半身按摩腳底按摩肩頸按摩背部按摩指壓油壓泰式按摩越式按摩休閒舒壓拔罐刮痧精油按摩局部護理臉部護膚臉部按摩足湯芳療SPA薰香耳燭美甲美睫洗頭",25.05267299947,121.291551981723
"138","威龍泰式養生館","326台灣桃園市楊梅區永美路177號","全身按摩腳底按摩肩頸按摩背部按摩指壓油壓泰式按摩泰式古法休閒舒壓經絡按摩精油按摩足湯芳療SPA泰式SPA被動式瑜伽踩背",24.919979593214,121.184881702617
"139","男女純按摩","830台灣高雄市鳳山區武營路52巷24號","全身按摩肩頸按摩背部按摩指壓油壓泰式按摩越式按摩台式按摩中式按摩休閒舒壓經絡按摩拔罐刮痧精油按摩局部護理芳療SPA泰式SPA",22.607085990071,120.338476030314
"140","岑欣泰式推拿美容坊","900台灣屏東縣屏東市廣勝路365號","全身按摩半身按摩腳底按摩肩頸按摩背部按摩油壓泰式按摩越式按摩台式按摩中式按摩休閒舒壓經絡按摩中式推拿拔罐刮痧精油按摩臉部護膚芳療SPA美容SPA泰式SPA踩背美甲",22.689335007542,120.477102985828
"141","舒妃(舊9453)","403台灣台中市北區五權路227號","全身按摩半身按摩指壓泰式按摩歐式按摩越式按摩台式按摩中式按摩休閒舒壓局部護理芳療SPA泰式SPA被動式瑜伽",24.150005017477,120.675640013384
"142","水夜閣SPA時尚會館(舊彩鑽)","510台灣彰化縣員林市員集路一段30號","全身按摩半身按摩肩頸按摩背部按摩指壓油壓泰式按摩越式按摩台式按摩中式按摩休閒舒壓經絡按摩中式推拿刮痧精油按摩局部護理芳療SPA泰式SPA被動式瑜伽",23.956833,120.596326
"143","美麗夢幻男女養生館","252台灣新北市三芝區長安街31號","全身按摩腳底按摩肩頸按摩背部按摩指壓油壓泰式按摩泰式古法休閒舒壓經絡按摩刮痧精油按摩芳療SPA美容SPA泰式SPA被動式瑜伽踩背",25.256162516426,121.501463168069
"144","116泰式按摩工作室","412台灣台中市大里區大里二街116號","全身按摩腳底按摩肩頸按摩背部按摩指壓油壓泰式按摩泰式古法休閒舒壓經絡按摩精油按摩局部護理足湯芳療SPA泰式SPA被動式瑜伽踩背",24.102216979536,120.685395961947
"145","舒晴SPA泰式養生館","813台灣高雄市左營區曾子路426號","全身按摩肩頸按摩背部按摩指壓油壓泰式按摩越式按摩休閒舒壓拔罐刮痧精油按摩局部護理芳療SPA泰式SPA被動式瑜伽踩背洗頭",22.682687990685,120.303706973933
"146","新都會時尚SPA會館","542台灣南投縣草屯鎮成功路一段473號","全身按摩半身按摩肩頸按摩背部按摩指壓油壓泰式按摩越式按摩台式按摩中式按摩休閒舒壓經絡按摩中式推拿刮痧局部護理芳療SPA泰式SPA被動式瑜伽",23.98522698506,120.682104975303
"147","尊爵LV美容旗艦會館","632台灣雲林縣虎尾鎮文科路60號","全身按摩肩頸按摩背部按摩指壓油壓泰式按摩越式按摩台式按摩中式按摩休閒舒壓精油按摩局部護理芳療SPA泰式SPA",23.710590993851,120.444959979712
"148","傳說SPA會館","730台灣台南市新營區長榮路二段1049號","全身按摩半身按摩肩頸按摩背部按摩指壓油壓泰式按摩越式按摩台式按摩中式按摩休閒舒壓經絡按摩中式推拿刮痧精油按摩局部護理芳療SPA泰式SPA被動式瑜伽踩背",23.310265011764,120.296459980447
"149","情人美容美體","730台灣台南市新營區民生路598號","全身按摩半身按摩肩頸按摩背部按摩指壓油壓泰式按摩越式按摩台式按摩中式按摩休閒舒壓經絡按摩中式推拿刮痧精油按摩局部護理芳療SPA泰式SPA被動式瑜伽踩背",23.31582300985,120.303117977596
"150","蒂亞男女SPA會館 Tia SPA","807台灣高雄市三民區聯興路123號","全身按摩半身按摩肩頸按摩背部按摩指壓油壓泰式按摩歐式按摩越式按摩台式按摩中式按摩休閒舒壓經絡按摩中式推拿滑罐拔罐刮痧精油按摩局部護理芳療SPA泰式SPA全身去角質踩背除毛",22.658607998238,120.313919987676
"151","進來座SPA會館","510台灣彰化縣員林市中山路一段127號","全身按摩半身按摩肩頸按摩背部按摩指壓油壓泰式按摩越式按摩台式按摩中式按摩休閒舒壓經絡按摩中式推拿刮痧精油按摩局部護理芳療SPA泰式SPA被動式瑜伽踩背",23.944970380489,120.562517093756
"152","豪客美容名店","900台灣屏東縣屏東市中正路662號","全身按摩半身按摩肩頸按摩背部按摩指壓油壓泰式按摩越式按摩台式按摩中式按摩休閒舒壓經絡按摩中式推拿刮痧精油按摩局部護理芳療SPA泰式SPA被動式瑜伽踩背",22.688407005131,120.498207025462
"153","水亮亮養生館","640台灣雲林縣斗六市明德北路二段85號","全身按摩半身按摩肩頸按摩背部按摩指壓油壓泰式按摩越式按摩台式按摩中式按摩休閒舒壓經絡按摩中式推拿刮痧精油按摩局部護理芳療SPA泰式SPA被動式瑜伽踩背",23.717111988793,120.539035024372
"154","悅媚養生館","900台灣屏東縣屏東市永大路96號","全身按摩半身按摩肩頸按摩背部按摩指壓油壓泰式按摩越式按摩台式按摩中式按摩休閒舒壓經絡按摩中式推拿刮痧精油按摩局部護理芳療SPA泰式SPA被動式瑜伽踩背",22.659285004558,120.477310018836
"155","茉莉美容會館","115台灣台北市南港區忠孝東路六段476號","全身按摩肩頸按摩背部按摩指壓油壓泰式按摩越式按摩台式按摩中式按摩休閒舒壓經絡按摩中式推拿刮痧精油按摩局部護理芳療SPA泰式SPA被動式瑜伽踩背",25.05045598608,121.594912000743
"156","皇后SPA養生會館","710台灣台南市永康區文化路140號","全身按摩肩頸按摩背部按摩指壓油壓泰式按摩越式按摩台式按摩中式按摩休閒舒壓經絡按摩中式推拿刮痧精油按摩局部護理芳療SPA泰式SPA被動式瑜伽踩背",23.015822499532,120.257221777112
"157","印象SPA會館","100台灣台北市中正區懷寧街17號","全身按摩半身按摩肩頸按摩背部按摩指壓油壓泰式按摩歐式按摩越式按摩台式按摩中式按摩休閒舒壓經絡按摩中式推拿刮痧精油按摩局部護理芳療SPA泰式SPA被動式瑜伽踩背",25.045485014583,121.51428898867
"158","華興SPA養生館","807台灣高雄市三民區建國一路434號","全身按摩半身按摩肩頸按摩背部按摩指壓油壓泰式按摩越式按摩台式按摩中式按摩休閒舒壓經絡按摩中式推拿刮痧精油按摩局部護理芳療SPA泰式SPA被動式瑜伽踩背",22.634344986935,120.318312021121
"159","富月養生會館","928台灣屏東縣東港鎮大東路303號","全身按摩半身按摩肩頸按摩背部按摩指壓油壓泰式按摩越式按摩台式按摩中式按摩休閒舒壓經絡按摩中式推拿刮痧精油按摩局部護理芳療SPA泰式SPA被動式瑜伽",22.46074298977,120.466363001832
"160","曼尼越式洗髮","812台灣高雄市小港區大鵬路164號","全身按摩半身按摩腳底按摩肩頸按摩背部按摩指壓泰式按摩越式按摩休閒舒壓局部護理臉部護膚臉部按摩修凍甲美容SPA被動式瑜伽美甲洗頭",22.56946100973,120.358588993716
"161","茉莉美容會館","811台灣高雄市楠梓區右昌街496號","全身按摩半身按摩肩頸按摩背部按摩指壓油壓泰式按摩越式按摩台式按摩中式按摩休閒舒壓經絡按摩中式推拿刮痧精油按摩局部護理芳療SPA泰式SPA被動式瑜伽踩背",22.717343011274,120.287075014919
"162","金沙SPA舒壓會館","513台灣彰化縣埔心鄉中山路94號","全身按摩半身按摩肩頸按摩背部按摩指壓油壓泰式按摩越式按摩台式按摩中式按摩休閒舒壓經絡按摩中式推拿刮痧精油按摩局部護理芳療SPA泰式SPA被動式瑜伽踩背",23.939271985525,120.559568004943
"163","艾莉佳養生館","324台灣桃園市平鎮區中豐路一段229號","全身按摩肩頸按摩背部按摩指壓油壓泰式按摩越式按摩台式按摩中式按摩休閒舒壓經絡按摩中式推拿拔罐刮痧精油按摩局部護理芳療SPA泰式SPA被動式瑜伽踩背",24.926963981673,121.213225024386
"164","水姑娘生活館","324台灣桃園市平鎮區中豐路南勢一段27號","全身按摩肩頸按摩背部按摩指壓油壓泰式按摩越式按摩台式按摩中式按摩休閒舒壓經絡按摩中式推拿拔罐刮痧精油按摩局部護理芳療SPA泰式SPA被動式瑜伽踩背",24.924104998319,121.212197403057
"165","越姑娘養生館","326台灣桃園市楊梅區永美路421號","全身按摩肩頸按摩背部按摩指壓油壓泰式按摩越式按摩台式按摩中式按摩休閒舒壓經絡按摩中式推拿刮痧精油按摩局部護理芳療SPA泰式SPA被動式瑜伽踩背",24.914327298717,121.17884337957
"166","愛朵拉SPA美學館","234台灣新北市永和區秀朗路二段114號","全身按摩腳底按摩肩頸按摩背部按摩指壓油壓泰式按摩越式按摩台式按摩中式按摩休閒舒壓經絡按摩中式推拿精油按摩局部護理芳療SPA泰式SPA被動式瑜伽",25.001523315442,121.524329838121
"167","百香閣男女養生館","542台灣南投縣草屯鎮中正路1782號","全身按摩肩頸按摩背部按摩指壓油壓泰式按摩越式按摩台式按摩中式按摩休閒舒壓經絡按摩中式推拿刮痧精油按摩芳療SPA泰式SPA被動式瑜伽踩背",24.003848304974,120.694553107347
"168","夜香妃男女足體SPA館","542台灣南投縣草屯鎮中正路1772號","全身按摩肩頸按摩背部按摩指壓油壓泰式按摩越式按摩台式按摩中式按摩休閒舒壓經絡按摩中式推拿刮痧精油按摩局部護理芳療SPA泰式SPA被動式瑜伽踩背",24.003498989159,120.694475993837
"169","尚豪SPA舒壓會館","542台灣南投縣草屯鎮中正路1766號","全身按摩肩頸按摩背部按摩指壓油壓泰式按摩越式按摩台式按摩中式按摩休閒舒壓經絡按摩中式推拿刮痧精油按摩局部護理芳療SPA泰式SPA被動式瑜伽踩背",24.003224984744,120.694267032991
"170","芯越閣越式養生館","500台灣彰化縣彰化市中華西路352號","全身按摩肩頸按摩背部按摩指壓油壓泰式按摩越式按摩台式按摩中式按摩休閒舒壓經絡按摩中式推拿刮痧精油按摩局部護理芳療SPA泰式SPA被動式瑜伽踩背",24.07012501921,120.527650974937
"171","鑫悅閣養生館","542台灣南投縣草屯鎮成功路一段567號","全身按摩肩頸按摩背部按摩指壓油壓泰式按摩越式按摩台式按摩中式按摩休閒舒壓經絡按摩中式推拿刮痧精油按摩局部護理芳療SPA泰式SPA被動式瑜伽踩背",23.986655219452,120.682894802039
"172","天月健康美容事業","542台灣南投縣草屯鎮博愛路546-1號","全身按摩肩頸按摩背部按摩指壓油壓泰式按摩越式按摩台式按摩中式按摩休閒舒壓經絡按摩中式推拿刮痧精油按摩局部護理芳療SPA泰式SPA被動式瑜伽",23.986765902483,120.681422604565
"173","越亮養生館","542台灣南投縣草屯鎮太平路二段79號","全身按摩肩頸按摩背部按摩指壓油壓泰式按摩越式按摩台式按摩中式按摩休閒舒壓經絡按摩中式推拿精油按摩局部護理芳療SPA泰式SPA被動式瑜伽",23.971177406596,120.682913326045
"174","雅姿男女養生館","542台灣南投縣草屯鎮芬草路二段639號","全身按摩半身按摩肩頸按摩背部按摩指壓油壓泰式按摩越式按摩台式按摩中式按摩休閒舒壓經絡按摩中式推拿刮痧精油按摩局部護理芳療SPA泰式SPA被動式瑜伽踩背",23.996536980381,120.663357004832
"175","羽虹養生館","514台灣彰化縣溪湖鎮二溪路七段794號","全身按摩肩頸按摩背部按摩指壓油壓泰式按摩越式按摩台式按摩中式按摩休閒舒壓經絡按摩中式推拿精油按摩芳療SPA泰式SPA被動式瑜伽",23.95614525449,120.447959027394
"176","祺媚男女養生館","514台灣彰化縣溪湖鎮員鹿路一段284號","全身按摩肩頸按摩背部按摩指壓油壓泰式按摩台式按摩中式按摩休閒舒壓經絡按摩中式推拿刮痧精油按摩局部護理芳療SPA泰式SPA被動式瑜伽",23.953943170772,120.49861085305
"177","嘉樂養生館","116台灣台北市文山區羅斯福路六段206號","全身按摩肩頸按摩背部按摩指壓油壓泰式按摩越式按摩台式按摩中式按摩休閒舒壓經絡按摩中式推拿精油按摩芳療SPA泰式SPA被動式瑜伽",24.993591017552,121.540794997262
"178","金來洗足體館","244台灣新北市林口區文化二路二段48號","全身按摩腳底按摩肩頸按摩背部按摩指壓油壓東方指壓台式按摩中式按摩休閒舒壓經絡按摩中式推拿刮痧精油按摩足湯芳療SPA",25.079928016491,121.377576866734
"179","魅力美容生活館","351台灣苗栗縣頭份市自強路117號2樓","全身按摩半身按摩肩頸按摩背部按摩指壓泰式按摩越式按摩台式按摩中式按摩休閒舒壓精油按摩局部護理芳療SPA泰式SPA歐式SPA被動式瑜伽踩背",24.687902002916,120.90866396246
"180","夜香妃男女養生館","514台灣彰化縣溪湖鎮東環路589號","全身按摩半身按摩肩頸按摩背部按摩指壓油壓泰式按摩越式按摩台式按摩中式按摩休閒舒壓經絡按摩中式推拿刮痧精油按摩局部護理芳療SPA泰式SPA被動式瑜伽踩背",23.964051992616,120.480751963556
"181","傳奇SPA會館","704台灣台南市北區西門路四段367號8樓","全身按摩半身按摩肩頸按摩背部按摩指壓油壓泰式按摩越式按摩台式按摩中式按摩休閒舒壓精油按摩局部護理芳療SPA泰式SPA被動式瑜伽踩背",23.016194614124,120.210288735205
"182","開心美容養生館","514台灣彰化縣溪湖鎮彰水路一段86號","全身按摩肩頸按摩背部按摩指壓油壓泰式按摩越式按摩台式按摩中式按摩休閒舒壓經絡按摩中式推拿刮痧精油按摩局部護理芳療SPA泰式SPA被動式瑜伽",23.924128987791,120.476074023394
"183","欣戀美容美體","514台灣彰化縣溪湖鎮東環路104號","全身按摩肩頸按摩背部按摩指壓油壓泰式按摩越式按摩台式按摩中式按摩休閒舒壓經絡按摩中式推拿刮痧精油按摩局部護理芳療SPA泰式SPA被動式瑜伽",23.954362009631,120.481371972934
"184","友緣養生館","514台灣彰化縣溪湖鎮彰水路二段426號","全身按摩肩頸按摩背部按摩指壓油壓泰式按摩越式按摩台式按摩中式按摩休閒舒壓經絡按摩中式推拿刮痧精油按摩芳療SPA泰式SPA被動式瑜伽踩背",23.945112998572,120.481124036238
"185","采澐男女養生館","514台灣彰化縣溪湖鎮彰水路一段80號","全身按摩肩頸按摩背部按摩指壓油壓泰式按摩越式按摩台式按摩中式按摩休閒舒壓經絡按摩中式推拿刮痧精油按摩芳療SPA泰式SPA被動式瑜伽",23.924015999736,120.476017026452
"186","幸福養生館","514台灣彰化縣溪湖鎮彰水路一段178號","全身按摩肩頸按摩背部按摩指壓油壓泰式按摩越式按摩台式按摩中式按摩休閒舒壓經絡按摩中式推拿刮痧精油按摩芳療SPA泰式SPA",23.925459992106,120.476790005563
"187","麗麗泰式養生館","514台灣彰化縣溪湖鎮彰水路四段313號","全身按摩肩頸按摩背部按摩指壓油壓泰式按摩休閒舒壓經絡按摩精油按摩芳療SPA泰式SPA被動式瑜伽踩背",23.972088980475,120.479444973394
"188","香格里拉養生會館","508台灣彰化縣和美鎮平等路58號","全身按摩肩頸按摩背部按摩指壓油壓泰式按摩越式按摩台式按摩中式按摩休閒舒壓經絡按摩中式推拿刮痧精油按摩芳療SPA泰式SPA被動式瑜伽踩背",24.113889995084,120.49304603622
"189","水漾SPA會館","830台灣高雄市鳳山區建國路三段261號","全身按摩半身按摩肩頸按摩背部按摩指壓油壓泰式按摩越式按摩台式按摩中式按摩休閒舒壓刮痧精油按摩局部護理芳療SPA泰式SPA被動式瑜伽",22.637123001105,120.351456999942
"190","紫金城泰式養生館","503台灣彰化縣花壇鄉中山路二段329號","全身按摩肩頸按摩背部按摩指壓油壓泰式按摩越式按摩台式按摩中式按摩休閒舒壓經絡按摩中式推拿刮痧精油按摩局部護理芳療SPA泰式SPA被動式瑜伽踩背",24.032659504578,120.536711141717
"191","千逸足體養生館","508台灣彰化縣和美鎮彰美路四段100-1號","全身按摩肩頸按摩背部按摩指壓油壓泰式按摩越式按摩台式按摩中式按摩休閒舒壓經絡按摩中式推拿精油按摩芳療SPA泰式SPA",24.103743994657,120.513742966817
"192","足勇健調理養生館","508台灣彰化縣和美鎮忠全路256巷1號","全身按摩半身按摩腳底按摩肩頸按摩背部按摩指壓油壓東方指壓台式按摩中式按摩休閒舒壓經絡按摩中式推拿拔罐刮痧精油按摩修凍甲修腳皮芳療SPA",24.114628985578,120.501863965998
"193","皇妃殿養生館(舊泰妃殿)","508台灣彰化縣和美鎮和線路188號","全身按摩腳底按摩肩頸按摩背部按摩指壓油壓泰式按摩泰式古法休閒舒壓經絡按摩精油按摩芳療SPA泰式SPA被動式瑜伽踩背",24.115682381259,120.490636574333
"194","千逸養生會館","702台灣台南市南區夏林路242號","全身按摩腳底按摩肩頸按摩背部按摩指壓油壓台式按摩中式按摩休閒舒壓經絡按摩中式推拿拔罐刮痧精油按摩足湯芳療SPA",22.97874301345,120.194897968413
"195","小真美容","508台灣彰化縣和美鎮彰美路三段253號2樓","全身按摩肩頸按摩背部按摩指壓油壓泰式按摩台式按摩中式按摩休閒舒壓經絡按摩中式推拿精油按摩芳療SPA泰式SPA",24.101820012602,120.520416973401
"196","小蘋果養生會館","508台灣彰化縣和美鎮道周路66號","全身按摩肩頸按摩背部按摩指壓油壓泰式按摩越式按摩台式按摩中式按摩休閒舒壓經絡按摩中式推拿刮痧精油按摩局部護理芳療SPA泰式SPA被動式瑜伽踩背",24.106497994674,120.501806969057
"197","雅竹按摩養生會館","638台灣雲林縣麥寮鄉中山路428號","全身按摩肩頸按摩背部按摩指壓油壓泰式按摩越式按摩台式按摩中式按摩休閒舒壓經絡按摩中式推拿拔罐刮痧精油按摩臉部護膚芳療SPA美容SPA泰式SPA",23.750590190175,120.250565121067
"198","花都男女按摩坊","638台灣雲林縣麥寮鄉自強路83號","全身按摩肩頸按摩背部按摩指壓油壓泰式按摩台式按摩中式按摩休閒舒壓經絡按摩中式推拿精油按摩芳療SPA",23.746610001543,120.256223995358
"199","約瑟芬SPA健康生活館","651台灣雲林縣北港鎮大同路234號","全身按摩肩頸按摩背部按摩指壓油壓泰式按摩越式按摩台式按摩中式按摩休閒舒壓經絡按摩中式推拿刮痧精油按摩芳療SPA泰式SPA美睫",23.572022292564,120.3011612223
"200","足功夫足體養生會館","651台灣雲林縣北港鎮華勝路177號","全身按摩半身按摩腳底按摩肩頸按摩背部按摩指壓東方指壓台式按摩中式按摩休閒舒壓經絡按摩中式推拿拔罐刮痧修凍甲修腳皮足湯",23.577620020871,120.297966962819
"201","泰輕鬆泰國古式養生會館-東英店","401台灣台中市東區東英七街8號","全身按摩肩頸按摩背部按摩指壓油壓泰式按摩泰式古法休閒舒壓經絡按摩精油按摩芳療SPA泰式SPA被動式瑜伽踩背",24.140961614503,120.702584898426
"202","泰輕鬆泰國古式養生會館-樂業店","401台灣台中市東區樂業路208-1號","全身按摩腳底按摩肩頸按摩背部按摩指壓油壓泰式按摩泰式古法休閒舒壓經絡按摩精油按摩足湯芳療SPA泰式SPA被動式瑜伽踩背",24.138778002997,120.698329992918
"203","月香 養生館","651台灣雲林縣北港鎮民享路63號","全身按摩肩頸按摩背部按摩指壓油壓泰式按摩越式按摩台式按摩中式按摩休閒舒壓經絡按摩中式推拿刮痧精油按摩局部護理芳療SPA泰式SPA",23.574038014549,120.298478007456
"204","凱莉泰式按摩","302台灣新竹縣竹北市三民路489號","全身按摩肩頸按摩背部按摩指壓油壓泰式按摩泰式古法穴道按摩休閒舒壓經絡按摩精油按摩芳療SPA泰式SPA被動式瑜伽踩背",24.835894980857,121.007456006951
"205","紅蘋果健康養生館","427台灣台中市潭子區潭興路二段502號","全身按摩肩頸按摩背部按摩指壓油壓泰式按摩台式按摩中式按摩休閒舒壓經絡按摩中式推拿精油按摩芳療SPA泰式SPA",24.211588997492,120.706523219452
"206","凱莉泰式養身館","630台灣雲林縣斗南鎮長安路二段193號","全身按摩腳底按摩肩頸按摩背部按摩指壓油壓泰式按摩泰式古法越式按摩台式按摩中式按摩休閒舒壓經絡按摩中式推拿拔罐刮痧精油按摩局部護理臉部護膚踩背",23.67121821906,120.475480333192
"207","123 經絡會館","630台灣雲林縣斗南鎮建國二路197號","全身按摩肩頸按摩背部按摩指壓油壓泰式按摩越式按摩台式按摩中式按摩休閒舒壓經絡按摩中式推拿拔罐刮痧精油按摩局部護理芳療SPA泰式SPA踩背",23.679393885508,120.469809891875
"208","水云都舒壓生活館","630台灣雲林縣斗南鎮大業路163號","全身按摩肩頸按摩背部按摩指壓油壓泰式按摩越式按摩台式按摩中式按摩休閒舒壓經絡按摩中式推拿刮痧精油按摩局部護理芳療SPA泰式SPA",23.693152989118,120.469337990726
"209","紅殿養生館","801台灣高雄市前金區中華四路311號","全身按摩腳底按摩背部按摩指壓油壓泰式按摩越式按摩台式按摩中式按摩休閒舒壓經絡按摩中式推拿刮痧精油按摩足湯芳療SPA泰式SPA",22.62023401103,120.299153002118
"210","時雨美容舒壓SPA(板橋店)","220台灣新北市板橋區南雅南路一段15號","全身按摩半身按摩肩頸按摩背部按摩指壓油壓泰式按摩越式按摩台式按摩中式按摩休閒舒壓經絡按摩中式推拿刮痧精油按摩局部護理芳療SPA泰式SPA被動式瑜伽踩背",25.006969708487,121.456471374937
"211","涵羽養生會館","648台灣雲林縣西螺鎮大同路59號","全身按摩半身按摩腳底按摩肩頸按摩背部按摩指壓油壓台式按摩中式按摩休閒舒壓經絡按摩中式推拿拔罐刮痧修凍甲修腳皮",23.797309996466,120.466541033455
"212","亭亭養生會館","648台灣雲林縣西螺鎮大同路12-1號","全身按摩半身按摩肩頸按摩背部按摩指壓油壓泰式按摩越式按摩台式按摩中式按摩休閒舒壓經絡按摩中式推拿刮痧精油按摩局部護理芳療SPA泰式SPA被動式瑜伽踩背",23.79572891807,120.467665214309
"213","愛苓SPA會館","800台灣高雄市新興區七賢一路432號3樓","全身按摩半身按摩肩頸按摩背部按摩指壓油壓泰式按摩越式按摩台式按摩中式按摩休閒舒壓精油按摩局部護理芳療SPA泰式SPA歐式SPA被動式瑜伽踩背",22.63450298581,120.305383019292
"214","盧教授養生館","632台灣雲林縣虎尾鎮林森路二段529號","全身按摩半身按摩腳底按摩肩頸按摩背部按摩指壓東方指壓台式按摩中式按摩休閒舒壓經絡按摩中式推拿拔罐刮痧局部護理修凍甲修腳皮足湯",23.697737680607,120.423939172376
"215","美雪養生館","648台灣雲林縣西螺鎮公正路147號","全身按摩腳底按摩肩頸按摩背部按摩指壓油壓泰式按摩越式按摩台式按摩中式按摩休閒舒壓經絡按摩中式推拿拔罐刮痧精油按摩足湯芳療SPA泰式SPA",23.798324416298,120.461948337248
"216","健康主義SPA會館-西平店","640台灣雲林縣斗六市西平路340-1號","全身按摩半身按摩肩頸按摩背部按摩美胸按摩指壓油壓泰式按摩歐式按摩瑞典式按摩台式按摩中式按摩休閒舒壓經絡按摩中式推拿拔罐刮痧精油按摩局部護理孕婦按摩芳療SPA泰式SPA歐式SPA太空艙",23.715035581829,120.531573621804
"217","潔悅養生館","235台灣新北市中和區保健路19巷25號","全身按摩腳底按摩肩頸按摩背部按摩指壓油壓泰式按摩台式按摩中式按摩休閒舒壓經絡按摩中式推拿刮痧精油按摩足湯芳療SPA泰式SPA美髮洗頭",24.998689016792,121.508475971179
"218","悦娘養生館","717台灣台南市仁德區中山路459號","全身按摩半身按摩肩頸按摩背部按摩指壓油壓泰式按摩越式按摩台式按摩中式按摩休閒舒壓經絡按摩中式推拿刮痧精油按摩局部護理芳療SPA泰式SPA被動式瑜伽踩背",22.970999015016,120.255762990683
"219","足博士養生會館","640台灣雲林縣斗六市大學路二段467號","全身按摩腳底按摩肩頸按摩背部按摩指壓台式按摩中式按摩休閒舒壓經絡按摩中式推拿拔罐刮痧臉部護膚臉部按摩修凍甲修腳皮足湯美容SPA掏耳朵",23.697751007833,120.543157998725
"220","采琳美學館","510台灣彰化縣員林市莒光路726號","全身按摩半身按摩肩頸按摩背部按摩指壓油壓泰式按摩越式按摩台式按摩中式按摩休閒舒壓經絡按摩中式推拿精油按摩局部護理芳療SPA泰式SPA被動式瑜伽踩背",23.969894011491,120.568654993814
"221","玉源美容休閒會館","236台灣新北市土城區金城路二段364號","全身按摩半身按摩肩頸按摩背部按摩指壓油壓泰式按摩越式按摩台式按摩中式按摩休閒舒壓經絡按摩中式推拿刮痧精油按摩局部護理芳療SPA泰式SPA被動式瑜伽踩背",24.98510501114,121.462428980257
"222","禾之嵐養生館","239台灣新北市鶯歌區永和街16-2號","全身按摩半身按摩肩頸按摩背部按摩指壓油壓泰式按摩越式按摩台式按摩中式按摩休閒舒壓經絡按摩中式推拿刮痧精油按摩局部護理芳療SPA泰式SPA被動式瑜伽踩背",24.967328503247,121.332557425523
"223","寶妮兒經絡美容SPA館","600台灣嘉義市東區民權路52號","全身按摩腳底按摩肩頸按摩背部按摩指壓油壓泰式按摩台式按摩中式按摩休閒舒壓經絡按摩中式推拿拔罐刮痧精油按摩局部護理芳療SPA泰式SPA",23.484129991142,120.462328959472
"224","皇嘉養生會館(舊芊予)","811台灣高雄市楠梓區德信街18號","全身按摩半身按摩肩頸按摩背部按摩指壓油壓泰式按摩越式按摩台式按摩中式按摩休閒舒壓經絡按摩中式推拿刮痧精油按摩局部護理芳療SPA泰式SPA被動式瑜伽踩背",22.726534983482,120.299625992915
"225","虹橋養身會館(舊尚愛)","300台灣新竹市北區中正路507號","全身按摩腳底按摩肩頸按摩背部按摩指壓油壓泰式按摩越式按摩台式按摩中式按摩休閒舒壓經絡按摩中式推拿刮痧精油按摩芳療SPA泰式SPA被動式瑜伽",24.81627499909,120.957527021392
"226","衣媚兒養身館","600台灣嘉義市東區博東路263號","全身按摩腳底按摩肩頸按摩背部按摩指壓油壓泰式按摩台式按摩中式按摩休閒舒壓經絡按摩中式推拿精油按摩局部護理臉部按摩芳療SPA泰式SPA",23.490549984151,120.458170026754
"227","活麗養生館","608台灣嘉義縣水上鄉中山路二段416號","全身按摩肩頸按摩背部按摩指壓油壓泰式按摩台式按摩中式按摩休閒舒壓經絡按摩中式推拿刮痧精油按摩局部護理芳療SPA泰式SPA被動式瑜伽",23.434051011425,120.398977026529
"228","喜來登SPA養生館","710台灣台南市永康區永安路127號","全身按摩肩頸按摩背部按摩指壓油壓泰式按摩越式按摩台式按摩中式按摩休閒舒壓經絡按摩中式推拿刮痧精油按摩局部護理芳療SPA泰式SPA被動式瑜伽踩背",23.044622006381,120.24507296283
"229","星悅SPA健康養生館","802台灣高雄市苓雅區建國一路74-30號","全身按摩半身按摩肩頸按摩背部按摩指壓油壓泰式按摩越式按摩台式按摩中式按摩休閒舒壓經絡按摩中式推拿刮痧精油按摩局部護理芳療SPA泰式SPA被動式瑜伽踩背",22.631388983052,120.334100006304
"230","愛琴海SPA養生會館","333台灣桃園市龜山區文化二路34巷14弄20號","全身按摩肩頸按摩背部按摩指壓油壓泰式按摩越式按摩台式按摩中式按摩休閒舒壓經絡按摩中式推拿刮痧精油按摩局部護理芳療SPA泰式SPA被動式瑜伽",25.059483002433,121.36455500562
"231","維也納SPA","830台灣高雄市鳳山區五甲一路502號","全身按摩半身按摩肩頸按摩背部按摩指壓油壓泰式按摩越式按摩台式按摩中式按摩休閒舒壓精油按摩局部護理芳療SPA泰式SPA被動式瑜伽踩背",22.612347017327,120.350213963701
"232","LOTUS SPA 越式養生洗頭","710台灣台南市永康區永大路二段82號","全身按摩半身按摩肩頸按摩背部按摩指壓油壓泰式按摩越式按摩休閒舒壓經絡按摩精油按摩局部護理臉部護膚臉部按摩芳療SPA泰式SPA被動式瑜伽洗頭",23.00151471654,120.260433973866
"233","搖搖泰式養生會館","704台灣台南市北區公園南路91號","全身按摩腳底按摩肩頸按摩背部按摩指壓油壓泰式按摩泰式古法越式按摩台式按摩中式按摩休閒舒壓經絡按摩中式推拿精油按摩局部護理芳療SPA泰式SPA被動式瑜伽踩背",23.000483993907,120.210471041599
"234","活悦健康美學","704台灣台南市北區文成一路46號","全身按摩肩頸按摩背部按摩指壓油壓東方指壓台式按摩中式按摩休閒舒壓經絡按摩中式推拿精油按摩芳療SPA",23.01386800735,120.208346983515
"235","棋燐園養生館","704台灣台南市北區北門路二段548號","全身按摩半身按摩肩頸按摩背部按摩指壓油壓泰式按摩越式按摩台式按摩中式按摩休閒舒壓經絡按摩中式推拿刮痧精油按摩局部護理芳療SPA泰式SPA被動式瑜伽踩背",23.010150381834,120.216237874802
"236","樂嬡SPA養生館","802台灣高雄市苓雅區正言路78-1號","全身按摩半身按摩肩頸按摩背部按摩指壓油壓泰式按摩越式按摩台式按摩中式按摩休閒舒壓經絡按摩中式推拿刮痧精油按摩局部護理芳療SPA泰式SPA被動式瑜伽",22.632526994046,120.331114959126
"237","彩虹養生會館","704台灣台南市北區公園路646號","全身按摩半身按摩肩頸按摩背部按摩指壓油壓泰式按摩越式按摩台式按摩中式按摩休閒舒壓經絡按摩中式推拿刮痧精油按摩局部護理芳療SPA泰式SPA被動式瑜伽",23.007699010432,120.209958991134
"238","樂樂養生館","722台灣台南市佳里區佳東路345號","全身按摩半身按摩肩頸按摩背部按摩指壓油壓泰式按摩越式按摩台式按摩中式按摩休閒舒壓經絡按摩中式推拿刮痧精油按摩局部護理芳療SPA泰式SPA被動式瑜伽",23.161399980616,120.182664999823
"239","泰輕鬆泰式養生館","722台灣台南市佳里區佳北路453號","全身按摩肩頸按摩背部按摩指壓油壓泰式按摩泰式古法越式按摩休閒舒壓經絡按摩中式推拿精油按摩局部護理芳療SPA泰式SPA被動式瑜伽踩背",23.169880999797,120.171103002583
"240","華薇推拿會館","741台灣台南市善化區進學路986號","全身按摩半身按摩肩頸按摩背部按摩指壓油壓泰式按摩越式按摩台式按摩中式按摩休閒舒壓經絡按摩中式推拿刮痧精油按摩局部護理芳療SPA泰式SPA被動式瑜伽踩背",23.135457101841,120.289149080228
"241","足漾足體館","744台灣台南市新市區中華路148號","全身按摩半身按摩腳底按摩肩頸按摩頸胸按摩背部按摩指壓油壓台式按摩中式按摩休閒舒壓經絡按摩中式推拿拔罐刮痧精油按摩局部護理臉部按摩足湯芳療SPA薰香耳燭",23.063887894649,120.294548822704
"242","緣緣養生館","807台灣高雄市三民區民族一路529-3號","全身按摩肩頸按摩背部按摩指壓油壓泰式按摩台式按摩中式按摩休閒舒壓經絡按摩中式推拿精油按摩芳療SPA泰式SPA",22.665709984799,120.316236997171
"243","真伊養生舘","830台灣高雄市鳳山區鳳南路282號","全身按摩肩頸按摩背部按摩指壓油壓泰式按摩越式按摩台式按摩中式按摩休閒舒壓經絡按摩中式推拿刮痧精油按摩局部護理芳療SPA泰式SPA被動式瑜伽",22.602374983301,120.335096027858
"244","昀香推拿坊","830台灣高雄市鳳山區青年路一段352號","全身按摩肩頸按摩背部按摩指壓油壓泰式按摩台式按摩中式按摩休閒舒壓經絡按摩中式推拿刮痧精油按摩局部護理芳療SPA泰式SPA",22.627230008425,120.349350962951
"245","怡心園養生會館","522台灣彰化縣田尾鄉公園五路35號","全身按摩肩頸按摩背部按摩指壓油壓泰式按摩越式按摩台式按摩中式按摩休閒舒壓經絡按摩中式推拿刮痧精油按摩局部護理芳療SPA泰式SPA",23.8978039,120.5298228
"246","名媛養生館","830台灣高雄市鳳山區新富路98號","全身按摩肩頸按摩背部按摩指壓油壓泰式按摩越式按摩台式按摩中式按摩休閒舒壓經絡按摩中式推拿刮痧精油按摩局部護理芳療SPA泰式SPA被動式瑜伽",22.612411013158,120.335012963198
"247","雅芳美容推拿","830台灣高雄市鳳山區中山西路73號","全身按摩肩頸按摩背部按摩指壓油壓泰式按摩台式按摩中式按摩休閒舒壓經絡按摩中式推拿精油按摩芳療SPA泰式SPA",22.62653699267,120.353146037251
"248","復康男女養生館","950台灣台東縣台東市正氣北路242號","全身按摩腳底按摩肩頸按摩背部按摩指壓油壓台式按摩中式按摩休閒舒壓經絡按摩中式推拿拔罐刮痧精油按摩修腳皮芳療SPA全身去角質",22.755536997111,121.138075981819
"249","唐藝SPA","950台灣台東縣台東市中華路一段651號","全身按摩腳底按摩背部按摩指壓油壓泰式按摩歐式按摩台式按摩中式按摩深層組織按摩休閒舒壓經絡按摩中式推拿精油按摩臉部護膚臉部按摩足湯芳療SPA美容SPA泰式SPA歐式SPA",22.74927999021,121.148349009989
"250","55泰百合泰式按摩","326台灣桃園市楊梅區文化街131號","全身按摩腳底按摩肩頸按摩指壓油壓泰式按摩泰式古法休閒舒壓經絡按摩拔罐刮痧精油按摩足湯芳療SPA泰式SPA被動式瑜伽踩背",24.913357512519,121.184227495074
"251","百合泰式按摩 Lily Thai Massage","320台灣桃園市中壢區溪洲三街57號","全身按摩肩頸按摩背部按摩指壓油壓泰式按摩泰式古法休閒舒壓經絡按摩刮痧精油按摩局部護理足湯芳療SPA泰式SPA被動式瑜伽全身去角質踩背",24.9605560093,121.230335003338
"252","紅紅養身館","302台灣新竹縣竹北市新工五路7號","全身按摩半身按摩肩頸按摩背部按摩指壓油壓泰式按摩越式按摩台式按摩中式按摩休閒舒壓經絡按摩中式推拿刮痧精油按摩局部護理芳療SPA泰式SPA被動式瑜伽",24.848174008004,121.00463398779
"253","曼谷生活館","950台灣台東縣台東市中華路二段806號","全身按摩肩頸按摩背部按摩指壓油壓泰式按摩休閒舒壓經絡按摩精油按摩局部護理芳療SPA泰式SPA被動式瑜伽踩背",22.738324004569,121.125673028233
"254","美體男女SPA芳療館","928台灣屏東縣東港鎮船頭路25-268號","全身按摩肩頸按摩背部按摩指壓油壓泰式按摩越式按摩台式按摩中式按摩休閒舒壓經絡按摩中式推拿刮痧精油按摩局部護理芳療SPA泰式SPA被動式瑜伽踩背",22.461889005481,120.466269962707
"255","泰好SPA養生館","928台灣屏東縣東港鎮船頭路25-219號","全身按摩肩頸按摩背部按摩指壓油壓泰式按摩泰式古法休閒舒壓經絡按摩精油按摩芳療SPA泰式SPA被動式瑜伽踩背",22.461947008251,120.464122016199
"256","雅詩按摩館","928台灣屏東縣東港鎮新興三街76號","全身按摩半身按摩肩頸按摩背部按摩指壓油壓泰式按摩越式按摩台式按摩中式按摩休閒舒壓經絡按摩中式推拿刮痧精油按摩局部護理芳療SPA泰式SPA被動式瑜伽踩背",22.466996979186,120.457381960218
"257","泰好中泰式養生館","401台灣台中市東區精武東路98號","全身按摩腳底按摩頸胸按摩指壓油壓泰式按摩泰式古法休閒舒壓經絡按摩精油按摩修凍甲修腳皮芳療SPA泰式SPA被動式瑜伽踩背",24.148823388448,120.707551361666
"258","壹加壹養生館","200台灣基隆市仁愛區仁二路194號2樓","全身按摩肩頸按摩背部按摩指壓油壓泰式按摩台式按摩中式按摩休閒舒壓經絡按摩中式推拿精油按摩芳療SPA泰式SPA",25.128743003648,121.744990982928
"259","蓁豐富養生館","200台灣基隆市仁愛區愛一路43號4樓","全身按摩肩頸按摩背部按摩指壓油壓泰式按摩台式按摩中式按摩休閒舒壓經絡按摩中式推拿刮痧精油按摩芳療SPA泰式SPA",25.129936209475,121.741945669866
"260","海洋養生休閒會館","928台灣屏東縣東港鎮和平街35號","全身按摩半身按摩肩頸按摩背部按摩指壓油壓台式按摩中式按摩休閒舒壓經絡按摩中式推拿精油按摩芳療SPA",22.465688983195,120.449562985659
"261","雅竹SPA養生館","928台灣屏東縣東港鎮興東路65-79號","全身按摩肩頸按摩背部按摩指壓油壓泰式按摩越式按摩台式按摩中式按摩休閒舒壓經絡按摩中式推拿刮痧精油按摩局部護理芳療SPA泰式SPA被動式瑜伽",22.48072108835,120.466830376753
"262","慧凌泰式古法推拿","900台灣屏東縣屏東市和平路254號","全身按摩肩頸按摩背部按摩指壓油壓泰式按摩泰式古法休閒舒壓經絡按摩精油按摩局部護理臉部護膚修凍甲修腳皮芳療SPA泰式SPA被動式瑜伽",22.672592784591,120.478366641551
"263","綵締泰式桑拿養生館","900台灣屏東縣屏東市和平路190號","全身按摩肩頸按摩背部按摩指壓油壓泰式按摩泰式古法休閒舒壓經絡按摩中式推拿精油按摩芳療SPA泰式SPA被動式瑜伽踩背",22.670871015951,120.478550959601
"264","甜心SPA會館","913台灣屏東縣萬丹鄉丹榮路693號","全身按摩半身按摩肩頸按摩背部按摩指壓油壓泰式按摩越式按摩台式按摩中式按摩休閒舒壓經絡按摩中式推拿精油按摩局部護理芳療SPA泰式SPA",22.590697986349,120.492244977733
"265","越華SPA養生館","928台灣屏東縣東港鎮水源路155號","全身按摩肩頸按摩背部按摩指壓油壓泰式按摩越式按摩台式按摩中式按摩休閒舒壓經絡按摩中式推拿精油按摩局部護理芳療SPA泰式SPA被動式瑜伽",22.46687799807,120.459927963307
"266","悅式舒緩按摩","900台灣屏東縣屏東市建國路185-3號","全身按摩腳底按摩肩頸按摩背部按摩指壓油壓泰式按摩東方指壓瑞典式按摩台式按摩中式按摩深層組織按摩休閒舒壓經絡按摩中式推拿拔罐刮痧精油按摩芳療SPA歐式SPA",22.663925980527,120.471527008559
"267","123舒壓SPA館","928台灣屏東縣東港鎮中正路二段321號","全身按摩半身按摩肩頸按摩背部按摩指壓油壓泰式按摩越式按摩台式按摩中式按摩休閒舒壓經絡按摩中式推拿精油按摩局部護理芳療SPA泰式SPA被動式瑜伽",22.464945005469,120.448971977666
"268","朵朵男女SPA養生館","900台灣屏東縣屏東市中正路515號","全身按摩半身按摩肩頸按摩背部按摩指壓油壓泰式按摩越式按摩台式按摩中式按摩休閒舒壓經絡按摩中式推拿精油按摩局部護理芳療SPA泰式SPA被動式瑜伽",22.690976016545,120.500539960573
"269","大腳丫丫足體SPA館","880台灣澎湖縣馬公市臨海路7-3號","全身按摩腳底按摩肩頸按摩背部按摩指壓油壓台式按摩中式按摩休閒舒壓經絡按摩中式推拿精油按摩足湯芳療SPA薰香耳燭掏耳朵",23.563664990274,119.567830022223
"270","天堂SPA按摩","108台灣台北市萬華區昆明街91號2 樓","全身按摩腳底按摩肩頸按摩背部按摩指壓油壓泰式按摩歐式按摩瑞典式按摩越式按摩台式按摩中式按摩休閒舒壓經絡按摩精油按摩足湯芳療SPA泰式SPA歐式SPA",25.042564005145,121.504852977351
"271","行天下足體休閒館","108台灣台北市萬華區昆明街152號","全身按摩半身按摩腳底按摩肩頸按摩背部按摩指壓油壓泰式按摩越式按摩台式按摩中式按摩休閒舒壓經絡按摩中式推拿精油按摩局部護理足湯芳療SPA泰式SPA被動式瑜伽全身去角質",25.042332999894,121.504599005685
"272","泓星男女養身SPA館","900台灣屏東縣屏東市中正路413-11號","全身按摩半身按摩肩頸按摩背部按摩指壓油壓泰式按摩越式按摩台式按摩中式按摩休閒舒壓經絡按摩中式推拿刮痧精油按摩局部護理芳療SPA泰式SPA被動式瑜伽踩背",22.687692992709,120.497121988096
"273","越香養生館","880台灣澎湖縣馬公市新村路24號","全身按摩半身按摩肩頸按摩背部按摩指壓油壓泰式按摩越式按摩台式按摩中式按摩休閒舒壓經絡按摩中式推拿刮痧精油按摩局部護理芳療SPA泰式SPA被動式瑜伽",23.569930001893,119.570145020061
"274","星殿SPA會館(舊夜巴黎)","244台灣新北市林口區忠孝路298號","全身按摩半身按摩肩頸按摩背部按摩指壓油壓泰式按摩越式按摩台式按摩中式按摩休閒舒壓經絡按摩中式推拿刮痧精油按摩局部護理芳療SPA泰式SPA被動式瑜伽踩背",25.072788016439,121.367556984242
"275","越香養生會館","247台灣新北市蘆洲區中山一路186號","全身按摩半身按摩肩頸按摩背部按摩指壓油壓泰式按摩越式按摩台式按摩中式按摩休閒舒壓經絡按摩中式推拿刮痧精油按摩局部護理芳療SPA泰式SPA被動式瑜伽踩背",25.081001694818,121.473793080763
"276","越來越愛你越式洗髮SPA","813台灣高雄市左營區大順一路264號","全身按摩半身按摩腳底按摩肩頸按摩背部按摩指壓油壓泰式按摩越式按摩休閒舒壓經絡按摩精油按摩局部護理臉部護膚臉部按摩足湯美容SPA掏耳朵被動式瑜伽踩背洗頭",22.657106003099,120.307380007723
"277","晴佑美容館","235台灣新北市中和區連城路501號","全身按摩半身按摩肩頸按摩背部按摩指壓油壓泰式按摩越式按摩台式按摩中式按摩休閒舒壓經絡按摩中式推拿刮痧精油按摩局部護理芳療SPA泰式SPA被動式瑜伽",24.995415003502,121.48262500832
"278","井泉水の愛紓壓會館","324台灣桃園市平鎮區和平路26號","全身按摩半身按摩肩頸按摩背部按摩指壓油壓泰式按摩台式按摩中式按摩休閒舒壓經絡按摩中式推拿拔罐刮痧精油按摩熱石按摩局部護理芳療SPA泰式SPA被動式瑜伽洗頭",24.949189017037,121.222047983306
"279","舒悅男女SPA旗艦會館","330台灣桃園市桃園區中正路364號5樓","全身按摩半身按摩肩頸按摩背部按摩指壓油壓泰式按摩越式按摩台式按摩中式按摩休閒舒壓精油按摩局部護理水療SPA芳療SPA泰式SPA",24.998711983207,121.308662966503
"280","泰珍泰式養生館","114台灣台北市內湖區東湖路43巷18號","全身按摩肩頸按摩背部按摩指壓油壓泰式按摩泰式古法休閒舒壓經絡按摩精油按摩局部護理芳療SPA泰式SPA被動式瑜伽全身去角質踩背",25.069705990641,121.613856023929
"281","汶玲泰式養生館","351台灣苗栗縣頭份市民族路206號","全身按摩肩頸按摩背部按摩指壓油壓泰式按摩越式按摩台式按摩中式按摩休閒舒壓經絡按摩中式推拿刮痧精油按摩局部護理芳療SPA泰式SPA被動式瑜伽",24.684988998196,120.902680037964
"282","全聯經典會館(舊明雨)","241台灣新北市三重區三和路三段31號","全身按摩半身按摩肩頸按摩背部按摩指壓油壓泰式按摩越式按摩台式按摩中式按摩休閒舒壓經絡按摩中式推拿刮痧精油按摩局部護理芳療SPA泰式SPA被動式瑜伽踩背",25.071144995778,121.495947037589
"283","裕濱推拿館","514台灣彰化縣溪湖鎮彰水路四段156號","全身按摩半身按摩肩頸按摩背部按摩指壓油壓台式按摩中式按摩休閒舒壓經絡按摩中式推拿拔罐刮痧精油按摩局部護理",23.968895014361,120.480081998035
"284","留戀男女健康館","514台灣彰化縣溪湖鎮彰水路四段177號","全身按摩半身按摩肩頸按摩背部按摩指壓油壓泰式按摩越式按摩台式按摩中式按摩休閒舒壓經絡按摩中式推拿刮痧精油按摩局部護理芳療SPA泰式SPA被動式瑜伽踩背",23.969593017348,120.479819979742
"285","520會館","514台灣彰化縣溪湖鎮彰水路四段161號","全身按摩半身按摩肩頸按摩背部按摩指壓油壓泰式按摩越式按摩台式按摩中式按摩休閒舒壓經絡按摩中式推拿拔罐刮痧精油按摩局部護理芳療SPA泰式SPA被動式瑜伽踩背",23.969310002387,120.479835989177
"286","儷人SPA養生會館","920台灣屏東縣潮州鎮朝昇路5號","全身按摩半身按摩肩頸按摩背部按摩指壓油壓泰式按摩越式按摩台式按摩中式按摩休閒舒壓經絡按摩中式推拿刮痧精油按摩局部護理芳療SPA泰式SPA被動式瑜伽踩背",22.554505276825,120.546994918055
"287","TD樂𨧡舒壓學苑","406台灣台中市北屯區北屯路416號","全身按摩腳底按摩肩頸按摩頸胸按摩背部按摩指壓油壓東方指壓峇里島式按摩歐式按摩瑞典式按摩越式按摩台式按摩中式按摩芳香療法按摩深層組織按摩休閒舒壓經絡按摩中式推拿拔罐刮痧精油按摩局部護理水療SPA芳療SPA歐式SPA",24.177938003176,120.700411973847
"288","玉光泰式養生館","831台灣高雄市大寮區鳳林四路441號","全身按摩腳底按摩肩頸按摩背部按摩指壓油壓泰式按摩泰式古法休閒舒壓經絡按摩拔罐刮痧精油按摩足湯芳療SPA泰式SPA被動式瑜伽踩背",22.621458020351,120.379980029715
"289","雪美甲Snow SPA","220台灣新北市板橋區國泰街68巷26號","全身按摩腳底按摩肩頸按摩背部按摩指壓油壓泰式按摩越式按摩台式按摩中式按摩休閒舒壓經絡按摩中式推拿精油按摩臉部護膚臉部按摩芳療SPA美容SPA泰式SPA除毛美甲美睫",25.007075320467,121.467594579546
"290","心雨養生館","108台灣台北市萬華區桂林路2-5號","全身按摩半身按摩肩頸按摩背部按摩指壓油壓泰式按摩越式按摩台式按摩中式按摩休閒舒壓經絡按摩中式推拿刮痧精油按摩局部護理芳療SPA泰式SPA被動式瑜伽踩背",25.037511980644,121.5060000408
"291","太陽花美容坊(舊下龍灣)","235台灣新北市中和區連城路314號","全身按摩半身按摩肩頸按摩背部按摩指壓油壓泰式按摩越式按摩台式按摩中式按摩休閒舒壓精油按摩局部護理芳療SPA泰式SPA被動式瑜伽踩背",24.996221887412,121.483458504772
"292","尚好生活館(舊越姊妹)","333台灣桃園市龜山區文化二路1號","全身按摩半身按摩肩頸按摩背部按摩指壓油壓泰式按摩越式按摩台式按摩中式按摩休閒舒壓經絡按摩中式推拿刮痧精油按摩局部護理芳療SPA泰式SPA被動式瑜伽踩背",25.061455096612,121.364629101644
"293","紫騰越式養生洗髮","320台灣桃園市中壢區中原路7號","全身按摩半身按摩腳底按摩肩頸按摩背部按摩指壓越式按摩放鬆按摩休閒舒壓局部護理臉部護膚臉部按摩芳療SPA薰香耳燭掏耳朵被動式瑜伽踩背洗頭",24.964635691123,121.236265032197
"294","群豐養生會館-新竹旗艦店","300台灣新竹市北區經國路二段139號","全身按摩腳底按摩肩頸按摩背部按摩指壓油壓東方指壓日式按摩台式按摩中式按摩休閒舒壓經絡按摩中式推拿精油按摩修凍甲修腳皮足湯芳療SPA烤箱SPA太空艙",24.811503013974,120.964266993554
"295","天涯海腳足體養生會館","108台灣台北市萬華區廣州街132號","全身按摩半身按摩腳底按摩肩頸按摩背部按摩指壓油壓東方指壓台式按摩中式按摩休閒舒壓經絡按摩中式推拿精油按摩局部護理足湯芳療SPA",25.036560005991,121.501036026283
"296","仟玥養生會館","10491台灣台北市中山區民生東路二段106號","全身按摩肩頸按摩背部按摩指壓油壓泰式按摩東方指壓日式按摩歐式按摩瑞典式按摩台式按摩中式按摩深層組織按摩休閒舒壓經絡按摩中式推拿拔罐刮痧精油按摩臉部護膚臉部按摩芳療SPA泰式SPA歐式SPA薰香耳燭掏耳朵全身去角質",25.057840987601,121.531162011219
"297","向陽養身館","640台灣雲林縣斗六市南京路375號","全身按摩腳底按摩肩頸按摩背部按摩指壓油壓台式按摩中式按摩經絡按摩中式推拿拔罐刮痧精油按摩",23.714500984044,120.540159037588
"298","辰果SPA美學空間","802台灣高雄市苓雅區新光路24巷41號","全身按摩肩頸按摩背部按摩指壓油壓泰式按摩日式按摩歐式按摩瑞典式按摩台式按摩中式按摩芳香療法按摩休閒舒壓經絡按摩中式推拿精油按摩熱石按摩局部護理芳療SPA泰式SPA歐式SPA薰香耳燭",22.612965015049,120.303097022838
"299","貴祥養生會館","248台灣新北市五股區工商路79號","全身按摩腳底按摩肩頸按摩背部按摩指壓油壓泰式按摩泰式古法休閒舒壓經絡按摩拔罐刮痧精油按摩足湯芳療SPA泰式SPA被動式瑜伽踩背",25.084854017517,121.438152977004
"300","金樂活時尚會館","236台灣新北市土城區青雲路95-1號","全身按摩半身按摩肩頸按摩背部按摩指壓油壓泰式按摩越式按摩台式按摩中式按摩休閒舒壓精油按摩局部護理芳療SPA泰式SPA歐式SPA被動式瑜伽踩背",24.985828998026,121.459258022466
"301","帝一美容美甲健康館","108台灣台北市萬華區華西街22號","全身按摩半身按摩腳底按摩肩頸按摩背部按摩指壓油壓泰式按摩越式按摩台式按摩中式按摩休閒舒壓經絡按摩中式推拿拔罐刮痧精油按摩局部護理臉部護膚臉部按摩修凍甲修腳皮足湯足蒸泰式SPA掏耳朵被動式瑜伽全身去角質美甲",25.038259981684,121.498323977691
"302","顏如玉養生會館","106台灣台北市大安區大安路一段59號2樓","全身按摩半身按摩腳底按摩肩頸按摩背部按摩指壓油壓台式按摩中式按摩休閒舒壓經絡按摩中式推拿拔罐刮痧精油按摩修凍甲修腳皮足湯芳療SPA全身去角質",25.04283800956,121.546325041701
"303","紅花油健康館","235台灣新北市中和區和平街17號","全身按摩肩頸按摩背部按摩油壓台式按摩中式按摩經絡按摩中式推拿精油按摩",24.990419305391,121.509035798492
"304","足科天下足體養生會館","251台灣新北市淡水區新市一路三段170號","全身按摩半身按摩腳底按摩肩頸按摩背部按摩指壓油壓台式按摩中式按摩休閒舒壓經絡按摩中式推拿拔罐刮痧精油按摩足湯",25.182792993813,121.447884031314
"305","參參柒足體養生坊","221台灣新北市汐止區大同路一段337巷13號","全身按摩腳底按摩肩頸按摩背部按摩指壓油壓泰式按摩越式按摩台式按摩中式按摩休閒舒壓經絡按摩中式推拿刮痧精油按摩局部護理芳療SPA泰式SPA全身去角質",25.05987200656,121.637944021094
"306","新沙灣養生館","806台灣高雄市前鎮區三多三路21號5樓","全身按摩半身按摩肩頸按摩背部按摩指壓油壓泰式按摩越式按摩台式按摩中式按摩休閒舒壓經絡按摩中式推拿拔罐刮痧精油按摩局部護理芳療SPA泰式SPA被動式瑜伽踩背",22.616673001375,120.313367033523
"307","越美幸養生會館","510台灣彰化縣員林市中正路1巷12號","全身按摩半身按摩肩頸按摩背部按摩指壓油壓泰式按摩越式按摩台式按摩中式按摩休閒舒壓經絡按摩中式推拿刮痧精油按摩局部護理芳療SPA泰式SPA被動式瑜伽",23.959947948848,120.571862170816
"308","和蜜越式養生洗髮","241台灣新北市三重區六張街126巷25弄7號","全身按摩肩頸按摩背部按摩指壓油壓泰式按摩越式按摩台式按摩中式按摩休閒舒壓精油按摩局部護理芳療SPA泰式SPA被動式瑜伽美髮",25.068856987669,121.492162021572
"309","心悅美養生館","807台灣高雄市三民區九如二路407號","全身按摩半身按摩肩頸按摩背部按摩指壓油壓泰式按摩越式按摩台式按摩中式按摩休閒舒壓經絡按摩中式推拿刮痧精油按摩局部護理芳療SPA泰式SPA被動式瑜伽",22.641071003229,120.301105985558
"310","路人養生館","320台灣桃園市中壢區大同路61號","全身按摩半身按摩腳底按摩肩頸按摩背部按摩指壓油壓台式按摩中式按摩穴道按摩休閒舒壓經絡按摩中式推拿拔罐刮痧精油按摩局部護理修凍甲修腳皮足湯芳療SPA汗蒸",24.957954015098,121.223304011497
"311","花沐養生會館","811台灣高雄市楠梓區德民路508號","全身按摩半身按摩肩頸按摩背部按摩指壓油壓泰式按摩越式按摩台式按摩中式按摩休閒舒壓經絡按摩中式推拿刮痧精油按摩局部護理芳療SPA泰式SPA被動式瑜伽踩背",22.723852984013,120.298555037146
"312","好來屋養生會館","811台灣高雄市楠梓區德民路629號","全身按摩半身按摩肩頸按摩背部按摩指壓油壓泰式按摩越式按摩台式按摩中式按摩休閒舒壓經絡按摩中式推拿刮痧精油按摩局部護理芳療SPA泰式SPA被動式瑜伽踩背",22.722508987748,120.296380017091
"313","依緹娜SPA會館-越式洗頭","513台灣彰化縣埔心鄉員林大道七段70號","全身按摩半身按摩腳底按摩肩頸按摩背部按摩指壓油壓泰式按摩越式按摩休閒舒壓經絡按摩中式推拿精油按摩局部護理臉部護膚臉部按摩芳療SPA美容SPA泰式SPA被動式瑜伽踩背洗頭",23.956568000818,120.561961708852
"314","小鳳男女經絡油壓指壓","513台灣彰化縣埔心鄉員林大道七段80號","全身按摩半身按摩肩頸按摩背部按摩指壓油壓泰式按摩越式按摩台式按摩中式按摩休閒舒壓經絡按摩中式推拿刮痧精油按摩局部護理芳療SPA泰式SPA",23.956383682767,120.561995320284
"315","來去按摩","241台灣新北市三重區龍門路192號","全身按摩半身按摩腳底按摩肩頸按摩背部按摩指壓台式按摩中式按摩經絡按摩中式推拿",25.073537987225,121.499498030869
"316","大發財養生館","238台灣新北市樹林區中山路二段2號","全身按摩半身按摩肩頸按摩背部按摩指壓油壓泰式按摩越式按摩台式按摩中式按摩休閒舒壓經絡按摩中式推拿刮痧精油按摩局部護理芳療SPA泰式SPA被動式瑜伽",24.985336184029,121.417867765491
"317","泰景殿泰式養生館","201台灣基隆市信義區東明路48號","全身按摩腳底按摩肩頸按摩背部按摩指壓油壓泰式按摩泰式古法休閒舒壓經絡按摩精油按摩局部護理足湯芳療SPA泰式SPA被動式瑜伽踩背",25.128040013429,121.7617909991
"318","貳樓美容足體工作室","200台灣基隆市仁愛區忠一路13號","全身按摩腳底按摩肩頸按摩背部按摩美胸按摩指壓油壓泰式按摩台式按摩中式按摩休閒舒壓經絡按摩中式推拿拔罐刮痧精油按摩局部護理芳療SPA泰式SPA歐式SPA被動式瑜伽",25.13092699234,121.740239030561
"319","橙果養生館","200台灣基隆市仁愛區愛三路112號2樓","全身按摩半身按摩肩頸按摩背部按摩指壓油壓泰式按摩台式按摩中式按摩休閒舒壓經絡按摩中式推拿拔罐刮痧精油按摩局部護理芳療SPA泰式SPA",25.129247007486,121.743363971702
"320","京喜美容名店","800台灣高雄市新興區和平一路199號11樓","全身按摩半身按摩肩頸按摩背部按摩指壓油壓泰式按摩越式按摩台式按摩中式按摩休閒舒壓精油按摩局部護理芳療SPA泰式SPA被動式瑜伽踩背",22.631115984466,120.317484978734
"321","越式SPA美容會館(舊時明)","235台灣新北市中和區安和路1號","全身按摩半身按摩肩頸按摩背部按摩指壓油壓泰式按摩越式按摩休閒舒壓經絡按摩中式推拿精油按摩局部護理芳療SPA泰式SPA被動式瑜伽",24.993303015359,121.51177500445
"322","天恩經絡推拿","300台灣新竹市北區中山路357號","全身按摩肩頸按摩背部按摩指壓台式按摩中式按摩經絡按摩中式推拿局部護理",24.800578083284,120.958879860565
"323","尊客養生館","300台灣新竹市東區長春街96號","全身按摩腳底按摩肩頸按摩背部按摩指壓油壓泰式按摩越式按摩台式按摩中式按摩休閒舒壓經絡按摩中式推拿拔罐刮痧精油按摩局部護理修凍甲修腳皮芳療SPA泰式SPA",24.787254000449,121.015682006728
"324","芭達雅泰式養生館","300台灣新竹市東區林森路175號","全身按摩半身按摩肩頸按摩背部按摩指壓油壓泰式按摩泰式古法休閒舒壓經絡按摩精油按摩局部護理芳療SPA泰式SPA被動式瑜伽踩背",24.799134007096,120.964601012396
"325","越萊香生活館","320台灣桃園市中壢區環西路二段49號","全身按摩半身按摩肩頸按摩背部按摩指壓油壓泰式按摩越式按摩台式按摩中式按摩休閒舒壓經絡按摩中式推拿刮痧精油按摩局部護理芳療SPA泰式SPA踩背",24.962758605817,121.208497714814
"326","竹光森林養生館","300台灣新竹市北區竹光路8號","全身按摩半身按摩腳底按摩肩頸按摩背部按摩指壓油壓東方指壓台式按摩中式按摩放鬆按摩休閒舒壓經絡按摩中式推拿拔罐刮痧精油按摩局部護理修凍甲修腳皮足湯",24.815105011135,120.961603979097
"327","亮點57養生館(舊百分百)","300台灣新竹市北區經國路二段463號","全身按摩半身按摩肩頸按摩背部按摩指壓油壓泰式按摩越式按摩台式按摩中式按摩休閒舒壓經絡按摩中式推拿刮痧精油按摩局部護理芳療SPA泰式SPA被動式瑜伽",24.806330290067,120.956315165831
"328","午夜天舒壓SPA館","300台灣新竹市北區西大路593號","全身按摩半身按摩肩頸按摩背部按摩指壓油壓泰式按摩越式按摩台式按摩中式按摩休閒舒壓經絡按摩中式推拿精油按摩局部護理芳療SPA泰式SPA被動式瑜伽踩背",24.809581001666,120.959258974045
"329","老地方按摩-新竹光復店","300台灣新竹市東區光復路一段228號","全身按摩半身按摩腳底按摩肩頸按摩背部按摩指壓台式按摩中式按摩運動按摩休閒舒壓經絡按摩中式推拿",24.782022980406,121.021312969281
"330","足輕鬆腳底養生會館","300台灣新竹市東區田美三街34號","全身按摩腳底按摩肩頸按摩背部按摩指壓油壓台式按摩中式按摩經絡按摩中式推拿拔罐刮痧精油按摩局部護理修凍甲修腳皮",24.815911098763,120.976933641814
"331","WJ按摩舒壓休閒會館","300台灣新竹市北區經國路二段28號","全身按摩半身按摩指壓油壓泰式按摩越式按摩台式按摩中式按摩休閒舒壓經絡按摩刮痧精油按摩局部護理芳療SPA泰式SPA",24.813492960962,120.966643907849
"332","秘境SPA美容會館","510台灣彰化縣員林市莒光路20號","全身按摩半身按摩肩頸按摩背部按摩指壓油壓泰式按摩越式按摩台式按摩中式按摩休閒舒壓精油按摩局部護理芳療SPA泰式SPA被動式瑜伽",23.952476700769,120.566650355622
"333","湘妞SPA養身館","807台灣高雄市鳳山區澄清路298號","全身按摩半身按摩肩頸按摩背部按摩指壓油壓泰式按摩越式按摩台式按摩中式按摩休閒舒壓經絡按摩中式推拿拔罐刮痧精油按摩局部護理芳療SPA泰式SPA被動式瑜伽全身去角質踩背",22.646810876013,120.347106204146
"334","奧黛美容足體養生館","300台灣新竹市香山區牛埔東路53號","全身按摩半身按摩腳底按摩肩頸按摩背部按摩指壓油壓泰式按摩越式按摩台式按摩中式按摩休閒舒壓經絡按摩中式推拿刮痧精油按摩局部護理修凍甲修腳皮足湯芳療SPA泰式SPA美睫洗頭",24.798795001022,120.950290002371
"335","月娥養身館","235台灣新北市中和區中正路711號","全身按摩半身按摩肩頸按摩背部按摩指壓油壓泰式按摩越式按摩台式按摩中式按摩休閒舒壓經絡按摩中式推拿刮痧精油按摩局部護理芳療SPA泰式SPA被動式瑜伽",24.998492000158,121.484683017006
"336","經典時尚SPA館","302台灣新竹縣竹北市復興二路191號","全身按摩半身按摩肩頸按摩背部按摩指壓油壓泰式按摩越式按摩台式按摩中式按摩休閒舒壓經絡按摩中式推拿刮痧精油按摩局部護理芳療SPA泰式SPA被動式瑜伽踩背",24.810438679909,121.036260417214
"337","泰怡鎂養生館","303台灣新竹縣湖口鄉中和街22號","全身按摩半身按摩肩頸按摩背部按摩指壓油壓泰式按摩越式按摩台式按摩中式按摩休閒舒壓經絡按摩中式推拿刮痧精油按摩局部護理芳療SPA泰式SPA",24.901726993221,121.047785031166
"338","玉珍越式洗頭","244台灣新北市林口區中原街8號","半身按摩腳底按摩肩頸按摩背部按摩指壓油壓越式按摩休閒舒壓經絡按摩中式推拿精油按摩局部護理臉部護膚臉部按摩修凍甲修腳皮足湯芳療SPA美容SPA薰香耳燭掏耳朵美甲美髮洗頭",25.077620015981,121.392909978234
"339","釋萱健康養生館","304台灣新竹縣新豐鄉松林街67號","全身按摩肩頸按摩背部按摩指壓油壓台式按摩中式按摩休閒舒壓經絡按摩中式推拿刮痧精油按摩局部護理芳療SPA泰式SPA",24.868757489542,120.992177976757
"340","池居足體養身館","300台灣新竹市東區中華路二段224號","全身按摩半身按摩腳底按摩肩頸按摩背部按摩指壓油壓泰式按摩台式按摩中式按摩休閒舒壓經絡按摩中式推拿刮痧精油按摩局部護理修凍甲修腳皮足湯芳療SPA泰式SPA被動式瑜伽踩背",24.805566992054,120.976715963789
"341","足旺養生會館-武陵分館店","300台灣新竹市北區新竹市北區武陵路177-3號","全身按摩半身按摩腳底按摩肩頸按摩背部按摩指壓油壓泰式按摩台式按摩中式按摩休閒舒壓經絡按摩中式推拿拔罐刮痧精油按摩局部護理修凍甲修腳皮足湯芳療SPA泰式SPA踩背",24.821453003595,120.968560958732
"342","貴妃時尚養生會館","300台灣新竹市東區民生路219號","全身按摩腳底按摩肩頸按摩背部按摩指壓油壓泰式按摩越式按摩台式按摩中式按摩休閒舒壓經絡按摩中式推拿刮痧精油按摩局部護理芳療SPA泰式SPA被動式瑜伽全身去角質",24.811806606507,120.975594381325
"343","心憶健康生活館","300台灣新竹市東區建美路9號","全身按摩半身按摩肩頸按摩背部按摩指壓油壓泰式按摩越式按摩台式按摩中式按摩休閒舒壓經絡按摩中式推拿刮痧精油按摩局部護理芳療SPA泰式SPA",24.801329981909,120.99739001179
"344","舒活健康養生館","300台灣新竹市東區建中一路23巷29號","全身按摩半身按摩肩頸按摩背部按摩指壓油壓泰式按摩台式按摩中式按摩休閒舒壓經絡按摩中式推拿拔罐刮痧精油按摩局部護理芳療SPA泰式SPA踩背",24.799973999523,120.993319005237
"345","瑝緹御指旗艦養生會館","330台灣桃園市桃園區同德六街99號","全身按摩半身按摩腳底按摩肩頸按摩背部按摩指壓油壓東方指壓台式按摩中式按摩休閒舒壓經絡按摩中式推拿拔罐刮痧精油按摩局部護理臉部護膚修凍甲修腳皮足湯芳療SPA薰香耳燭岩盤浴",25.01612400404,121.299215974891
"346","晶領足療","500台灣彰化縣彰化市中山路一段327號","全身按摩腳底按摩肩頸按摩背部按摩油壓泰式按摩深層組織按摩休閒舒壓經絡按摩精油按摩局部護理足湯足蒸芳療SPA泰式SPA被動式瑜伽",24.060573002352,120.534793026994
"347","Chill男女時尚舒壓會館","235台灣新北市中和區景平路660號","全身按摩半身按摩肩頸按摩背部按摩指壓油壓泰式按摩越式按摩台式按摩中式按摩休閒舒壓經絡按摩中式推拿刮痧精油按摩局部護理芳療SPA泰式SPA",25.000671714079,121.497553680789
"348","優玥舒壓SPA會館","235台灣新北市中和區安樂路85號","全身按摩肩頸按摩背部按摩指壓油壓泰式按摩台式按摩中式按摩休閒舒壓經絡按摩中式推拿精油按摩局部護理芳療SPA泰式SPA",24.994504980275,121.512776977156
"349","悅亮生活館","324台灣桃園市平鎮區環南路二段19號","全身按摩半身按摩肩頸按摩背部按摩指壓油壓泰式按摩越式按摩台式按摩中式按摩休閒舒壓經絡按摩中式推拿拔罐刮痧精油按摩局部護理芳療SPA泰式SPA被動式瑜伽",24.94458420898,121.209469512668
"350","CHERMAY晨美越式養生洗頭","324台灣桃園市平鎮區環南路二段23號4樓","全身按摩半身按摩肩頸按摩背部按摩指壓油壓泰式按摩越式按摩休閒舒壓經絡按摩精油按摩熱石按摩局部護理臉部護膚臉部按摩修凍甲修腳皮足湯芳療SPA美容SPA泰式SPA薰香耳燭掏耳朵雙人四手踩背除毛美睫洗頭",24.944344779916,121.209362978679
"351","紫金悅越式洗頭","435台灣台中市梧棲區居仁街105號","全身按摩半身按摩腳底按摩肩頸按摩背部按摩指壓油壓泰式按摩越式按摩台式按摩中式按摩休閒舒壓經絡按摩中式推拿拔罐刮痧精油按摩熱石按摩局部護理臉部護膚臉部按摩足湯芳療SPA泰式SPA薰香耳燭被動式瑜伽踩背洗頭",24.257605478628,120.534896157435
"352","漢唐養身館","973台灣花蓮縣吉安鄉中華路二段198號","全身按摩半身按摩腳底按摩肩頸按摩指壓油壓台式按摩中式按摩休閒舒壓經絡按摩中式推拿拔罐刮痧精油按摩足湯芳療SPA",23.973807019169,121.583310021825
"353","足徠養生館","970台灣花蓮縣花蓮市中華路2號","全身按摩半身按摩腳底按摩肩頸按摩背部按摩指壓油壓東方指壓台式按摩中式按摩休閒舒壓經絡按摩中式推拿精油按摩熱石按摩局部護理修凍甲修腳皮足湯芳療SPA",23.97643001004,121.609589970489
"354","123養生會館","241台灣新北市三重區重陽路三段45號","全身按摩半身按摩肩頸按摩背部按摩指壓油壓泰式按摩越式按摩台式按摩中式按摩休閒舒壓經絡按摩中式推拿刮痧精油按摩局部護理芳療SPA泰式SPA被動式瑜伽",25.067079982286,121.489614006826
"355","京棧SPA泰式養生館","108台灣台北市萬華區和平西路三段78號","全身按摩半身按摩肩頸按摩背部按摩指壓油壓泰式按摩越式按摩台式按摩中式按摩休閒舒壓經絡按摩中式推拿刮痧精油按摩局部護理芳療SPA泰式SPA被動式瑜伽",25.035035002527,121.50255901809
"356","均 SPA 精品會館","800台灣高雄市新興區六合一路158號6樓","全身按摩半身按摩肩頸按摩背部按摩指壓油壓泰式按摩越式按摩台式按摩中式按摩休閒舒壓精油按摩局部護理芳療SPA泰式SPA被動式瑜伽",22.633041014258,120.30318000368
"357","采云男女SPA養生館","807台灣高雄市三民區九如二路57號","全身按摩半身按摩肩頸按摩背部按摩指壓油壓泰式按摩越式按摩台式按摩中式按摩休閒舒壓經絡按摩中式推拿刮痧精油按摩局部護理芳療SPA泰式SPA被動式瑜伽踩背",22.640433014669,120.312075968977
"358","好開心健康美容","540台灣南投縣南投市南崗二路297號","全身按摩半身按摩肩頸按摩背部按摩指壓油壓泰式按摩越式按摩台式按摩中式按摩休閒舒壓經絡按摩中式推拿刮痧精油按摩局部護理芳療SPA泰式SPA被動式瑜伽踩背",23.912940991071,120.677703973221
"359","來來按摩推拿館","540台灣南投縣南投市南崗二路264號","全身按摩半身按摩肩頸按摩背部按摩指壓油壓泰式按摩越式按摩台式按摩中式按摩休閒舒壓經絡按摩中式推拿刮痧精油按摩局部護理芳療SPA泰式SPA被動式瑜伽踩背",23.912527008873,120.678589018378
"360","龍鳳養生館","540台灣南投縣南投市南崗二路262號","全身按摩半身按摩肩頸按摩背部按摩指壓油壓泰式按摩越式按摩台式按摩中式按摩休閒舒壓經絡按摩中式推拿拔罐刮痧精油按摩局部護理芳療SPA泰式SPA被動式瑜伽踩背",23.912481998053,120.678608967307
"361","皇家養生會館","542台灣南投縣草屯鎮芬草路三段361號","全身按摩半身按摩肩頸按摩背部按摩指壓油壓泰式按摩越式按摩台式按摩中式按摩休閒舒壓經絡按摩中式推拿刮痧精油按摩局部護理芳療SPA泰式SPA被動式瑜伽踩背",24.00288690068,120.655109631203
"362","新時代舒壓養生會館","542台灣南投縣草屯鎮中正路1574-6號","全身按摩半身按摩肩頸按摩背部按摩指壓油壓泰式按摩越式按摩台式按摩中式按摩休閒舒壓經絡按摩中式推拿刮痧精油按摩局部護理芳療SPA泰式SPA",24.000155783258,120.690672286176
"363","夜來香養生館","557台灣南投縣竹山鎮集山路三段253號","全身按摩半身按摩腳底按摩肩頸按摩背部按摩指壓油壓泰式按摩越式按摩台式按摩中式按摩休閒舒壓經絡按摩中式推拿刮痧精油按摩局部護理芳療SPA泰式SPA",23.763060701901,120.700290017156
"364","皇城泰式經絡SPA會館","557台灣南投縣竹山鎮集山路三段273號","全身按摩半身按摩肩頸按摩背部按摩指壓油壓泰式按摩休閒舒壓經絡按摩刮痧精油按摩局部護理足湯芳療SPA泰式SPA被動式瑜伽踩背",23.76296900388,120.699894307507
"365","漂亮寶貝生活會館","540台灣南投縣南投市芳美路132號","全身按摩半身按摩肩頸按摩背部按摩指壓油壓泰式按摩越式按摩台式按摩中式按摩休閒舒壓經絡按摩中式推拿刮痧精油按摩局部護理芳療SPA泰式SPA被動式瑜伽",23.904866997108,120.693364972572
"366","金日明傳統整復推拿","544台灣南投縣國姓鄉中正路一段142-1號","全身按摩半身按摩腳底按摩肩頸按摩背部按摩指壓台式按摩中式按摩經絡按摩中式推拿拔罐刮痧局部護理筋骨整復",24.012210720224,120.818982879081
"367","南洋泰式養生館","220台灣新北市板橋區新民街5號","全身按摩腳底按摩肩頸按摩背部按摩指壓油壓泰式按摩泰式古法休閒舒壓經絡按摩精油按摩局部護理足湯芳療SPA泰式SPA被動式瑜伽踩背",25.009690013253,121.463826075878
"368","惠翔男女越式按摩","334台灣桃園市八德區介壽路二段1214號","全身按摩半身按摩肩頸按摩背部按摩指壓油壓泰式按摩越式按摩台式按摩中式按摩休閒舒壓經絡按摩中式推拿刮痧精油按摩局部護理芳療SPA泰式SPA被動式瑜伽踩背",24.930527589717,121.297059395023
"369","蝶戀花男女養生會館","542台灣南投縣草屯鎮成功路一段459號","全身按摩半身按摩肩頸按摩背部按摩指壓油壓泰式按摩越式按摩台式按摩中式按摩休閒舒壓經絡按摩中式推拿拔罐刮痧精油按摩局部護理芳療SPA泰式SPA被動式瑜伽踩背",23.98441498819,120.681798030008
"370","皇佳養身會館","702台灣台南市南區永成路三段473號","全身按摩腳底按摩肩頸按摩背部按摩指壓油壓泰式按摩越式按摩台式按摩中式按摩休閒舒壓經絡按摩中式推拿拔罐刮痧精油按摩局部護理臉部護膚修凍甲修腳皮足湯芳療SPA泰式SPA掏耳朵踩背洗頭",22.973133005655,120.195273980589
"371","水瀅養生館","545台灣南投縣埔里鎮信義路618號","全身按摩肩頸按摩背部按摩指壓油壓越式按摩台式按摩中式按摩休閒舒壓經絡按摩中式推拿刮痧精油按摩局部護理芳療SPA泰式SPA被動式瑜伽",23.97345808054,120.96632508606
"372","艷陽養生會館","542台灣南投縣草屯鎮芬草路二段621號","全身按摩半身按摩肩頸按摩背部按摩指壓油壓泰式按摩越式按摩台式按摩中式按摩休閒舒壓經絡按摩中式推拿刮痧精油按摩局部護理芳療SPA泰式SPA被動式瑜伽",23.996226011774,120.663788002293
"373","金豪門養生館","500台灣彰化縣彰化市建國北路196號","全身按摩半身按摩肩頸按摩背部按摩指壓油壓泰式按摩越式按摩台式按摩中式按摩休閒舒壓經絡按摩中式推拿精油按摩局部護理芳療SPA泰式SPA被動式瑜伽",24.095534004316,120.549576021987
"374","雅典娜養生館","508台灣彰化縣和美鎮和線路172號","全身按摩半身按摩肩頸按摩背部按摩指壓油壓泰式按摩越式按摩台式按摩中式按摩休閒舒壓經絡按摩中式推拿刮痧精油按摩局部護理芳療SPA泰式SPA被動式瑜伽",24.115525011027,120.490914015328
"375","初心養生館","510台灣彰化縣員林市新生路56號","全身按摩半身按摩腳底按摩肩頸按摩背部按摩指壓油壓泰式按摩台式按摩中式按摩休閒舒壓經絡按摩中式推拿刮痧精油按摩局部護理修凍甲修腳皮足湯芳療SPA",23.957606015707,120.568861020994
"376","漫婷養生館","333台灣桃園市龜山區自強西路132號","全身按摩半身按摩肩頸按摩背部按摩指壓油壓泰式按摩越式按摩台式按摩中式按摩休閒舒壓經絡按摩中式推拿刮痧精油按摩局部護理芳療SPA泰式SPA被動式瑜伽",24.996748019474,121.335823015001
"377","臻情養生館","506台灣彰化縣福興鄉彰水路21號","全身按摩半身按摩肩頸按摩背部按摩指壓油壓泰式按摩越式按摩台式按摩中式按摩休閒舒壓經絡按摩中式推拿刮痧精油按摩局部護理芳療SPA泰式SPA被動式瑜伽踩背",24.011356981476,120.486541008803
"378","羽澤足體養生行館","510台灣彰化縣員林市員集路二段510號","全身按摩半身按摩腳底按摩肩頸按摩背部按摩指壓油壓東方指壓台式按摩中式按摩休閒舒壓經絡按摩中式推拿刮痧精油按摩熱石按摩局部護理修凍甲修腳皮足湯芳療SPA",23.947922193421,120.575560676202
"379","足爽檜足體養生會館","526台灣彰化縣二林鎮仁愛路634號","全身按摩半身按摩腳底按摩肩頸按摩背部按摩指壓油壓東方指壓台式按摩中式按摩休閒舒壓經絡按摩中式推拿拔罐刮痧精油按摩局部護理修凍甲修腳皮足湯芳療SPA美容SPA",23.903483682407,120.364519709314
"380","伊水養生會館","512台灣彰化縣永靖鄉中山路三段354號","全身按摩半身按摩肩頸按摩背部按摩指壓油壓泰式按摩越式按摩台式按摩中式按摩休閒舒壓經絡按摩中式推拿拔罐刮痧精油按摩局部護理芳療SPA泰式SPA",23.935654984757,120.556309959179
"381","容自在養生館","520台灣彰化縣田中鎮東閔路二段498號","全身按摩半身按摩肩頸按摩背部按摩指壓油壓泰式按摩越式按摩台式按摩中式按摩休閒舒壓經絡按摩中式推拿刮痧精油按摩局部護理芳療SPA泰式SPA被動式瑜伽踩背",23.858261980982,120.595679004023
"382","泰緣男女瘦身會館","510台灣彰化縣員林市新生路272-1號","全身按摩半身按摩肩頸按摩背部按摩指壓油壓泰式按摩台式按摩中式按摩休閒舒壓經絡按摩中式推拿刮痧精油按摩局部護理芳療SPA泰式SPA",23.96201900391,120.568803018224
"383","傳情越式養生館","500台灣彰化縣彰化市金馬路三段327號","全身按摩半身按摩肩頸按摩背部按摩指壓油壓泰式按摩越式按摩台式按摩中式按摩休閒舒壓經絡按摩中式推拿刮痧精油按摩局部護理芳療SPA泰式SPA被動式瑜伽踩背",24.082932986358,120.530659994358
"384","越想你養生館","632台灣雲林縣虎尾鎮埒內路79-2號","全身按摩半身按摩肩頸按摩背部按摩指壓油壓泰式按摩越式按摩台式按摩中式按摩休閒舒壓經絡按摩中式推拿刮痧精油按摩局部護理芳療SPA泰式SPA被動式瑜伽",23.707873,120.42994
"385","瑋彤SPA","632台灣雲林縣虎尾鎮林森路二段341號","全身按摩半身按摩肩頸按摩背部按摩指壓油壓泰式按摩台式按摩中式按摩休閒舒壓經絡按摩中式推拿刮痧精油按摩局部護理芳療SPA泰式SPA",23.701734004403,120.426961016109
"386","甜蜜養生館(虎尾)","632台灣雲林縣虎尾鎮東仁路221號","全身按摩半身按摩肩頸按摩背部按摩指壓油壓泰式按摩越式按摩台式按摩中式按摩休閒舒壓經絡按摩中式推拿刮痧精油按摩局部護理芳療SPA泰式SPA被動式瑜伽",23.714147016273,120.437148967961
"387","越好養生館","600台灣嘉義市西區友孝路200號","全身按摩肩頸按摩背部按摩指壓油壓泰式按摩越式按摩台式按摩中式按摩休閒舒壓經絡按摩中式推拿刮痧精油按摩局部護理芳療SPA泰式SPA被動式瑜伽",23.485209999366,120.435476023907
"388","夢巴黎男女SPA生活館","600台灣嘉義市西區玉山路102號","全身按摩半身按摩肩頸按摩背部按摩指壓油壓泰式按摩越式按摩台式按摩中式按摩休閒舒壓經絡按摩中式推拿刮痧精油按摩局部護理芳療SPA泰式SPA被動式瑜伽全身去角質",23.472749001101,120.428736973754
"389","泰豪之蒸泰式養生館","201台灣基隆市信義區深溪路125號","全身按摩腳底按摩肩頸按摩背部按摩指壓油壓泰式按摩泰式古法休閒舒壓經絡按摩精油按摩局部護理足湯芳療SPA泰式SPA被動式瑜伽全身去角質踩背",25.134318603731,121.782458760674
"390","靚霏男女SPA健康會館","600台灣嘉義市西區德安路146-2號","全身按摩半身按摩肩頸按摩背部按摩指壓油壓泰式按摩台式按摩中式按摩休閒舒壓經絡按摩中式推拿刮痧精油按摩局部護理芳療SPA泰式SPA被動式瑜伽踩背",23.484062013907,120.428715013167
"391","筑暄美容美體會館","600台灣嘉義市西區世賢路一段661號","全身按摩肩頸按摩背部按摩指壓油壓泰式按摩歐式按摩台式按摩中式按摩休閒舒壓經絡按摩中式推拿拔罐刮痧精油按摩局部護理臉部護膚芳療SPA泰式SPA歐式SPA全身去角質",23.490889996053,120.429309960655
"392","芯靚美顏美體SPA會館","600台灣嘉義市西區八德路340號","全身按摩肩頸按摩背部按摩指壓油壓泰式按摩台式按摩中式按摩休閒舒壓經絡按摩中式推拿拔罐刮痧精油按摩局部護理臉部護膚芳療SPA泰式SPA被動式瑜伽全身去角質",23.491418014044,120.430219983882
"393","夏沐晴SPA養生會館","600台灣嘉義市西區博愛路二段596號","全身按摩半身按摩肩頸按摩背部按摩指壓油壓泰式按摩越式按摩台式按摩中式按摩休閒舒壓經絡按摩中式推拿刮痧精油按摩局部護理芳療SPA泰式SPA被動式瑜伽踩背",23.470940018758,120.430080006099
"394","湘鎂中式指壓油壓","600台灣嘉義市西區民生南路820號","全身按摩腳底按摩肩頸按摩背部按摩指壓油壓泰式按摩台式按摩中式按摩休閒舒壓經絡按摩中式推拿刮痧精油按摩局部護理足湯芳療SPA泰式SPA",23.454140002585,120.441137999502
"395","逢源養生會館","600台灣嘉義市西區博愛路一段326號","全身按摩半身按摩肩頸按摩背部按摩指壓油壓泰式按摩越式按摩台式按摩中式按摩休閒舒壓經絡按摩中式推拿刮痧精油按摩局部護理芳療SPA泰式SPA被動式瑜伽",23.488399984077,120.445047989695
"396","足步足體養生會館-民生南店","600台灣嘉義市西區民生南路128號","全身按摩半身按摩腳底按摩肩頸按摩背部按摩指壓油壓泰式按摩台式按摩中式按摩休閒舒壓經絡按摩中式推拿拔罐刮痧精油按摩局部護理芳療SPA歐式SPA薰香耳燭",23.469823004431,120.446612974837
"397","美美美容護膚","600台灣嘉義市西區八德路95號","全身按摩半身按摩肩頸按摩背部按摩指壓油壓泰式按摩越式按摩台式按摩中式按摩休閒舒壓經絡按摩中式推拿刮痧精油按摩局部護理芳療SPA泰式SPA被動式瑜伽",23.484860012999,120.430579986624
"398","火罐達人健康概念館 – 垂楊店","600台灣嘉義市西區垂楊路570號","全身按摩半身按摩腳底按摩肩頸按摩背部按摩指壓油壓台式按摩中式按摩休閒舒壓經絡按摩中式推拿拔罐刮痧精油按摩局部護理足湯芳療SPA踩背",23.47363899158,120.445377985223
"399","手之匠足體養生會館","600台灣嘉義市西區垂楊路566號","全身按摩半身按摩腳底按摩肩頸按摩頸胸按摩背部按摩指壓台式按摩中式按摩運動按摩理療按摩經絡按摩中式推拿拔罐刮痧局部護理孕婦按摩足湯踩背",23.473649007954,120.445419978558
"400","泰君泰式按摩","200台灣基隆市仁愛區忠四路1號","全身按摩肩頸按摩背部按摩指壓油壓泰式按摩泰式古法休閒舒壓經絡按摩中式推拿精油按摩局部護理芳療SPA泰式SPA被動式瑜伽",25.127804984864,121.739732009238
"401","希真美容美體SPA館","401台灣台中市東區自由路四段352號","全身按摩肩頸按摩背部按摩指壓油壓泰式按摩越式按摩台式按摩中式按摩休閒舒壓經絡按摩中式推拿刮痧精油按摩局部護理芳療SPA泰式SPA被動式瑜伽踩背",24.14255300264,120.706637967707
"402","珍莉養生館","600台灣嘉義市西區南京東街143號","全身按摩肩頸按摩背部按摩指壓油壓泰式按摩越式按摩台式按摩中式按摩休閒舒壓經絡按摩中式推拿刮痧精油按摩局部護理芳療SPA泰式SPA被動式瑜伽踩背",23.457580983386,120.445550987704
"403","康豪養生館","638台灣雲林縣麥寮鄉中山路9號","全身按摩半身按摩腳底按摩肩頸按摩背部按摩指壓台式按摩中式按摩經絡按摩中式推拿拔罐刮痧局部護理修腳皮",23.750170005369,120.261929975945
"404","金鑽男女按摩工作室","638台灣雲林縣麥寮鄉泰順路342-8號","全身按摩半身按摩肩頸按摩背部按摩指壓油壓泰式按摩越式按摩台式按摩中式按摩休閒舒壓經絡按摩中式推拿刮痧精油按摩局部護理芳療SPA泰式SPA被動式瑜伽踩背",23.752773298767,120.247746789943
"405","金皇養生會館","638台灣雲林縣麥寮鄉福德街80號","全身按摩半身按摩肩頸按摩背部按摩指壓油壓泰式按摩越式按摩台式按摩中式按摩休閒舒壓經絡按摩中式推拿刮痧精油按摩局部護理芳療SPA泰式SPA被動式瑜伽踩背",23.751415220905,120.249558286858
"406","愛泰泰式按摩","260台灣宜蘭縣宜蘭市復興路70號","全身按摩半身按摩肩頸按摩背部按摩指壓油壓泰式按摩泰式古法深層組織按摩休閒舒壓經絡按摩中式推拿刮痧精油按摩局部護理芳療SPA泰式SPA被動式瑜伽踩背",24.749888020917,121.754287687016
"407","尊皇男女養生館","260台灣宜蘭縣宜蘭市復興路59號","全身按摩半身按摩肩頸按摩背部按摩指壓油壓泰式按摩泰式古法深層組織按摩休閒舒壓經絡按摩中式推拿刮痧精油按摩局部護理芳療SPA泰式SPA被動式瑜伽踩背",24.749670091434,121.75427092321
"408","秀秀男女養生館","741台灣台南市善化區小新營縱貫公路307號","全身按摩肩頸按摩背部按摩指壓油壓泰式按摩泰式古法越式按摩台式按摩中式按摩休閒舒壓經絡按摩中式推拿刮痧精油按摩局部護理芳療SPA泰式SPA被動式瑜伽踩背",23.135981351701,120.322328801829
"409","芮&18美體按摩工作室","510台灣彰化縣員林市法院街86號","全身按摩半身按摩肩頸按摩背部按摩指壓油壓台式按摩中式按摩休閒舒壓經絡按摩中式推拿滑罐拔罐刮痧精油按摩局部護理臉部護膚臉部按摩芳療SPA美容SPA歐式SPA薰香耳燭全身去角質",23.966856996513,120.573218018083
"410","情人越式洗頭舒壓會館(舊美人魚)","630台灣雲林縣斗南鎮建國三路513號","全身按摩半身按摩腳底按摩肩頸按摩背部按摩指壓油壓泰式按摩越式按摩台式按摩中式按摩休閒舒壓中式推拿滑罐刮痧精油按摩局部護理臉部護膚臉部按摩足湯芳療SPA泰式SPA被動式瑜伽踩背洗頭",23.667662992919,120.47273802593
"411","100舒活養生館","709台灣台南市安南區長溪路一段24號","全身按摩半身按摩肩頸按摩背部按摩指壓油壓泰式按摩越式按摩台式按摩中式按摩休閒舒壓經絡按摩中式推拿刮痧精油按摩局部護理臉部按摩芳療SPA泰式SPA被動式瑜伽",23.033896900264,120.212127640942
"412","碧兒泉經絡養生會館","704台灣台南市北區臨安路二段205號","全身按摩半身按摩肩頸按摩背部按摩指壓油壓泰式按摩台式按摩中式按摩休閒舒壓經絡按摩中式推拿精油按摩局部護理臉部護膚芳療SPA泰式SPA",23.003866008019,120.199458981026
"413","皇金閣泰式男女養生館(金泰皇)","238台灣新北市樹林區中華路110號","全身按摩半身按摩肩頸按摩背部按摩指壓油壓泰式按摩越式按摩休閒舒壓經絡按摩精油按摩局部護理芳療SPA泰式SPA被動式瑜伽踩背",24.980886986005,121.418371014957
"414","彩興SPA養生館(舊一家)","108台灣台北市萬華區康定路174號","全身按摩半身按摩肩頸按摩背部按摩指壓油壓泰式按摩越式按摩台式按摩中式按摩休閒舒壓經絡按摩中式推拿刮痧精油按摩局部護理芳療SPA泰式SPA被動式瑜伽踩背",25.03923500657,121.501775980695
"415","越美養生館","625台灣嘉義縣布袋鎮上海路221號","全身按摩半身按摩肩頸按摩背部按摩指壓油壓泰式按摩越式按摩台式按摩中式按摩休閒舒壓經絡按摩中式推拿刮痧精油按摩局部護理芳療SPA泰式SPA被動式瑜伽洗頭",23.37886699167,120.16061900191
"416","月亮養生館","613台灣嘉義縣朴子市南通路三段815號","全身按摩半身按摩肩頸按摩背部按摩指壓油壓泰式按摩越式按摩台式按摩中式按摩休閒舒壓經絡按摩中式推拿刮痧精油按摩局部護理芳療SPA泰式SPA踩背",23.464753000748,120.242531988883
"417","喜歡你養生會館","400台灣台中市中區市府路130號5樓","全身按摩半身按摩肩頸按摩背部按摩指壓油壓泰式按摩越式按摩台式按摩中式按摩休閒舒壓經絡按摩中式推拿刮痧精油按摩局部護理芳療SPA泰式SPA被動式瑜伽踩背",24.14188898827,120.682789022421
"418","新采姸養生館","242台灣新北市新莊區民安西路412-2號","全身按摩肩頸按摩背部按摩指壓油壓泰式按摩越式按摩台式按摩中式按摩休閒舒壓經絡按摩中式推拿刮痧精油按摩局部護理芳療SPA泰式SPA被動式瑜伽踩背",25.009808994369,121.429135977025
"419","舒筋堂傳統整復推拿","621台灣嘉義縣民雄鄉建國路二段120-66號","全身按摩半身按摩肩頸按摩背部按摩中式按摩穴道按摩醫療按摩經絡按摩中式推拿拔罐刮痧局部護理筋骨整復",23.535202310204,120.436704559455
"420","莉晴SPA會館","811台灣高雄市楠梓區加仁路80巷10號","全身按摩半身按摩肩頸按摩背部按摩指壓油壓泰式按摩越式按摩台式按摩中式按摩休閒舒壓經絡按摩中式推拿刮痧精油按摩局部護理芳療SPA泰式SPA被動式瑜伽踩背",22.727581003088,120.301682995773
"421","美美 養生館","622台灣嘉義縣大林鎮中正路365號","全身按摩半身按摩肩頸按摩背部按摩指壓油壓泰式按摩越式按摩台式按摩中式按摩休閒舒壓經絡按摩中式推拿刮痧精油按摩局部護理芳療SPA泰式SPA被動式瑜伽踩背",23.601413980872,120.45254602118
"422","小園健康養生館","613台灣嘉義縣朴子市四維路二段426號","全身按摩腳底按摩肩頸按摩背部按摩指壓油壓泰式按摩台式按摩中式按摩休閒舒壓經絡按摩中式推拿拔罐刮痧精油按摩局部護理芳療SPA被動式瑜伽踩背",23.462943012576,120.236615873983
"423","阿信養生館","608台灣嘉義縣水上鄉中山路二段396號","全身按摩腳底按摩肩頸按摩背部按摩指壓油壓泰式按摩越式按摩台式按摩中式按摩休閒舒壓經絡按摩中式推拿拔罐刮痧精油按摩局部護理修凍甲泰式SPA被動式瑜伽",23.433788196851,120.398724563605
"424","紫羅蘭泰式養生館","710台灣台南市永康區永大路二段1346號","全身按摩半身按摩肩頸按摩背部按摩指壓油壓泰式按摩越式按摩台式按摩中式按摩休閒舒壓經絡按摩中式推拿刮痧精油按摩局部護理芳療SPA泰式SPA被動式瑜伽踩背",23.022460212476,120.261451536911
"425","薇艾SPA時尚會館","510台灣彰化縣員林市至賢街88號","全身按摩半身按摩肩頸按摩背部按摩指壓油壓泰式按摩越式按摩台式按摩中式按摩休閒舒壓經絡按摩中式推拿精油按摩局部護理芳療SPA泰式SPA被動式瑜伽踩背",23.957868997919,120.564731005842
"426","128養生館","241台灣新北市三重區光興街128號","全身按摩肩頸按摩背部按摩指壓油壓台式按摩中式按摩休閒舒壓經絡按摩中式推拿精油按摩芳療SPA",25.059533210033,121.494910196166
"427","玉珊男女美容坊","265台灣宜蘭縣羅東鎮黎明街25號","全身按摩肩頸按摩背部按摩指壓油壓泰式按摩台式按摩中式按摩休閒舒壓經絡按摩中式推拿刮痧精油按摩芳療SPA泰式SPA",24.678511002417,121.77572499112
"428","采欣越式按摩","801台灣高雄市前金區七賢二路201號","全身按摩半身按摩肩頸按摩背部按摩指壓油壓泰式按摩越式按摩台式按摩中式按摩休閒舒壓經絡按摩中式推拿精油按摩局部護理芳療SPA泰式SPA被動式瑜伽",22.632439989891,120.294167027014
"429","人蔘足體養身會館","403台灣台中市西區臺灣大道二段357號","全身按摩腳底按摩肩頸按摩背部按摩指壓油壓東方指壓台式按摩中式按摩休閒舒壓經絡按摩中式推拿精油按摩修凍甲修腳皮足湯",24.154004987401,120.664460985299
"430","美芙泰式按摩","320台灣桃園市中壢區中明路82號","全身按摩半身按摩肩頸按摩背部按摩指壓油壓泰式按摩越式按摩台式按摩中式按摩休閒舒壓經絡按摩中式推拿刮痧精油按摩局部護理芳療SPA泰式SPA被動式瑜伽踩背",24.957840985133,121.214977009788
"431","馨悅養生會館","510台灣彰化縣員林市中山路426-2號","全身按摩半身按摩肩頸按摩背部按摩指壓油壓泰式按摩越式按摩台式按摩中式按摩休閒舒壓經絡按摩中式推拿刮痧精油按摩局部護理芳療SPA泰式SPA被動式瑜伽踩背",23.999062735671,120.621360160148
"432","好可愛美容生活館","830台灣高雄市鳳山區鳳頂路99號","全身按摩半身按摩肩頸按摩背部按摩指壓油壓泰式按摩越式按摩台式按摩中式按摩休閒舒壓經絡按摩中式推拿刮痧精油按摩局部護理芳療SPA泰式SPA被動式瑜伽踩背",22.586885016685,120.358587987888
"433","天麗養生館","812台灣高雄市小港區中安路579號","全身按摩半身按摩肩頸按摩背部按摩指壓油壓泰式按摩越式按摩台式按摩中式按摩休閒舒壓經絡按摩中式推拿刮痧精油按摩局部護理芳療SPA泰式SPA被動式瑜伽踩背",22.584966985781,120.355401020663
"434","心越養生館(越式洗頭)","820台灣高雄市岡山區維新東街26號","肩頸按摩指壓越式按摩休閒舒壓經絡按摩臉部護膚臉部按摩洗頭",22.793779011254,120.297966962819
"435","JoJoSpa會館","407台灣台中市西屯區文心路三段115號","全身按摩半身按摩肩頸按摩背部按摩指壓油壓泰式按摩歐式按摩瑞典式按摩越式按摩台式按摩中式按摩休閒舒壓經絡按摩中式推拿精油按摩局部護理臉部護膚芳療SPA泰式SPA",24.168783498075,120.654785586826
"436","羽岑足體養生館","220台灣新北市板橋區中山路一段39號","全身按摩半身按摩腳底按摩肩頸按摩背部按摩指壓油壓泰式按摩越式按摩休閒舒壓經絡按摩拔罐刮痧精油按摩局部護理臉部護膚臉部按摩修腳皮掏耳朵洗頭",25.009159019687,121.460727034817
"437","享嬡SPA會館","801台灣高雄市前金區七賢二路328號2樓","全身按摩半身按摩肩頸按摩背部按摩指壓油壓泰式按摩越式按摩台式按摩中式按摩休閒舒壓精油按摩局部護理芳療SPA泰式SPA被動式瑜伽踩背",22.63159152597,120.290640006486
"438","星辰按摩美容館","220台灣新北市板橋區南門街67號","全身按摩半身按摩肩頸按摩背部按摩指壓油壓泰式按摩越式按摩台式按摩中式按摩休閒舒壓經絡按摩中式推拿刮痧精油按摩局部護理芳療SPA泰式SPA被動式瑜伽踩背",25.008090704218,121.457039165058
"439","金玉養生館","802台灣高雄市苓雅區復興二路33-1號","全身按摩半身按摩肩頸按摩背部按摩指壓油壓泰式按摩越式按摩台式按摩中式按摩休閒舒壓經絡按摩中式推拿刮痧精油按摩局部護理芳療SPA泰式SPA被動式瑜伽踩背",22.618891020594,120.310654984932
"440","足好康足體養生館","950台灣台東縣台東市福建路236號","全身按摩半身按摩肩頸按摩背部按摩指壓油壓台式按摩中式按摩休閒舒壓經絡按摩中式推拿刮痧精油按摩局部護理芳療SPA全身去角質踩背",22.751809983864,121.151708979696
"441","泰享養生舒壓工作室","220台灣新北市板橋區大同街8巷6號","全身按摩腳底按摩肩頸按摩背部按摩指壓油壓泰式按摩泰式古法休閒舒壓精油按摩局部護理芳療SPA泰式SPA被動式瑜伽踩背",25.026511780464,121.477076775151
"442","木子李足體工坊","950台灣台東縣台東市博愛路460-1號","全身按摩半身按摩腳底按摩肩頸按摩背部按摩指壓油壓東方指壓台式按摩中式按摩休閒舒壓經絡按摩中式推拿精油按摩足湯芳療SPA",22.754826002174,121.146269962725
"443","黃玫瑰男女按摩越式洗頭","920台灣屏東縣潮州鎮延平路162號","腳底按摩肩頸按摩越式按摩放鬆按摩休閒舒壓局部護理臉部護膚臉部按摩修凍甲美容SPA掏耳朵洗頭",22.555470984688,120.540589029221
"444","京城養生館","820台灣高雄市岡山區大德三路84號","全身按摩半身按摩肩頸按摩背部按摩指壓油壓泰式按摩台式按摩中式按摩經絡按摩中式推拿拔罐刮痧精油按摩",22.789106995126,120.297853610773
"445","釆逸美妍泰式按摩","900台灣屏東縣屏東市自由路西段240號","全身按摩腳底按摩肩頸按摩背部按摩油壓泰式按摩休閒舒壓經絡按摩精油按摩局部護理修凍甲修腳皮足湯芳療SPA泰式SPA被動式瑜伽踩背",22.667225013798,120.478871986493
"446","欣蒂泰式推拿養生館","928台灣屏東縣東港鎮水源路118號之3","全身按摩半身按摩肩頸按摩背部按摩指壓油壓泰式按摩泰式古法休閒舒壓經絡按摩精油按摩局部護理芳療SPA泰式SPA被動式瑜伽踩背",22.467112020807,120.459972974127
"447","康妮養生會館","300台灣新竹市東區西大路132號","全身按摩半身按摩腳底按摩肩頸按摩背部按摩指壓油壓泰式按摩越式按摩台式按摩中式按摩休閒舒壓經絡按摩中式推拿刮痧精油按摩局部護理足湯芳療SPA泰式SPA被動式瑜伽",24.796741602382,120.970171876703
"448","鳳金SPA養生館","900台灣屏東縣屏東市民生路69-6號","全身按摩半身按摩腳底按摩肩頸按摩背部按摩指壓油壓泰式按摩越式按摩台式按摩中式按摩休閒舒壓經絡按摩中式推拿刮痧精油按摩局部護理芳療SPA泰式SPA被動式瑜伽",22.665344994825,120.501400027658
"449","沐蘭泰式男女養生館","920台灣屏東縣潮州鎮介壽路24-1號","全身按摩半身按摩肩頸按摩背部按摩指壓油壓泰式按摩越式按摩台式按摩中式按摩休閒舒壓經絡按摩中式推拿刮痧精油按摩局部護理芳療SPA泰式SPA被動式瑜伽踩背",22.545374982313,120.536735030141
"450","水越養身館","330台灣桃園市桃園區大仁路30號","全身按摩半身按摩肩頸按摩背部按摩指壓油壓泰式按摩越式按摩台式按摩中式按摩休閒舒壓經絡按摩中式推拿刮痧精油按摩局部護理芳療SPA泰式SPA被動式瑜伽",24.973147010884,121.323666992282
"451","旭陽足體養生館","900台灣屏東縣屏東市復興路183號","全身按摩半身按摩腳底按摩肩頸按摩背部按摩指壓油壓東方指壓台式按摩中式按摩休閒舒壓經絡按摩中式推拿精油按摩芳療SPA",22.66493599986,120.488531962265
"452","洪海筋絡推拿","900台灣屏東縣屏東市公園路96號","全身按摩半身按摩腳底按摩肩頸按摩背部按摩指壓台式按摩中式按摩經絡按摩中式推拿拔罐刮痧局部護理",22.67551523263,120.486223108164
"453","雅婷養生館","880台灣澎湖縣馬公市建國路14巷5號","全身按摩腳底按摩肩頸按摩背部按摩指壓油壓泰式按摩越式按摩台式按摩中式按摩休閒舒壓經絡按摩中式推拿精油按摩局部護理芳療SPA泰式SPA被動式瑜伽踩背",23.565921985342,119.566430998764
"454","甜心傳統整復推拿館","434台灣台中市龍井區沙田路五段103號","全身按摩半身按摩肩頸按摩背部按摩指壓油壓泰式按摩台式按摩中式按摩休閒舒壓經絡按摩中式推拿刮痧精油按摩局部護理芳療SPA泰式SPA筋骨整復",24.206952002927,120.548858028161
"455","法緻SPA精品會館","800台灣高雄市新興區和平一路199號7樓","全身按摩半身按摩肩頸按摩背部按摩指壓油壓泰式按摩越式按摩台式按摩中式按摩休閒舒壓精油按摩局部護理芳療SPA泰式SPA歐式SPA被動式瑜伽",22.631115984466,120.317484978734
"456","麗都養生會館","434台灣台中市龍井區沙田路五段267號","全身按摩半身按摩腳底按摩肩頸按摩背部按摩指壓油壓台式按摩中式按摩休閒舒壓經絡按摩中式推拿滑罐拔罐刮痧精油按摩局部護理",24.200007596146,120.54699858676
"457","薇登養生館","893台灣金門縣金城鎮浯江北堤路65號","全身按摩半身按摩肩頸按摩背部按摩指壓油壓泰式按摩台式按摩中式按摩休閒舒壓經絡按摩中式推拿刮痧精油按摩局部護理芳療SPA泰式SPA",24.429307930749,118.315687052875
"458","養晶殿泰式養生館","116台灣台北市文山區羅斯福路六段190號","全身按摩腳底按摩肩頸按摩背部按摩指壓油壓泰式按摩泰式古法休閒舒壓經絡按摩精油按摩局部護理足湯芳療SPA泰式SPA被動式瑜伽踩背",24.994028008075,121.540898010852
"459","戴林泰式按摩","324台灣桃園市平鎮區貿三路10號","全身按摩腳底按摩肩頸按摩背部按摩指壓油壓泰式按摩泰式古法休閒舒壓經絡按摩精油按摩足湯芳療SPA泰式SPA被動式瑜伽踩背",24.927502016037,121.252197018476
"460","泰吉來美容坊","105台灣台北市松山區八德路四段262號","全身按摩半身按摩肩頸按摩背部按摩指壓油壓泰式按摩越式按摩台式按摩中式按摩休閒舒壓經絡按摩中式推拿刮痧精油按摩局部護理芳療SPA泰式SPA被動式瑜伽踩背",25.048904998716,121.566314036756
"461","皇品泰式按摩","116台灣台北市文山區木新路三段188號","全身按摩腳底按摩肩頸按摩背部按摩指壓油壓泰式按摩泰式古法休閒舒壓經絡按摩刮痧精油按摩局部護理足湯芳療SPA泰式SPA被動式瑜伽全身去角質踩背",24.981811007011,121.560285017621
"462","淞SPA舒壓整復","265台灣宜蘭縣羅東鎮西安街385巷157號","全身按摩半身按摩腳底按摩肩頸按摩背部按摩指壓油壓泰式按摩泰式古法台式按摩中式按摩休閒舒壓經絡按摩中式推拿拔罐刮痧精油按摩局部護理足湯芳療SPA泰式SPA薰香耳燭踩背",24.667817998988,121.759916973188
"463","淞殿堂養身行館","265台灣宜蘭縣羅東鎮中正北路165號","全身按摩半身按摩腳底按摩肩頸按摩背部按摩指壓油壓台式按摩中式按摩休閒舒壓經絡按摩中式推拿拔罐刮痧精油按摩局部護理足湯",24.683841012737,121.771146041235
"464","恏足益足體養生館(舊安心圓)","116台灣台北市文山區木新路三段278巷10號","全身按摩腳底按摩肩頸按摩背部按摩指壓油壓東方指壓台式按摩中式按摩穴道按摩經絡按摩中式推拿拔罐刮痧精油按摩修腳皮足湯",24.981884013387,121.558002960662
"465","春天健康養生館","300台灣新竹市東區忠孝路13號","全身按摩半身按摩腳底按摩肩頸按摩背部按摩指壓油壓台式按摩中式按摩休閒舒壓經絡按摩中式推拿刮痧精油按摩局部護理芳療SPA",24.800759802945,120.989857363044
"466","668泰式養生館","900台灣屏東縣屏東市建國路163號","全身按摩半身按摩肩頸按摩背部按摩指壓油壓泰式按摩泰式古法休閒舒壓經絡按摩精油按摩局部護理芳療SPA泰式SPA被動式瑜伽踩背",22.664773013752,120.47233896352
"467","棕櫚樹足體養生館","104台灣台北市中山區天津街60號","全身按摩半身按摩肩頸按摩背部按摩指壓油壓台式按摩中式按摩經絡按摩中式推拿拔罐刮痧精油按摩修凍甲修腳皮足湯芳療SPA掏耳朵",25.051232996394,121.523264277109
"468","泰喜養生館","116台灣台北市文山區興隆路二段220巷27號","全身按摩腳底按摩肩頸按摩背部按摩指壓油壓泰式按摩泰式古法深層組織按摩休閒舒壓經絡按摩精油按摩芳療SPA泰式SPA被動式瑜伽踩背",25.000628002454,121.552417008929
"469","四季美學館","302台灣新竹縣竹北市嘉豐五路二段27號","全身按摩半身按摩肩頸按摩背部按摩指壓油壓泰式按摩越式按摩台式按摩中式按摩休閒舒壓經絡按摩中式推拿刮痧精油按摩局部護理芳療SPA泰式SPA被動式瑜伽踩背",24.810078593348,121.026837900759
"470","采欣越式洗髮","814台灣高雄市仁武區鳳仁路13-1號","全身按摩腳底按摩肩頸按摩背部按摩指壓油壓泰式按摩越式按摩台式按摩中式按摩休閒舒壓經絡按摩精油按摩局部護理臉部護膚臉部按摩修凍甲修腳皮足湯芳療SPA美容SPA泰式SPA薰香耳燭掏耳朵被動式瑜伽踩背美甲美髮洗頭",22.676370005438,120.358107034284
"471","濠湧足體養生會館","435台灣台中市梧棲區中華路二段359號","全身按摩腳底按摩肩頸按摩背部按摩指壓油壓台式按摩中式按摩穴道按摩休閒舒壓經絡按摩中式推拿刮痧精油按摩局部護理臉部護膚修凍甲修腳皮足湯芳療SPA掏耳朵",24.251474996214,120.555834034717
"472","晶漾時尚會館","10491台灣台北市中山區長春路320號","全身按摩半身按摩肩頸按摩背部按摩指壓油壓泰式按摩越式按摩台式按摩中式按摩休閒舒壓經絡按摩中式推拿刮痧精油按摩局部護理足湯芳療SPA泰式SPA被動式瑜伽踩背",25.054482987642,121.540640015872
"473","舒康SPA館","115台灣台北市南港區中南街46-1號","全身按摩肩頸按摩背部按摩指壓油壓泰式按摩台式按摩中式按摩休閒舒壓經絡按摩中式推拿精油按摩芳療SPA泰式SPA",25.054001992128,121.615133006878
"474","雅甄男女養生洗頭","111台灣台北市士林區中山北路六段297號","全身按摩半身按摩腳底按摩肩頸按摩背部按摩指壓泰式按摩越式按摩休閒舒壓局部護理臉部護膚臉部按摩掏耳朵美甲美睫洗頭",25.1106059901,121.525389981235
"475","新樂園男女舒壓會館","103台灣台北市大同區重慶北路二段111號","全身按摩半身按摩肩頸按摩背部按摩指壓油壓泰式按摩越式按摩台式按摩中式按摩休閒舒壓經絡按摩中式推拿刮痧精油按摩局部護理芳療SPA泰式SPA被動式瑜伽",25.057383000412,121.513909959008
"476","金緹娜男女養生會館","526台灣彰化縣二林鎮力行街119號","全身按摩半身按摩肩頸按摩背部按摩指壓油壓泰式按摩越式按摩台式按摩中式按摩休閒舒壓經絡按摩中式推拿刮痧精油按摩局部護理芳療SPA泰式SPA被動式瑜伽踩背",23.899717793912,120.384132933886
"477","麗都男女刮痧舒筋","526台灣彰化縣二林鎮力行街70號","全身按摩半身按摩肩頸按摩背部按摩指壓油壓泰式按摩越式按摩台式按摩中式按摩休閒舒壓經絡按摩中式推拿刮痧精油按摩局部護理芳療SPA泰式SPA被動式瑜伽踩背",23.898277983022,120.384253962144
"478","小香香養生會館","526台灣彰化縣二林鎮力行街67號","全身按摩半身按摩肩頸按摩背部按摩指壓油壓泰式按摩越式按摩台式按摩中式按摩休閒舒壓經絡按摩中式推拿刮痧精油按摩局部護理芳療SPA泰式SPA被動式瑜伽踩背",23.898262979415,120.383887002423
"479","秀秀男女養生館(舊風采)","600台灣嘉義市西區世賢路四段342號","全身按摩半身按摩肩頸按摩背部按摩指壓油壓泰式按摩越式按摩台式按摩中式按摩休閒舒壓經絡按摩中式推拿刮痧精油按摩局部護理芳療SPA泰式SPA被動式瑜伽踩背",23.462909987878,120.449310019822
"480","紫蘿嵐SPA養生館","638台灣雲林縣麥寮鄉沙崙後8-60號","全身按摩半身按摩肩頸按摩背部按摩指壓油壓泰式按摩越式按摩台式按摩中式按摩休閒舒壓經絡按摩中式推拿刮痧精油按摩局部護理芳療SPA泰式SPA被動式瑜伽",23.7874593,120.237025
"481","金賀足體養生按摩館","500台灣彰化縣彰化市永安街315號","全身按摩半身按摩腳底按摩肩頸按摩背部按摩指壓油壓東方指壓台式按摩中式按摩經絡按摩中式推拿拔罐刮痧精油按摩局部護理足湯",24.090941014742,120.543041993185
"482","富麗足體養生坊","115台灣台北市南港區研究院路一段99-7號","全身按摩半身按摩腳底按摩肩頸按摩背部按摩指壓油壓台式按摩中式按摩休閒舒壓經絡按摩中式推拿拔罐刮痧精油按摩足湯芳療SPA",25.051975415578,121.616637474679
"483","Mini兔SPA館養生館","324台灣桃園市平鎮區工業一路2-17號","全身按摩腳底按摩肩頸按摩背部按摩指壓油壓泰式按摩台式按摩中式按摩深層組織按摩休閒舒壓經絡按摩中式推拿拔罐刮痧精油按摩局部護理臉部護膚芳療SPA泰式SPA薰香耳燭掏耳朵全身去角質除毛",24.900630011643,121.204739017973
"484","金樂天養生館","220台灣新北市板橋區南雅西路二段152號","全身按摩腳底按摩肩頸按摩背部按摩指壓油壓泰式按摩台式按摩中式按摩休閒舒壓經絡按摩中式推拿拔罐刮痧精油按摩局部護理芳療SPA",25.013271013747,121.451857975429
"485","禾康泰式SPA","115台灣台北市南港區忠孝東路七段603號","全身按摩腳底按摩肩頸按摩背部按摩指壓油壓泰式按摩泰式古法深層組織按摩休閒舒壓經絡按摩精油按摩局部護理芳療SPA泰式SPA被動式瑜伽踩背",25.05327201218,121.614935026325
"486","姊妹 養生館","330台灣桃園市桃園區寶慶路427號","全身按摩半身按摩肩頸按摩背部按摩指壓油壓泰式按摩越式按摩台式按摩中式按摩休閒舒壓經絡按摩中式推拿刮痧精油按摩局部護理芳療SPA泰式SPA被動式瑜伽",25.018693979373,121.290066959937
"487","姊妹養生館","320台灣桃園市中壢區龍岡路三段104號","全身按摩半身按摩肩頸按摩背部按摩指壓油壓泰式按摩越式按摩台式按摩中式按摩休閒舒壓經絡按摩中式推拿拔罐刮痧精油按摩局部護理芳療SPA泰式SPA被動式瑜伽",24.937105272214,121.232456267005
"488","喬宥足體養生館","545台灣南投縣埔里鎮中正一路29號","全身按摩半身按摩腳底按摩肩頸按摩背部按摩指壓油壓泰式按摩越式按摩台式按摩中式按摩休閒舒壓經絡按摩精油按摩局部護理芳療SPA泰式SPA掏耳朵洗頭",23.968910017968,120.964028025495
"489","天堂鳥指油壓","970台灣花蓮縣花蓮市富吉路76號","全身按摩半身按摩肩頸按摩背部按摩指壓油壓泰式按摩越式按摩台式按摩中式按摩休閒舒壓經絡按摩中式推拿刮痧精油按摩局部護理芳療SPA泰式SPA被動式瑜伽",23.995258991604,121.597061036898
"490","芸妃男女SPA","970台灣花蓮縣花蓮市富吉路76號","全身按摩半身按摩肩頸按摩背部按摩指壓油壓泰式按摩越式按摩台式按摩中式按摩休閒舒壓經絡按摩中式推拿刮痧精油按摩局部護理芳療SPA泰式SPA被動式瑜伽",23.995258991604,121.597061036898
"491","紅樓SPA養生館","970台灣花蓮縣花蓮市國聯三路42號","全身按摩半身按摩肩頸按摩背部按摩指壓油壓泰式按摩越式按摩台式按摩中式按摩休閒舒壓經絡按摩中式推拿刮痧精油按摩局部護理芳療SPA泰式SPA被動式瑜伽踩背",23.99064701702,121.60416897461
"492","村竹養生坊 Changing Spa","973台灣花蓮縣吉安鄉自強路489號","全身按摩腳底按摩肩頸按摩背部按摩指壓油壓泰式按摩台式按摩中式按摩休閒舒壓經絡按摩中式推拿精油按摩局部護理芳療SPA泰式SPA歐式SPA",23.985576007508,121.590863038595
"493","101生活館","801台灣高雄市前金區中華三路199-1號","全身按摩半身按摩肩頸按摩背部按摩指壓油壓泰式按摩越式按摩台式按摩中式按摩休閒舒壓經絡按摩中式推拿刮痧精油按摩局部護理芳療SPA泰式SPA被動式瑜伽踩背",22.632392003495,120.294482018936
"494","養生殿泰國古式按摩","237台灣新北市三峽區復興路1號","全身按摩半身按摩肩頸按摩背部按摩指壓油壓泰式按摩泰式古法休閒舒壓經絡按摩中式推拿刮痧精油按摩局部護理芳療SPA泰式SPA被動式瑜伽踩背",24.93588500886,121.374238031625
"495","芳琳越式養生洗頭","237台灣新北市三峽區復興路36-4號","全身按摩半身按摩腳底按摩肩頸按摩背部按摩指壓油壓泰式按摩越式按摩台式按摩中式按摩休閒舒壓經絡按摩中式推拿刮痧精油按摩局部護理臉部按摩修凍甲修腳皮足湯芳療SPA泰式SPA被動式瑜伽踩背洗頭",24.936606020171,121.374130994721
"496","弘麒養生館","237台灣新北市三峽區長泰街79號","全身按摩半身按摩腳底按摩肩頸按摩背部按摩指壓油壓泰式按摩台式按摩中式按摩休閒舒壓經絡按摩中式推拿拔罐刮痧精油按摩局部護理足湯芳療SPA泰式SPA踩背",24.933108000519,121.375944000378
"497","子玲紓壓SPA館","247台灣新北市蘆洲區永平街32巷21弄2號","全身按摩肩頸按摩背部按摩指壓油壓泰式按摩歐式按摩瑞典式按摩台式按摩中式按摩深層組織按摩休閒舒壓經絡按摩中式推拿拔罐刮痧精油按摩局部護理臉部護膚臉部按摩孕婦按摩芳療SPA美容SPA歐式SPA全身去角質",25.091741008261,121.45917202414
"498","水玲瓏男女美容名店","504台灣彰化縣秀水鄉彰水路一段678號","全身按摩肩頸按摩背部按摩指壓油壓泰式按摩越式按摩台式按摩中式按摩休閒舒壓經絡按摩中式推拿拔罐刮痧精油按摩局部護理芳療SPA泰式SPA被動式瑜伽",24.051652980992,120.512448968604
"499","蓁嬌媚養生館","504台灣彰化縣秀水鄉彰水路一段809號","全身按摩肩頸按摩背部按摩指壓油壓泰式按摩台式按摩中式按摩休閒舒壓經絡按摩中式推拿拔罐刮痧精油按摩局部護理芳療SPA泰式SPA",24.052214400867,120.512545863405
"500","非常泰泰式按摩","237台灣新北市樹林區佳園路三段618號","全身按摩腳底按摩肩頸按摩背部按摩指壓油壓泰式按摩泰式古法休閒舒壓經絡按摩精油按摩局部護理足湯芳療SPA泰式SPA被動式瑜伽踩背",24.943728416666,121.379617537083
"501","金嵐多元複合養生館","802台灣高雄市苓雅區興中一路228-1號","全身按摩半身按摩腳底按摩肩頸按摩背部按摩指壓泰式按摩越式按摩台式按摩中式按摩休閒舒壓經絡按摩中式推拿精油按摩局部護理臉部護膚臉部按摩修腳皮足湯芳療SPA泰式SPA踩背洗頭",22.616789006915,120.307374978581
"502","越美SPA按摩養生館","412台灣台中市大里區塗城路476號","全身按摩半身按摩肩頸按摩背部按摩指壓油壓泰式按摩越式按摩台式按摩中式按摩休閒舒壓經絡按摩中式推拿刮痧精油按摩局部護理芳療SPA泰式SPA被動式瑜伽踩背",24.088172681671,120.70303391698
"503","詸鉁美容SPA館-烏日店","414台灣台中市烏日區中山路三段335號","全身按摩半身按摩肩頸按摩背部按摩指壓油壓泰式按摩台式按摩中式按摩休閒舒壓經絡按摩中式推拿刮痧精油按摩局部護理芳療SPA泰式SPA被動式瑜伽",24.108473986438,120.606516972467
"504","詸鉁美容SPA館-霧峰店","413台灣台中市霧峰區中正路1187號","全身按摩半身按摩肩頸按摩背部按摩指壓油壓泰式按摩台式按摩中式按摩休閒舒壓經絡按摩中式推拿刮痧精油按摩局部護理芳療SPA泰式SPA被動式瑜伽",24.071394290808,120.699418131588
"505","心水灣SPA會館","807台灣高雄市三民區建工路790-1號","全身按摩半身按摩肩頸按摩背部按摩指壓油壓泰式按摩越式按摩台式按摩中式按摩休閒舒壓經絡按摩中式推拿刮痧精油按摩局部護理芳療SPA泰式SPA被動式瑜伽",22.648418998648,120.31838997282
"506","唯楓男女時尚館","108台灣台北市萬華區萬大路309號","全身按摩半身按摩肩頸按摩背部按摩指壓油壓泰式按摩越式按摩台式按摩中式按摩休閒舒壓經絡按摩中式推拿刮痧精油按摩局部護理芳療SPA泰式SPA被動式瑜伽",25.024663989909,121.500549959718
"507","來來 養生館","338台灣桃園市蘆竹區大竹路577號","全身按摩腳底按摩肩頸按摩背部按摩指壓油壓泰式按摩越式按摩台式按摩中式按摩休閒舒壓經絡按摩中式推拿拔罐刮痧精油按摩局部護理足湯芳療SPA泰式SPA洗頭",25.024382399872,121.25849107339
"508","心之怡養生會館","236台灣新北市土城區明德路二段171號","全身按摩半身按摩肩頸按摩背部按摩指壓油壓泰式按摩越式按摩台式按摩中式按摩休閒舒壓經絡按摩中式推拿拔罐刮痧精油按摩局部護理芳療SPA泰式SPA被動式瑜伽踩背",24.983124996062,121.447687978599
"509","喬薇SPA養生館","108台灣台北市萬華區內江街77號","全身按摩半身按摩肩頸按摩背部按摩指壓油壓泰式按摩越式按摩台式按摩中式按摩休閒舒壓經絡按摩中式推拿刮痧精油按摩局部護理芳療SPA泰式SPA被動式瑜伽",25.041625986361,121.504298011541
"510","周師父傳統整復推拿館","436台灣台中市清水區中清路九段468號","全身按摩半身按摩腳底按摩肩頸按摩背部按摩指壓台式按摩中式按摩穴道按摩理療按摩經絡按摩中式推拿拔罐刮痧局部護理筋骨整復",24.273920014628,120.557788526899
"511","佳人養生保健工作室","436台灣台中市清水區49-6 中央路","全身按摩半身按摩腳底按摩肩頸按摩背部按摩指壓油壓泰式按摩台式按摩中式按摩休閒舒壓經絡按摩中式推拿拔罐刮痧精油按摩局部護理修凍甲修腳皮芳療SPA泰式SPA被動式瑜伽",24.274225996004,120.552676990886
"512","蘿姐養生按摩","436台灣台中市清水區中山路409號","全身按摩腳底按摩肩頸按摩背部按摩指壓油壓泰式按摩泰式古法休閒舒壓經絡按摩刮痧精油按摩局部護理足湯芳療SPA泰式SPA",24.272943019994,120.576802036062
"513","泰芹泰式按摩","435台灣台中市梧棲區大智路一段924號","全身按摩肩頸按摩背部按摩指壓油壓泰式按摩泰式古法休閒舒壓經絡按摩中式推拿精油按摩局部護理芳療SPA泰式SPA被動式瑜伽",24.256841629557,120.541677912125
"514","足林養生館","970台灣花蓮縣花蓮市林森路16號","全身按摩半身按摩腳底按摩肩頸按摩背部按摩指壓油壓台式按摩中式按摩休閒舒壓經絡按摩中式推拿拔罐刮痧精油按摩足湯",23.975382984604,121.596837994455
"515","萬紫千紅舒活養生館","325台灣桃園市龍潭區中興路491-3號","全身按摩肩頸按摩背部按摩指壓油壓泰式按摩越式按摩台式按摩中式按摩休閒舒壓經絡按摩中式推拿刮痧精油按摩局部護理芳療SPA泰式SPA被動式瑜伽踩背",24.871782811765,121.227020798822
"516","優越生活館","325台灣桃園市龍潭區中興路491-5號","全身按摩半身按摩肩頸按摩背部按摩指壓油壓泰式按摩越式按摩台式按摩中式按摩休閒舒壓經絡按摩中式推拿拔罐刮痧精油按摩局部護理芳療SPA泰式SPA被動式瑜伽",24.871637008559,121.226994982561
"517","美樂士生活美容","325台灣桃園市龍潭區中興路555號","全身按摩半身按摩肩頸按摩背部按摩指壓油壓泰式按摩越式按摩台式按摩中式按摩休閒舒壓經絡按摩中式推拿刮痧精油按摩局部護理芳療SPA泰式SPA被動式瑜伽",24.871147002499,121.225108970527
"518","真善美 養生館","710台灣台南市永康區文化路3號","全身按摩腳底按摩肩頸按摩背部按摩指壓油壓泰式按摩越式按摩台式按摩中式按摩休閒舒壓經絡按摩中式推拿刮痧精油按摩局部護理芳療SPA泰式SPA被動式瑜伽踩背",23.017088418369,120.262489719439
"519","儂來SPA護膚美容名店","710台灣台南市永康區永大路二段976號","全身按摩半身按摩肩頸按摩背部按摩指壓油壓泰式按摩越式按摩台式按摩中式按摩休閒舒壓經絡按摩中式推拿刮痧精油按摩局部護理芳療SPA泰式SPA被動式瑜伽",23.016837799464,120.263169240329
"520","菲妮娜泰式養生館","234台灣新北市永和區中正路89號1樓","全身按摩半身按摩腳底按摩肩頸按摩背部按摩指壓油壓泰式按摩泰式古法休閒舒壓經絡按摩中式推拿精油按摩局部護理芳療SPA泰式SPA被動式瑜伽全身去角質踩背",24.997134592848,121.515234132072
"521","百合男女養生館","324台灣桃園市平鎮區民族路二段265號","全身按摩半身按摩肩頸按摩背部按摩指壓油壓泰式按摩越式按摩台式按摩中式按摩休閒舒壓經絡按摩中式推拿刮痧精油按摩局部護理芳療SPA泰式SPA被動式瑜伽",24.956711020766,121.201662021317
"522","悅世界養生館","300台灣新竹市北區中華路三段196號","全身按摩半身按摩肩頸按摩背部按摩指壓油壓泰式按摩越式按摩台式按摩中式按摩休閒舒壓經絡按摩中式推拿刮痧精油按摩局部護理芳療SPA泰式SPA被動式瑜伽踩背",24.796865989825,120.957090994789
"523","橘緣養身會館","237台灣新北市樹林區佳園路三段620號","全身按摩腳底按摩肩頸按摩背部按摩指壓油壓台式按摩中式按摩休閒舒壓經絡按摩中式推拿拔罐刮痧精油按摩局部護理臉部按摩足湯芳療SPA",24.943716304816,121.379578477414
"524","泰尚臨養生會館","238台灣新北市樹林區佳園路三段558號","全身按摩腳底按摩肩頸按摩背部按摩指壓油壓泰式按摩泰式古法深層組織按摩休閒舒壓經絡按摩精油按摩局部護理足湯芳療SPA泰式SPA被動式瑜伽踩背",24.943957116894,121.38019002107
"525","楊式足體按摩","239台灣新北市鶯歌區中正一路13號","全身按摩半身按摩腳底按摩肩頸按摩頸胸按摩背部按摩指壓東方指壓台式按摩中式按摩運動按摩穴道按摩經絡按摩中式推拿刮痧局部護理",24.953051020835,121.352405017872
"526","虹景男女泰式按摩工作室","239台灣新北市鶯歌區建國路137號2樓","全身按摩肩頸按摩背部按摩指壓油壓泰式按摩泰式古法台式按摩中式按摩深層組織按摩休閒舒壓經絡按摩中式推拿拔罐刮痧精油按摩局部護理芳療SPA泰式SPA被動式瑜伽全身去角質踩背",24.953777983297,121.351423999924
"527","英琪泰美容館","108台灣台北市萬華區內江街64號","全身按摩半身按摩肩頸按摩背部按摩指壓油壓泰式按摩休閒舒壓經絡按摩中式推拿刮痧精油按摩局部護理芳療SPA泰式SPA被動式瑜伽踩背",25.041472010799,121.504935036183
"528","姿伊男女按摩館","700台灣台南市中西區永華路一段96號","全身按摩半身按摩肩頸按摩背部按摩指壓油壓泰式按摩越式按摩台式按摩中式按摩休閒舒壓經絡按摩中式推拿刮痧精油按摩局部護理芳療SPA泰式SPA被動式瑜伽",22.987845886027,120.194358676762
"529","好健康平衡養生館","406台灣台中市北屯區南京東路三段153號","全身按摩半身按摩腳底按摩肩頸按摩背部按摩指壓油壓東方指壓台式按摩中式按摩理療按摩經絡按摩中式推拿刮痧精油按摩筋骨整復",24.168221994381,120.699896989716
"530","芷萱SPA養生會館","333台灣桃園市龜山區文化三路102號","全身按摩半身按摩肩頸按摩背部按摩指壓油壓泰式按摩越式按摩台式按摩中式按摩休閒舒壓經絡按摩中式推拿拔罐刮痧精油按摩局部護理芳療SPA美容SPA泰式SPA被動式瑜伽踩背",25.057185480863,121.363831898833
"531","憶稀美甲SPA會館","241台灣新北市三重區車路頭街166巷10號","全身按摩肩頸按摩背部按摩指壓油壓泰式按摩越式按摩休閒舒壓經絡按摩中式推拿拔罐刮痧精油按摩局部護理臉部護膚臉部按摩修凍甲修腳皮芳療SPA美容SPA泰式SPA除毛美甲",25.076569009142,121.483359011581
"532","灩慾養生會館","710台灣台南市永康區永大路二段327號","全身按摩半身按摩肩頸按摩背部按摩指壓油壓泰式按摩越式按摩台式按摩中式按摩休閒舒壓經絡按摩中式推拿刮痧精油按摩局部護理芳療SPA泰式SPA被動式瑜伽踩背",23.010485280776,120.262734722468
"533","佳葳養生館","114台灣台北市內湖區內湖路三段18巷1號","全身按摩半身按摩肩頸按摩背部按摩指壓油壓泰式按摩越式按摩台式按摩中式按摩休閒舒壓經絡按摩中式推拿刮痧精油按摩局部護理芳療SPA泰式SPA被動式瑜伽踩背",25.084634998387,121.592904032018
"534","芸彩泰式全身按摩","630台灣雲林縣斗南鎮南昌西路59號","全身按摩半身按摩肩頸按摩背部按摩指壓油壓泰式按摩越式按摩中式按摩休閒舒壓經絡按摩中式推拿刮痧精油按摩局部護理芳療SPA泰式SPA被動式瑜伽踩背",23.67184149738,120.475152265502
"535","雪樂按摩美容坊","630台灣雲林縣斗南鎮建國二路180號","全身按摩半身按摩肩頸按摩背部按摩指壓油壓泰式按摩越式按摩台式按摩中式按摩休閒舒壓經絡按摩中式推拿刮痧精油按摩局部護理芳療SPA泰式SPA被動式瑜伽踩背",23.681004007198,120.46938702486
"536","美漾男女SPA時尚會館","333台灣桃園市龜山區文化三路93號","全身按摩半身按摩肩頸按摩背部按摩指壓油壓泰式按摩越式按摩台式按摩中式按摩休閒舒壓經絡按摩中式推拿刮痧精油按摩局部護理芳療SPA泰式SPA被動式瑜伽踩背",25.057989012011,121.363786971832
"537","苡軒中式泰式SPA養生會館","333台灣桃園市龜山區文化三路59號","全身按摩腳底按摩頸胸按摩指壓油壓泰式按摩越式按摩台式按摩中式按摩休閒舒壓經絡按摩中式推拿刮痧精油按摩局部護理芳療SPA泰式SPA被動式瑜伽踩背",25.05926599496,121.362922965252
"538","珍欣養生會館","333台灣桃園市龜山區文化三路57號","全身按摩半身按摩肩頸按摩背部按摩指壓油壓泰式按摩越式按摩台式按摩中式按摩休閒舒壓經絡按摩中式推拿刮痧精油按摩局部護理芳療SPA泰式SPA被動式瑜伽踩背",25.059342982741,121.362894969696
"539","金莎足體養生會館","333台灣桃園市龜山區文化三路98號","全身按摩半身按摩肩頸按摩背部按摩指壓油壓泰式按摩越式按摩台式按摩中式按摩休閒舒壓經絡按摩中式推拿刮痧精油按摩局部護理芳療SPA泰式SPA被動式瑜伽踩背",25.057305006803,121.36372997489
"540","雅嫚妮美容護膚館","722台灣台南市佳里區佳東路527號","全身按摩半身按摩肩頸按摩背部按摩指壓油壓泰式按摩越式按摩台式按摩中式按摩休閒舒壓經絡按摩中式推拿刮痧精油按摩局部護理芳療SPA泰式SPA被動式瑜伽踩背",23.165828098155,120.182027891363
"541","嬡妮美容美體(舊凱越)","722台灣台南市佳里區佳東路529號","全身按摩半身按摩肩頸按摩背部按摩指壓油壓泰式按摩越式按摩台式按摩中式按摩休閒舒壓經絡按摩中式推拿刮痧精油按摩局部護理芳療SPA泰式SPA被動式瑜伽踩背",23.165868582747,120.182022526945
"542","鳳美美容美體坊","722台灣台南市佳里區佳東路535號","全身按摩半身按摩肩頸按摩背部按摩指壓油壓泰式按摩越式按摩台式按摩中式按摩休閒舒壓經絡按摩中式推拿刮痧精油按摩局部護理芳療SPA泰式SPA被動式瑜伽踩背",23.165975996836,120.182006266053
"543","全順渼時尚館(基隆)","202台灣基隆市中正區中正路84號","全身按摩半身按摩肩頸按摩背部按摩指壓油壓泰式按摩越式按摩台式按摩中式按摩休閒舒壓經絡按摩中式推拿精油按摩局部護理芳療SPA泰式SPA被動式瑜伽踩背",25.137187016726,121.7488630031
"544","全順渼時尚館(嘉義)","600台灣嘉義市西區八德路33號","全身按摩半身按摩肩頸按摩背部按摩指壓油壓泰式按摩越式按摩台式按摩中式按摩休閒舒壓經絡按摩中式推拿刮痧精油按摩局部護理芳療SPA泰式SPA被動式瑜伽踩背",23.482849990708,120.430819960512
"545","覓SPA美學會館","302台灣新竹縣竹北市東興路一段22號","全身按摩半身按摩肩頸按摩背部按摩指壓油壓泰式按摩越式按摩台式按摩中式按摩放鬆按摩休閒舒壓拔罐刮痧精油按摩局部護理芳療SPA泰式SPA歐式SPA被動式瑜伽",24.819889988201,121.029390022638
"546","霞姐按摩","242台灣新北市新莊區五工二路86巷29號2樓","全身按摩肩頸按摩背部按摩油壓泰式按摩台式按摩中式按摩休閒舒壓經絡按摩中式推拿拔罐刮痧精油按摩局部護理臉部護膚臉部按摩芳療SPA美容SPA泰式SPA掏耳朵",25.0672319881,121.460374994883
"547","泰北養生會館","243台灣新北市泰山區明志路一段75號","全身按摩腳底按摩肩頸按摩背部按摩指壓油壓泰式按摩泰式古法休閒舒壓經絡按摩精油按摩局部護理足湯芳療SPA泰式SPA被動式瑜伽踩背",25.064524298098,121.433606213626
"548","楓檙足體養生會館","243台灣新北市泰山區福興二街58號","全身按摩腳底按摩肩頸按摩背部按摩指壓油壓台式按摩中式按摩休閒舒壓經絡按摩中式推拿拔罐刮痧精油按摩局部護理臉部護膚芳療SPA美甲美睫",25.057555206612,121.432360662814
"549","秀美男女健康美容坊","222台灣新北市深坑區北深路三段243巷3號","全身按摩半身按摩肩頸按摩頸胸按摩背部按摩指壓油壓泰式按摩台式按摩中式按摩休閒舒壓經絡按摩中式推拿刮痧精油按摩局部護理臉部護膚芳療SPA美容SPA泰式SPA",25.003701981624,121.599350972846
"550","慧順傳統整復推拿","222台灣新北市深坑區北深路二段156號2樓","全身按摩半身按摩腳底按摩肩頸按摩背部按摩指壓台式按摩中式按摩運動按摩穴道按摩足反射按摩理療按摩經絡按摩中式推拿局部護理筋骨整復",25.002722011415,121.615167959414
"551","薇閣時尚會館(舊雅漾)","244台灣新北市林口區忠孝路71號","全身按摩半身按摩肩頸按摩背部按摩指壓油壓泰式按摩越式按摩台式按摩中式按摩休閒舒壓經絡按摩中式推拿刮痧精油按摩局部護理芳療SPA泰式SPA被動式瑜伽",25.07482398072,121.365713971372
"552","愛尚美男女SPA會館(舊百合)","333台灣桃園市龜山區文化三路402號","全身按摩半身按摩肩頸按摩背部按摩指壓油壓泰式按摩越式按摩台式按摩中式按摩休閒舒壓經絡按摩中式推拿刮痧精油按摩局部護理芳療SPA泰式SPA被動式瑜伽踩背",25.053880999356,121.366849970709
"553","啾咪按摩養生會館","334台灣桃園市八德區中華路271號","全身按摩半身按摩肩頸按摩背部按摩指壓油壓泰式按摩越式按摩台式按摩中式按摩休閒舒壓經絡按摩中式推拿拔罐刮痧精油按摩局部護理芳療SPA泰式SPA被動式瑜伽",24.981920013661,121.276720036416
"554","晶艾萊養生會館","333台灣桃園市龜山區復興一路380號","全身按摩半身按摩肩頸按摩背部按摩指壓油壓泰式按摩越式按摩台式按摩中式按摩休閒舒壓經絡按摩中式推拿刮痧精油按摩局部護理芳療SPA泰式SPA被動式瑜伽",25.054572003453,121.360917008184
"555","錢逸足體養生會館","333台灣桃園市龜山區復興一路378號","全身按摩半身按摩肩頸按摩背部按摩指壓油壓泰式按摩越式按摩台式按摩中式按摩休閒舒壓經絡按摩中式推拿刮痧精油按摩局部護理芳療SPA泰式SPA",25.054613996788,121.360985991247
"556","海悅健康館","222台灣新北市深坑區北深路三段299號","全身按摩半身按摩腳底按摩肩頸按摩背部按摩指壓台式按摩中式按摩穴道按摩足反射按摩休閒舒壓經絡按摩中式推拿局部護理足湯",25.004621099217,121.598138195275
"557","飛馬足體養生館","900台灣屏東縣屏東市華正路26號","全身按摩腳底按摩肩頸按摩背部按摩指壓油壓泰式按摩台式按摩中式按摩休閒舒壓經絡按摩中式推拿拔罐刮痧精油按摩局部護理足湯芳療SPA",22.686965988338,120.503013963114
"558","妡宏鼎工作室(舊欣花開)","224台灣新北市瑞芳區三爪子坑路281-15號","全身按摩肩頸按摩背部按摩指壓油壓泰式按摩台式按摩中式按摩深層組織按摩經絡按摩中式推拿精油按摩芳療SPA",25.107405779468,121.816722388294
"559","雲暮男女養生會館","407台灣台中市西屯區文心路三段297號","全身按摩肩頸按摩背部按摩指壓油壓泰式按摩歐式按摩越式按摩台式按摩中式按摩深層組織按摩休閒舒壓經絡按摩中式推拿拔罐刮痧局部護理芳療SPA泰式SPA被動式瑜伽踩背",24.172885014756,120.664742030513
"560","星羽泰式養生館","351台灣苗栗縣頭份市民族路682號","全身按摩肩頸按摩背部按摩指壓油壓泰式按摩越式按摩台式按摩中式按摩休閒舒壓經絡按摩中式推拿刮痧精油按摩局部護理芳療SPA泰式SPA被動式瑜伽",24.685259985125,120.887969965529
"561","馨悅養生館","811台灣高雄市楠梓區軍校路856號","全身按摩肩頸按摩背部按摩指壓油壓泰式按摩台式按摩中式按摩深層組織按摩休閒舒壓經絡按摩中式推拿滑罐拔罐刮痧精油按摩局部護理芳療SPA泰式SPA歐式SPA薰香耳燭被動式瑜伽",22.711386998515,120.292486036333
"562","勁道養生館","208台灣新北市金山區仁愛路37-13號","全身按摩半身按摩肩頸按摩背部按摩指壓油壓台式按摩中式按摩休閒舒壓經絡按摩中式推拿拔罐刮痧精油按摩局部護理臉部按摩薰香耳燭全身去角質",25.220138018588,121.635704041289
"563","金悅足體按摩","208台灣新北市金山區中山路112號","全身按摩半身按摩腳底按摩肩頸按摩背部按摩指壓油壓泰式按摩台式按摩中式按摩休閒舒壓經絡按摩中式推拿拔罐刮痧精油按摩芳療SPA泰式SPA被動式瑜伽",25.219625381389,121.639666418377
"564","永福養生館","208台灣新北市金山區信義路27號","全身按摩半身按摩腳底按摩肩頸按摩背部按摩指壓油壓台式按摩中式按摩休閒舒壓經絡按摩中式推拿拔罐刮痧精油按摩",25.219795995029,121.635681996884
"565","福爾摩舒男女養生會館","247台灣新北市蘆洲區三民路18號","全身按摩半身按摩腳底按摩肩頸按摩背部按摩指壓油壓泰式按摩台式按摩中式按摩休閒舒壓經絡按摩中式推拿拔罐刮痧精油按摩臉部護膚臉部按摩足湯芳療SPA泰式SPA被動式瑜伽",25.082431018857,121.476034988405
"566","身心靈養生會館","206台灣基隆市七堵區崇義街5-1號2樓","全身按摩半身按摩腳底按摩肩頸按摩背部按摩指壓油壓泰式按摩台式按摩中式按摩經絡按摩中式推拿精油按摩芳療SPA泰式SPA",25.097874004905,121.715654992366
"567","莎哇帝卡泰式男女養生館","206台灣基隆市七堵區明德一路113號","全身按摩半身按摩腳底按摩肩頸按摩背部按摩指壓油壓泰式按摩泰式古法休閒舒壓經絡按摩精油按摩局部護理芳療SPA泰式SPA被動式瑜伽踩背",25.097861809236,121.714905398765
"568","明宗全身按摩","206台灣基隆市七堵區南興路122號","全身按摩半身按摩腳底按摩肩頸按摩背部按摩指壓油壓台式按摩中式按摩運動按摩穴道按摩理療按摩經絡按摩中式推拿精油按摩局部護理",25.0964140031,121.711758999951
"569","Love SPA越式養生洗髮-台南店","708台灣台南市安平區慶平路9號","全身按摩半身按摩腳底按摩肩頸按摩背部按摩指壓越式按摩台式按摩中式按摩休閒舒壓局部護理臉部護膚臉部按摩足湯水療SPA美容SPA薰香耳燭掏耳朵踩背洗頭",22.996736780273,120.183892278086
"570","68 SPA 養生館","800台灣高雄市新興區大同一路179號","全身按摩半身按摩肩頸按摩背部按摩指壓油壓泰式按摩越式按摩台式按摩中式按摩休閒舒壓經絡按摩中式推拿刮痧精油按摩局部護理芳療SPA泰式SPA被動式瑜伽踩背",22.62885098468,120.301003977797
"571","足養身個人工作室","203台灣基隆市中山區復興路271號","全身按摩半身按摩腳底按摩肩頸按摩背部按摩指壓東方指壓台式按摩中式按摩穴道按摩經絡按摩中式推拿拔罐刮痧局部護理",25.149247988662,121.726148967504
"572","金銀島泰式SPA會館","203台灣基隆市中山區復興路13號","全身按摩腳底按摩肩頸按摩背部按摩指壓油壓泰式按摩泰式古法休閒舒壓經絡按摩精油按摩局部護理足湯芳療SPA泰式SPA被動式瑜伽踩背",25.141332999403,121.726845000743
"573","不老足足體養生館","206台灣基隆市七堵區明德一路161號","全身按摩腳底按摩肩頸按摩背部按摩指壓油壓台式按摩中式按摩休閒舒壓經絡按摩中式推拿精油按摩局部護理足湯芳療SPA泰式SPA",25.097292007458,121.71351903198
"574","巧克力泰式養生舒活館","206台灣基隆市七堵區崇智街74號","全身按摩半身按摩腳底按摩肩頸按摩背部按摩指壓油壓泰式按摩泰式古法休閒舒壓經絡按摩中式推拿拔罐刮痧精油按摩局部護理芳療SPA泰式SPA被動式瑜伽全身去角質踩背",25.099816301418,121.713550967031
"575","大園專業高級刮痧王","337台灣桃園市大園區中正東路141號","全身按摩半身按摩腳底按摩肩頸按摩背部按摩指壓油壓台式按摩中式按摩能量按摩穴道按摩經絡按摩中式推拿拔罐刮痧精油按摩局部護理踩背",25.062192997458,121.202647984588
"576","清邁泰式經絡舒壓養生館","337台灣桃園市大園區新興路152號","全身按摩腳底按摩肩頸按摩背部按摩指壓油壓泰式按摩休閒舒壓經絡按摩中式推拿精油按摩局部護理芳療SPA泰式SPA被動式瑜伽踩背",25.061002012836,121.195279034411
"577","湘瑩個人工作室","337台灣桃園市大園區大觀路526-1號2 樓","全身按摩肩頸按摩背部按摩指壓油壓泰式按摩台式按摩中式按摩休閒舒壓經絡按摩中式推拿拔罐刮痧精油按摩局部護理芳療SPA泰式SPA被動式瑜伽",25.065308006045,121.182921007826
"578","青媞養身會館","333台灣桃園市龜山區文二一街8號","全身按摩半身按摩肩頸按摩背部按摩指壓油壓泰式按摩越式按摩台式按摩中式按摩休閒舒壓經絡按摩中式推拿刮痧精油按摩局部護理芳療SPA泰式SPA被動式瑜伽踩背",25.060744981775,121.363783032337
"579","夢娜美容美體健康SPA會館","333台灣桃園市龜山區文二一街6號","全身按摩半身按摩肩頸按摩背部按摩指壓油壓泰式按摩越式按摩台式按摩中式按摩休閒舒壓經絡按摩中式推拿刮痧精油按摩局部護理芳療SPA泰式SPA被動式瑜伽踩背",25.060753992321,121.363831982652
"580","秀秀生活館(舊中國城)","337台灣桃園市大園區大觀路598號","全身按摩半身按摩腳底按摩肩頸按摩背部按摩指壓油壓泰式按摩越式按摩台式按摩中式按摩休閒舒壓經絡按摩中式推拿刮痧精油按摩局部護理足湯芳療SPA泰式SPA被動式瑜伽踩背",25.062485986884,121.176149016794
"581","公主殿養生館","337台灣桃園市大園區大觀路598號","全身按摩半身按摩肩頸按摩背部按摩指壓油壓泰式按摩台式按摩中式按摩休閒舒壓經絡按摩中式推拿刮痧精油按摩局部護理芳療SPA泰式SPA被動式瑜伽踩背",25.062485986884,121.176149016794
"582","沙麗雅養生館","337台灣桃園市大園區大觀路590號","全身按摩肩頸按摩背部按摩指壓油壓泰式按摩台式按摩中式按摩休閒舒壓經絡按摩中式推拿拔罐刮痧精油按摩局部護理臉部護膚芳療SPA美容SPA泰式SPA被動式瑜伽",25.062600986596,121.176421009552
"583","雅筑養生館","337台灣桃園市大園區大觀路592號","全身按摩半身按摩肩頸按摩背部按摩指壓油壓泰式按摩越式按摩台式按摩中式按摩休閒舒壓經絡按摩中式推拿刮痧精油按摩局部護理芳療SPA泰式SPA被動式瑜伽踩背",25.062568003807,121.176345991519
"584","金角養生館","401台灣台中市東區復興路四段132號","全身按摩半身按摩腳底按摩肩頸按摩背部按摩指壓油壓台式按摩中式按摩運動按摩經絡按摩中式推拿刮痧精油按摩足湯芳療SPA",24.135668610286,120.686374884418
"585","大自然足體養生館","360台灣苗栗縣苗栗市為公路132-1號","全身按摩半身按摩腳底按摩肩頸按摩背部按摩指壓油壓泰式按摩台式按摩中式按摩穴道按摩休閒舒壓經絡按摩中式推拿拔罐刮痧精油按摩局部護理臉部護膚足湯芳療SPA泰式SPA薰香耳燭掏耳朵",24.570289987405,120.826022001368
"586","吳師父泰式養生館","337台灣桃園市大園區大工路46號","全身按摩半身按摩腳底按摩肩頸按摩背部按摩指壓油壓泰式按摩泰式古法越式按摩台式按摩中式按摩休閒舒壓經絡按摩中式推拿拔罐刮痧精油按摩局部護理芳療SPA泰式SPA被動式瑜伽踩背",25.065878981289,121.18068203385
"587","趙敏SPA生活館","337台灣桃園市大園區新生路157號","肩頸按摩背部按摩指壓油壓泰式按摩越式按摩台式按摩中式按摩休閒舒壓經絡按摩中式推拿精油按摩局部護理芳療SPA美容SPA泰式SPA全身去角質美甲美睫",25.063677306782,121.20078569334
"588","按棧男女推拿館","420台灣台中市豐原區圓環東路510號","全身按摩半身按摩肩頸按摩背部按摩指壓油壓泰式按摩越式按摩台式按摩中式按摩休閒舒壓經絡按摩中式推拿拔罐刮痧精油按摩局部護理芳療SPA泰式SPA被動式瑜伽踩背筋骨整復洗頭",24.24724397913,120.726666190069
"589","嘉鈴工作坊","337台灣桃園市大園區永興路115號","全身按摩半身按摩腳底按摩肩頸按摩背部按摩指壓油壓泰式按摩越式按摩台式按摩中式按摩休閒舒壓經絡按摩中式推拿刮痧精油按摩足湯芳療SPA泰式SPA被動式瑜伽踩背",25.062848001282,121.19303100798
"590","沐雲美容美體","337台灣桃園市大園區中山南路90號","全身按摩半身按摩肩頸按摩背部按摩指壓油壓泰式按摩越式按摩台式按摩中式按摩休閒舒壓經絡按摩中式推拿刮痧精油按摩局部護理芳療SPA泰式SPA被動式瑜伽",25.062268099311,121.19753167089
"591","麗芯美容養生會館","300台灣新竹市香山區中華路四段531號","全身按摩半身按摩肩頸按摩背部按摩指壓油壓泰式按摩越式按摩台式按摩中式按摩休閒舒壓經絡按摩中式推拿刮痧精油按摩局部護理芳療SPA泰式SPA被動式瑜伽踩背",24.790570007074,120.93615702397
"592","泰健康養生館","300台灣新竹市香山區牛埔路172-7號","全身按摩腳底按摩肩頸按摩背部按摩指壓油壓泰式按摩泰式古法休閒舒壓經絡按摩中式推拿精油按摩足湯芳療SPA泰式SPA被動式瑜伽踩背",24.799869016185,120.951317958977
"593","櫻花養生館(舊新非常越)","300台灣新竹市香山區中華路四段166號","全身按摩半身按摩肩頸按摩背部按摩指壓油壓泰式按摩越式按摩台式按摩中式按摩休閒舒壓經絡按摩中式推拿刮痧精油按摩局部護理芳療SPA泰式SPA被動式瑜伽",24.795920008233,120.9500399702
"594","泰安泰式健康養生館","300台灣新竹市香山區牛埔東路111號","全身按摩腳底按摩肩頸按摩背部按摩指壓油壓泰式按摩越式按摩台式按摩中式按摩休閒舒壓經絡按摩中式推拿拔罐刮痧精油按摩局部護理足湯芳療SPA泰式SPA被動式瑜伽全身去角質踩背",24.797474013082,120.947653977642
"595","尚宜養生館","300台灣新竹市香山區中山路640巷160-2號","全身按摩肩頸按摩指壓油壓泰式按摩台式按摩中式按摩休閒舒壓經絡按摩中式推拿拔罐刮痧精油按摩芳療SPA泰式SPA",24.795556988006,120.952110970836
"596","泰極泰式養生館","928台灣屏東縣東港鎮新生三路27號","全身按摩腳底按摩肩頸按摩背部按摩指壓油壓泰式按摩泰式古法休閒舒壓經絡按摩中式推拿拔罐刮痧精油按摩局部護理足湯芳療SPA泰式SPA被動式瑜伽踩背",22.467442980254,120.445506982713
"597","貞情純按摩院","913台灣屏東縣萬丹鄉萬丹路二段432號","全身按摩半身按摩肩頸按摩背部按摩指壓油壓泰式按摩台式按摩中式按摩休閒舒壓經絡按摩中式推拿拔罐刮痧精油按摩局部護理芳療SPA泰式SPA",22.610046981187,120.486630024615
"598","泰美養生館","300台灣新竹市香山區經國路三段95號","全身按摩半身按摩肩頸按摩背部按摩指壓油壓泰式按摩泰式古法休閒舒壓經絡按摩中式推拿精油按摩局部護理芳療SPA泰式SPA被動式瑜伽踩背",24.797994990273,120.953236995709
"599","百金美容舒壓會館","10491台灣台北市中山區農安街123號","全身按摩半身按摩肩頸按摩背部按摩指壓油壓泰式按摩越式按摩台式按摩中式按摩休閒舒壓經絡按摩中式推拿刮痧精油按摩局部護理芳療SPA泰式SPA被動式瑜伽踩背",25.064943016071,121.529734992203
"600","歐悦舒壓養生館","304台灣新竹縣新豐鄉中興路2號","全身按摩半身按摩肩頸按摩背部按摩指壓油壓泰式按摩越式按摩台式按摩中式按摩休閒舒壓經絡按摩中式推拿刮痧精油按摩局部護理芳療SPA泰式SPA被動式瑜伽踩背",24.873470005055,121.000480000396
"601","安喬泰式按摩","304台灣新竹縣新豐鄉建興路二段778號","全身按摩半身按摩肩頸按摩背部按摩指壓油壓泰式按摩休閒舒壓經絡按摩精油按摩局部護理芳療SPA泰式SPA踩背",24.900391797954,120.987229384942
"602","珍甄養生館","303台灣新竹縣湖口鄉新興路774號","全身按摩半身按摩腳底按摩肩頸按摩背部按摩指壓油壓泰式按摩越式按摩台式按摩中式按摩休閒舒壓經絡按摩中式推拿刮痧精油按摩局部護理足湯芳療SPA泰式SPA被動式瑜伽踩背",24.882384997272,121.010771971667
"603","金紅健康養生會館","300台灣新竹市北區北大路259號","全身按摩半身按摩肩頸按摩背部按摩指壓油壓泰式按摩越式按摩台式按摩中式按摩休閒舒壓經絡按摩中式推拿刮痧精油按摩局部護理芳療SPA泰式SPA被動式瑜伽踩背",24.806995016898,120.964028025495
"604","凱紅養生館","304台灣新竹縣新豐鄉新興路146-2號","全身按摩半身按摩肩頸按摩背部按摩指壓油壓泰式按摩越式按摩台式按摩中式按摩休閒舒壓經絡按摩中式推拿刮痧精油按摩局部護理芳療SPA泰式SPA被動式瑜伽踩背",24.867403015898,120.993747991041
"605","泰式純古式桑拿油壓","702台灣台南市南區夏林路152號","全身按摩腳底按摩肩頸按摩背部按摩指壓油壓泰式按摩泰式古法休閒舒壓經絡按摩中式推拿精油按摩局部護理足湯芳療SPA泰式SPA被動式瑜伽踩背",22.981010611626,120.194769473837
"606","傳奇養生館","304台灣新竹縣新豐鄉泰安街100號","全身按摩肩頸按摩背部按摩指壓油壓泰式按摩越式按摩台式按摩中式按摩休閒舒壓經絡按摩中式推拿拔罐刮痧精油按摩局部護理芳療SPA泰式SPA",24.870806990597,120.99349100189
"607","紅軒按摩店","265台灣宜蘭縣羅東鎮陽明路13號","全身按摩肩頸按摩背部按摩指壓油壓泰式按摩越式按摩台式按摩中式按摩休閒舒壓經絡按摩中式推拿刮痧精油按摩局部護理芳療SPA泰式SPA被動式瑜伽",24.675445614697,121.776144170098
"608","心悅美容SPA","813台灣高雄市左營區部後街42巷60弄35號","全身按摩肩頸按摩背部按摩指壓油壓泰式按摩台式按摩中式按摩休閒舒壓經絡按摩中式推拿精油按摩臉部按摩芳療SPA美睫",22.6820977,120.2972274
"609","鼎鋒美式傳統整復推拿","304台灣新竹縣新豐鄉文林街45號","肩頸按摩背部按摩指壓台式按摩中式按摩放鬆按摩運動按摩穴道按摩足反射按摩理療按摩經絡按摩中式推拿局部護理筋骨整復",24.870159991491,120.991829960138
"610","泰國師父泰國古式男女按摩","702台灣台南市南區夏林路162號","全身按摩腳底按摩肩頸按摩背部按摩指壓油壓泰式按摩泰式古法深層組織按摩休閒舒壓經絡按摩中式推拿精油按摩局部護理足湯芳療SPA泰式SPA被動式瑜伽踩背",22.980764183673,120.194766204895
"611","釋藝堂推拿中心","308台灣新竹縣寶山鄉雙園路二段250號","肩頸按摩背部按摩台式按摩中式按摩運動按摩穴道按摩足反射按摩理療按摩醫療按摩經絡按摩中式推拿拔罐刮痧局部護理筋骨整復",24.766705010443,120.992535967842
"612","庭豪推拿養生館","269台灣宜蘭縣冬山鄉冬山路三段529號","全身按摩半身按摩肩頸按摩背部按摩指壓油壓泰式按摩越式按摩台式按摩中式按摩休閒舒壓經絡按摩中式推拿刮痧精油按摩局部護理芳療SPA泰式SPA被動式瑜伽踩背",24.664151000168,121.774267964891
"613","伊戀舒壓館","269台灣宜蘭縣冬山鄉冬山路三段532號","全身按摩肩頸按摩背部按摩指壓油壓泰式按摩越式按摩台式按摩中式按摩休閒舒壓經絡按摩中式推拿刮痧精油按摩局部護理芳療SPA泰式SPA被動式瑜伽",24.664204979625,121.774613969854
"614","純健養生館","269台灣宜蘭縣冬山鄉冬山路三段532號","全身按摩半身按摩肩頸按摩背部按摩指壓油壓泰式按摩越式按摩台式按摩中式按摩休閒舒壓經絡按摩中式推拿刮痧精油按摩局部護理芳療SPA泰式SPA被動式瑜伽",24.664204979625,121.774613969854
"615","隨喜傳統整復","261台灣宜蘭縣頭城鎮青雲路三段66號","肩頸按摩背部按摩指壓台式按摩中式按摩理療按摩經絡按摩中式推拿拔罐刮痧局部護理筋骨整復",24.85549199621,121.823710967705
"616","吉安傳統整復推拿","261台灣宜蘭縣頭城鎮頭濱路二段207巷12號","肩頸按摩背部按摩指壓東方指壓台式按摩中式按摩運動按摩穴道按摩足反射按摩經絡按摩中式推拿局部護理筋骨整復",24.830862989105,121.821716996758
"617","新圓足體養生會館","300台灣新竹市東區新源街130號","全身按摩半身按摩腳底按摩肩頸按摩背部按摩指壓東方指壓台式按摩中式按摩休閒舒壓經絡按摩中式推拿刮痧臉部護膚修凍甲修腳皮足湯",24.80219298266,120.993152289182
"618","真愛健康養生會館","300台灣新竹市東區食品路358號","全身按摩半身按摩肩頸按摩背部按摩指壓油壓泰式按摩越式按摩台式按摩中式按摩休閒舒壓經絡按摩中式推拿刮痧精油按摩局部護理泰式SPA被動式瑜伽踩背",24.794065009241,120.969616994713
"619","溫馨男女養生館","269台灣宜蘭縣冬山鄉冬山路五段176號","全身按摩半身按摩肩頸按摩背部按摩指壓油壓泰式按摩越式按摩台式按摩中式按摩休閒舒壓經絡按摩中式推拿刮痧精油按摩局部護理芳療SPA泰式SPA被動式瑜伽踩背",24.667087013213,121.771547031482
"620","王朝舒壓館","270台灣宜蘭縣蘇澳鎮蘇東北路10-2號","全身按摩半身按摩肩頸按摩背部按摩指壓油壓泰式按摩越式按摩台式按摩中式按摩休閒舒壓經絡按摩中式推拿刮痧精油按摩局部護理芳療SPA泰式SPA",24.596869002374,121.855204963058
"621","蘋侒傳統整復推拿","511台灣彰化縣社頭鄉山腳路三段144巷1弄3號","全身按摩半身按摩腳底按摩肩頸按摩背部按摩指壓油壓日式按摩台式按摩中式按摩運動按摩穴道按摩理療按摩經絡按摩中式推拿拔罐刮痧精油按摩局部護理筋骨整復",23.916625005154,120.607605027318
"622","越鑽舒壓養生館","303台灣新竹縣湖口鄉新興路610號","全身按摩半身按摩肩頸按摩背部按摩指壓油壓泰式按摩越式按摩台式按摩中式按摩休閒舒壓經絡按摩中式推拿刮痧精油按摩局部護理芳療SPA泰式SPA被動式瑜伽踩背",24.879695998914,121.007452989466
"623","伊林SPA時尚會館(舊花漾)","508台灣彰化縣和美鎮彰美路三段230號","全身按摩半身按摩肩頸按摩背部按摩指壓油壓泰式按摩越式按摩台式按摩中式按摩休閒舒壓經絡按摩中式推拿刮痧精油按摩局部護理芳療SPA泰式SPA被動式瑜伽踩背",24.101769008721,120.521204034109
"624","佳麗寶SPA會館","600台灣嘉義市西區高鐵大道187號","全身按摩半身按摩肩頸按摩背部按摩指壓油壓泰式按摩台式按摩中式按摩休閒舒壓經絡按摩中式推拿精油按摩局部護理臉部護膚芳療SPA泰式SPA",23.478282985035,120.426825983649
"625","心緣養生館","812台灣高雄市小港區宏平路57號","全身按摩半身按摩肩頸按摩背部按摩指壓油壓泰式按摩越式按摩放鬆按摩休閒舒壓經絡按摩拔罐刮痧精油按摩局部護理臉部護膚臉部按摩修凍甲水療SPA芳療SPA美容SPA泰式SPA掏耳朵踩背美甲洗頭",22.57164600425,120.364513993433
"626","臻愛越式生活館","334台灣桃園市八德區和平路27號","全身按摩半身按摩肩頸按摩背部按摩指壓油壓泰式按摩越式按摩台式按摩中式按摩休閒舒壓經絡按摩中式推拿精油按摩局部護理芳療SPA泰式SPA被動式瑜伽踩背",24.957825981527,121.299987026164
"627","福氣養生館","265台灣宜蘭縣羅東鎮中山路三段273號","半身按摩腳底按摩肩頸按摩背部按摩指壓台式按摩中式按摩穴道按摩經絡按摩中式推拿拔罐刮痧局部護理孕婦按摩修凍甲修腳皮",24.674969983601,121.767279972214
"628","越美蘭養生館","513台灣彰化縣埔心鄉員鹿路五段251號","全身按摩半身按摩肩頸按摩背部按摩指壓油壓泰式按摩越式按摩台式按摩中式按摩休閒舒壓經絡按摩中式推拿刮痧精油按摩局部護理芳療SPA泰式SPA被動式瑜伽踩背",23.950703979447,120.515749007704
"629","柔媚泰式古法養生會館","247台灣新北市蘆洲區長榮路703號","全身按摩半身按摩肩頸按摩背部按摩指壓油壓泰式按摩越式按摩台式按摩中式按摩休閒舒壓經絡按摩中式推拿拔罐刮痧精油按摩局部護理芳療SPA泰式SPA被動式瑜伽踩背",25.093000389213,121.460684706206
"630","紫蘿蘭養生館","265台灣宜蘭縣羅東鎮純精路二段70號","全身按摩肩頸按摩背部按摩指壓油壓泰式按摩越式按摩台式按摩中式按摩休閒舒壓經絡按摩中式推拿刮痧精油按摩局部護理芳療SPA泰式SPA被動式瑜伽",24.675787009613,121.763855964767
"631","明星男女養生館","265台灣宜蘭縣羅東鎮站前路56巷2號","全身按摩半身按摩肩頸按摩背部按摩指壓油壓泰式按摩越式按摩台式按摩中式按摩休閒舒壓經絡按摩中式推拿刮痧精油按摩局部護理芳療SPA泰式SPA被動式瑜伽",24.676150993759,121.773639992705
"632","愛情海養生館","265台灣宜蘭縣羅東鎮純精路三段47號","全身按摩半身按摩肩頸按摩背部按摩指壓油壓泰式按摩越式按摩台式按摩中式按摩休閒舒壓經絡按摩中式推拿刮痧精油按摩局部護理芳療SPA泰式SPA被動式瑜伽踩背",24.681354982164,121.764242035227
"633","皇侍泰式養生館 – 民光二館","330台灣桃園市桃園區民光路81號","全身按摩腳底按摩肩頸按摩背部按摩指壓油壓泰式按摩泰式古法休閒舒壓經絡按摩精油按摩局部護理足湯芳療SPA泰式SPA被動式瑜伽全身去角質踩背",25.004287499471,121.30615971112
"634","莎芭SPA泰式養生館","330台灣桃園市桃園區永康街141號","全身按摩半身按摩腳底按摩肩頸按摩背部按摩指壓油壓泰式按摩泰式古法休閒舒壓經絡按摩拔罐刮痧精油按摩足湯芳療SPA泰式SPA被動式瑜伽雙人四手踩背",24.999423983972,121.302794041719
"635","銘均養生館","360台灣苗栗縣苗栗市文興街30號","全身按摩半身按摩腳底按摩肩頸按摩背部按摩指壓台式按摩中式按摩穴道按摩休閒舒壓經絡按摩中式推拿拔罐刮痧局部護理筋骨整復",24.571269999524,120.812850008166
"636","聖康傳統整復推拿館","360台灣苗栗縣苗栗市國華路159號","腳底按摩肩頸按摩背部按摩台式按摩中式按摩穴道按摩足反射按摩經絡按摩中式推拿拔罐刮痧筋骨整復",24.574381990626,120.828794986396
"637","新世紀 養生館","265台灣宜蘭縣羅東鎮純精路二段142號","全身按摩半身按摩肩頸按摩背部按摩指壓油壓泰式按摩越式按摩台式按摩中式按摩休閒舒壓經絡按摩中式推拿刮痧精油按摩局部護理芳療SPA泰式SPA被動式瑜伽踩背",24.677366998362,121.763674999477
"638","來來男女養生會館","265台灣宜蘭縣羅東鎮純精路二段79號","全身按摩半身按摩肩頸按摩背部按摩指壓油壓泰式按摩越式按摩台式按摩中式按摩休閒舒壓經絡按摩中式推拿刮痧精油按摩局部護理芳療SPA泰式SPA被動式瑜伽踩背",24.676250989864,121.763332011999
"639","悠然足体養生館","360台灣苗栗縣苗栗市北安街224號","全身按摩腳底按摩肩頸按摩背部按摩指壓油壓泰式按摩台式按摩中式按摩休閒舒壓經絡按摩中式推拿刮痧精油按摩局部護理芳療SPA泰式SPA",24.566052809621,120.817113211759
"640","臻心養生館","239台灣新北市鶯歌區鶯桃路368號","全身按摩半身按摩肩頸按摩背部按摩指壓油壓泰式按摩越式按摩台式按摩中式按摩休閒舒壓經絡按摩中式推拿刮痧精油按摩局部護理芳療SPA泰式SPA被動式瑜伽踩背",24.963038016559,121.333926022674
"641","泰殿美容SPA館","234台灣新北市永和區成功路二段36號","全身按摩腳底按摩肩頸按摩背部按摩指壓油壓泰式按摩泰式古法休閒舒壓經絡按摩精油按摩足湯芳療SPA泰式SPA被動式瑜伽踩背",25.000247003045,121.526646009426
"642","蘭花泰養生館","111台灣台北市士林區承德路四段180號","全身按摩腳底按摩肩頸按摩背部按摩指壓油壓泰式按摩泰式古法深層組織按摩休閒舒壓經絡按摩精油按摩局部護理芳療SPA泰式SPA被動式瑜伽踩背",25.08679199735,121.522539966517
"643","一生美容美體","251台灣新北市淡水區水源街一段56-1號","全身按摩半身按摩腳底按摩肩頸按摩背部按摩美胸按摩指壓油壓泰式按摩越式按摩中式按摩休閒舒壓經絡按摩中式推拿拔罐刮痧精油按摩局部護理臉部按摩修凍甲修腳皮芳療SPA泰式SPA被動式瑜伽",25.172191981772,121.444640989157
"644","水源美容休閒會館","231台灣新北市新店區北新路一段115號","全身按摩半身按摩肩頸按摩背部按摩指壓油壓泰式按摩越式按摩台式按摩中式按摩休閒舒壓經絡按摩中式推拿刮痧精油按摩局部護理芳療SPA泰式SPA被動式瑜伽踩背",24.962492187024,121.539222133131
"645","薇安男女時尚館","105台灣台北市松山區南京東路五段328號","全身按摩半身按摩肩頸按摩背部按摩指壓油壓泰式按摩越式按摩台式按摩中式按摩休閒舒壓經絡按摩中式推拿精油按摩局部護理芳療SPA泰式SPA被動式瑜伽",25.051056004619,121.568633979917
"646","冠天下養生會館 – 苗栗旗艦店","360台灣苗栗縣苗栗市饒平街80號","全身按摩半身按摩腳底按摩肩頸按摩背部按摩指壓油壓泰式按摩台式按摩中式按摩休閒舒壓經絡按摩中式推拿拔罐刮痧精油按摩局部護理足湯芳療SPA被動式瑜伽",24.561500011273,120.816299999513
"647","一八八足體養生館","360台灣苗栗縣苗栗市北安街212號","全身按摩腳底按摩肩頸按摩背部按摩指壓台式按摩中式按摩休閒舒壓經絡按摩中式推拿薰香耳燭",24.565778889025,120.817029560365
"648","仲益養生會館","404台灣台中市北區漢口路四段2號","全身按摩半身按摩腳底按摩肩頸按摩背部按摩指壓油壓東方指壓台式按摩中式按摩休閒舒壓經絡按摩中式推拿刮痧精油按摩修凍甲修腳皮芳療SPA",24.166771506037,120.673709493444
"649","花木蘭美容事業","404台灣台中市北區漢口路三段83號","全身按摩肩頸按摩背部按摩指壓油壓泰式按摩越式按摩台式按摩中式按摩休閒舒壓經絡按摩中式推拿拔罐刮痧精油按摩局部護理芳療SPA泰式SPA被動式瑜伽",24.16695301615,120.668612961037
"650","采歆養生館","269台灣宜蘭縣冬山鄉冬山路五段296號","全身按摩半身按摩肩頸按摩背部按摩指壓油壓泰式按摩越式按摩台式按摩中式按摩休閒舒壓經絡按摩中式推拿刮痧精油按摩局部護理芳療SPA泰式SPA被動式瑜伽踩背",24.667656982628,121.769237984796
"651","思雅男女養生會館","269台灣宜蘭縣冬山鄉冬山路五段273號","全身按摩半身按摩肩頸按摩背部按摩指壓油壓泰式按摩越式按摩台式按摩中式按摩休閒舒壓經絡按摩中式推拿拔罐刮痧精油按摩局部護理芳療SPA泰式SPA被動式瑜伽踩背",24.667102980738,121.769506960069
"652","心悅養生館2店","351台灣苗栗縣頭份市自強路二段529號","全身按摩半身按摩腳底按摩肩頸按摩背部按摩指壓油壓泰式按摩越式按摩台式按摩中式按摩休閒舒壓經絡按摩中式推拿刮痧精油按摩局部護理芳療SPA泰式SPA被動式瑜伽踩背",24.682395758346,120.885497899912
"653","伊蔓養生館","351台灣苗栗縣頭份市自強路二段532號","全身按摩半身按摩肩頸按摩背部按摩指壓油壓泰式按摩越式按摩台式按摩中式按摩休閒舒壓經絡按摩中式推拿刮痧精油按摩局部護理芳療SPA泰式SPA被動式瑜伽踩背",24.682614991759,120.883859983126
"654","小辣椒養生舘(舊紅蘋果)","350台灣苗栗縣頭份市自強路二段550號","全身按摩半身按摩肩頸按摩背部按摩指壓油壓泰式按摩越式按摩台式按摩中式按摩休閒舒壓經絡按摩中式推拿刮痧精油按摩局部護理芳療SPA泰式SPA被動式瑜伽踩背",24.682538659694,120.8835874909
"655","京鑽健康世界","242台灣新北市新莊區建國一路73號","全身按摩肩頸按摩背部按摩指壓油壓泰式按摩越式按摩台式按摩中式按摩休閒舒壓經絡按摩中式推拿刮痧精油按摩局部護理芳療SPA泰式SPA被動式瑜伽全身去角質",25.029719911995,121.434823768882
"656","11 SPA 養生館","701台灣台南市東區崇道路84號2樓","全身按摩半身按摩肩頸按摩背部按摩指壓油壓泰式按摩越式按摩台式按摩中式按摩休閒舒壓經絡按摩中式推拿刮痧精油按摩局部護理芳療SPA泰式SPA被動式瑜伽",22.97197600965,120.228157024937
"657","紅蘋果養生館","247台灣新北市蘆洲區中山二路50號","全身按摩半身按摩肩頸按摩背部按摩指壓油壓泰式按摩越式按摩台式按摩中式按摩休閒舒壓經絡按摩中式推拿刮痧精油按摩局部護理芳療SPA泰式SPA被動式瑜伽踩背",25.082236893979,121.473872038291
"658","姍老師SPA館(舊華榮姍姍)","804台灣高雄市鼓山區華豐街111號","全身按摩肩頸按摩背部按摩指壓油壓泰式按摩台式按摩中式按摩休閒舒壓經絡按摩中式推拿拔罐刮痧精油按摩局部護理臉部護膚芳療SPA美容SPA泰式SPA薰香耳燭掏耳朵被動式瑜伽",22.668666994511,120.293478034573
"659","馨蕙養生會館(舊水漾)","260台灣宜蘭縣宜蘭市中山路五段613號","全身按摩肩頸按摩背部按摩指壓油壓泰式按摩越式按摩台式按摩中式按摩休閒舒壓經絡按摩中式推拿拔罐刮痧精油按摩局部護理芳療SPA泰式SPA被動式瑜伽踩背",24.782088987893,121.760177985653
"660","水月護膚坊","351台灣苗栗縣頭份市自強路53號","全身按摩半身按摩肩頸按摩背部按摩指壓油壓泰式按摩越式按摩台式按摩中式按摩休閒舒壓經絡按摩中式推拿刮痧精油按摩局部護理芳療SPA泰式SPA被動式瑜伽踩背",24.689347001114,120.911275009118
"661","莎哇哩咔泰式養生館","404台灣台中市北區漢口路四段20號","全身按摩半身按摩肩頸按摩背部按摩指壓油壓泰式按摩泰式古法越式按摩台式按摩中式按摩休閒舒壓經絡按摩中式推拿刮痧精油按摩局部護理芳療SPA泰式SPA被動式瑜伽踩背",24.16680851214,120.674063209758
"662","心語健康養生館","300台灣新竹市東區公道五路二段273號","全身按摩半身按摩肩頸按摩背部按摩指壓油壓泰式按摩越式按摩台式按摩中式按摩休閒舒壓經絡按摩中式推拿刮痧精油按摩局部護理芳療SPA泰式SPA被動式瑜伽",24.802539993451,120.997999962884
"663","真善美養生館","540台灣南投縣南投市南崗一路16號","全身按摩半身按摩肩頸按摩背部按摩指壓油壓泰式按摩越式按摩台式按摩中式按摩休閒舒壓經絡按摩中式推拿刮痧精油按摩臉部護膚芳療SPA泰式SPA被動式瑜伽",23.90006148438,120.68504333528
"664","心語生活會館(舊櫻橞)","540台灣南投縣南投市南崗一路65號","全身按摩半身按摩肩頸按摩背部按摩指壓油壓泰式按摩越式按摩台式按摩中式按摩休閒舒壓經絡按摩中式推拿刮痧精油按摩局部護理芳療SPA泰式SPA被動式瑜伽踩背",23.900663682213,120.683715977093
"665","八零男女養生館","905台灣屏東縣里港鄉永春路18-1號","全身按摩半身按摩肩頸按摩背部按摩指壓油壓泰式按摩越式按摩台式按摩中式按摩休閒舒壓經絡按摩中式推拿刮痧精油按摩局部護理芳療SPA泰式SPA被動式瑜伽",22.77767599224,120.496417992048
"666","金采時尚2館","320台灣桃園市中壢區中豐路179號2樓","全身按摩半身按摩肩頸按摩背部按摩指壓油壓泰式按摩越式按摩台式按摩中式按摩休閒舒壓經絡按摩中式推拿刮痧精油按摩局部護理芳療SPA泰式SPA被動式瑜伽踩背",24.961191986204,121.220010007368
"667","隆興養身會館","244台灣新北市林口區文化北路一段396號","全身按摩半身按摩肩頸按摩背部按摩指壓油壓泰式按摩越式按摩台式按摩中式按摩休閒舒壓經絡按摩中式推拿刮痧精油按摩局部護理芳療SPA泰式SPA被動式瑜伽踩背",25.075173003168,121.363495030144
"668","隆盛養生會館","244台灣新北市林口區中山路598號","全身按摩半身按摩肩頸按摩背部按摩指壓油壓泰式按摩越式按摩台式按摩中式按摩休閒舒壓經絡按摩中式推拿刮痧精油按摩局部護理芳療SPA泰式SPA被動式瑜伽踩背",25.085848697967,121.375876526058
"669","優登泰式養生館","807台灣高雄市三民區九如二路389號","全身按摩半身按摩肩頸按摩背部按摩指壓油壓泰式按摩越式按摩台式按摩中式按摩休閒舒壓經絡按摩中式推拿刮痧精油按摩局部護理芳療SPA泰式SPA被動式瑜伽踩背",22.641038984359,120.301497001341
"670","小情人泰式養生館","807台灣高雄市三民區九如二路415號","全身按摩半身按摩肩頸按摩背部按摩指壓油壓泰式按摩越式按摩中式按摩休閒舒壓經絡按摩中式推拿刮痧精油按摩局部護理芳療SPA泰式SPA被動式瑜伽踩背",22.641103986018,120.30093700639
"671","邑新莊園養生館(舊深美莊園)","201台灣基隆市信義區教忠街58號","全身按摩腳底按摩肩頸按摩背部按摩指壓油壓泰式按摩台式按摩中式按摩休閒舒壓經絡按摩中式推拿拔罐刮痧精油按摩熱石按摩足湯芳療SPA泰式SPA歐式SPA全身去角質",25.135151220083,121.777949967318
"672","足科養生會館","404台灣台中市北區五權路245號","全身按摩半身按摩腳底按摩肩頸按摩背部按摩指壓油壓台式按摩中式按摩休閒舒壓經絡按摩中式推拿拔罐刮痧精油按摩修凍甲修腳皮足湯",24.150573981065,120.676235966699
"673","沐樂養生館","404台灣台中市北區進化北路121號","全身按摩半身按摩腳底按摩肩頸按摩背部按摩指壓油壓台式按摩中式按摩休閒舒壓經絡按摩中式推拿刮痧精油按摩芳療SPA泰式SPA",24.162797981018,120.687698303111
"674","吉家傳統整復推拿館","404台灣台中市北區進化路647號","全身按摩半身按摩肩頸按摩背部按摩指壓台式按摩中式按摩運動按摩穴道按摩理療按摩經絡按摩中式推拿拔罐刮痧筋骨整復",24.161030111909,120.693997387166
"675","貴足工作室","404台灣台中市北區太原北路6號","全身按摩腳底按摩肩頸按摩背部按摩指壓油壓泰式按摩台式按摩中式按摩休閒舒壓經絡按摩中式推拿拔罐刮痧精油按摩局部護理芳療SPA泰式SPA被動式瑜伽",24.165280994105,120.666326964584
"676","美紅泰式養生館","830台灣高雄市鳳山區建國路三段399號","全身按摩半身按摩肩頸按摩背部按摩指壓油壓泰式按摩越式按摩台式按摩中式按摩休閒舒壓經絡按摩中式推拿刮痧精油按摩局部護理芳療SPA泰式SPA被動式瑜伽踩背",22.637586017436,120.348444041027
"677","閤運健康養生館","811台灣高雄市楠梓區翠屏路78號","全身按摩腳底按摩肩頸按摩背部按摩指壓油壓台式按摩中式按摩休閒舒壓經絡按摩中式推拿拔罐刮痧精油按摩",22.726272001269,120.299444021797
"678","大陸推拿王","320台灣桃園市中壢區新生路281號","全身按摩半身按摩腳底按摩肩頸按摩背部按摩指壓油壓台式按摩中式按摩穴道按摩經絡按摩中式推拿精油按摩",24.963731493318,121.222924814198
"679","武狀元足體養生館","640台灣雲林縣斗六市南京西路27號","全身按摩半身按摩腳底按摩肩頸按摩背部按摩指壓油壓泰式按摩台式按摩中式按摩休閒舒壓經絡按摩中式推拿拔罐刮痧精油按摩局部護理修凍甲修腳皮足湯芳療SPA",23.71094600936,120.53515696923
"680","穎兆越式洗頭SPA-萬華桂林店","108台灣台北市萬華區桂林路142號","全身按摩半身按摩腳底按摩肩頸按摩背部按摩指壓油壓泰式按摩越式按摩休閒舒壓經絡按摩精油按摩局部護理臉部護膚臉部按摩足湯芳療SPA美容SPA掏耳朵美甲美睫美髮洗頭",25.038386003598,121.498309979913
"681","穎兆越式洗頭SPA-三重自強店","241台灣新北市三重區自強路一段218號","全身按摩半身按摩腳底按摩肩頸按摩背部按摩指壓油壓泰式按摩越式按摩休閒舒壓經絡按摩中式推拿精油按摩局部護理臉部護膚臉部按摩足湯芳療SPA美容SPA泰式SPA掏耳朵美甲美睫美髮洗頭",25.066453015928,121.494059013898
"682","穎兆越式洗頭SPA-仁和店","241台灣新北市三重區仁和街119號","全身按摩半身按摩腳底按摩肩頸按摩背部按摩指壓油壓泰式按摩越式按摩精油按摩局部護理臉部護膚臉部按摩修腳皮足湯芳療SPA美容SPA泰式SPA美甲美睫洗頭",25.074076985509,121.498521958244
"683","鑫都美容SPA養生館","404台灣台中市北區中清路一段723號","全身按摩半身按摩肩頸按摩背部按摩指壓油壓泰式按摩越式按摩台式按摩中式按摩休閒舒壓經絡按摩中式推拿刮痧精油按摩局部護理臉部護膚芳療SPA泰式SPA被動式瑜伽",24.172621781087,120.67143741095
"684","康莊足體養生會館","404台灣台中市北區忠明路373號","全身按摩腳底按摩肩頸按摩背部按摩指壓油壓台式按摩中式按摩休閒舒壓經絡按摩中式推拿精油按摩足湯",24.163070309052,120.668314313827
"685","心悅養生館","220台灣新北市板橋區文化路一段96號","全身按摩腳底按摩肩頸按摩背部按摩指壓油壓泰式按摩泰式古法休閒舒壓經絡按摩精油按摩足湯芳療SPA泰式SPA被動式瑜伽踩背",25.017877582003,121.464559073311
"686","舒悅養生館","202台灣基隆市中正區信三路3號","全身按摩半身按摩肩頸按摩指壓油壓泰式按摩越式按摩台式按摩中式按摩休閒舒壓經絡按摩中式推拿拔罐刮痧精油按摩局部護理芳療SPA泰式SPA被動式瑜伽全身去角質踩背",25.132302001646,121.74592397257
"687","心悅時尚會館","10491台灣台北市中山區長春路247號","全身按摩肩頸按摩背部按摩指壓油壓泰式按摩歐式按摩台式按摩中式按摩休閒舒壓經絡按摩精油按摩芳療SPA泰式SPA歐式SPA",25.05486398705,121.539568976285
"688","心悅男女舒壓館","268台灣宜蘭縣五結鄉中正路二段273號","全身按摩半身按摩肩頸按摩背部按摩指壓油壓泰式按摩越式按摩台式按摩中式按摩休閒舒壓經絡按摩中式推拿刮痧精油按摩臉部護膚芳療SPA泰式SPA薰香耳燭被動式瑜伽踩背美甲",24.701954012132,121.769676023056
"689","心悅瘦身美容會館","404台灣台中市北區健行路566號","全身按摩半身按摩肩頸按摩背部按摩指壓油壓泰式按摩越式按摩台式按摩中式按摩休閒舒壓精油按摩局部護理水療SPA芳療SPA泰式SPA歐式SPA被動式瑜伽",24.159323011599,120.678031035083
"690","天堂SPA美容會館","300台灣新竹市北區中正路332號2樓","全身按摩半身按摩肩頸按摩背部按摩指壓油壓泰式按摩越式按摩台式按摩中式按摩休閒舒壓經絡按摩中式推拿精油按摩局部護理芳療SPA泰式SPA被動式瑜伽",24.813646015159,120.963416984753
"691","61 SPA 舒壓會館","241台灣新北市三重區正義南路61號","全身按摩半身按摩肩頸按摩背部按摩指壓油壓泰式按摩越式按摩台式按摩中式按摩休閒舒壓經絡按摩中式推拿刮痧精油按摩局部護理芳療SPA泰式SPA被動式瑜伽踩背",25.060366790304,121.498191962716
"692","心悅男女SPA會館","241台灣新北市三重區中正南路152號","全身按摩半身按摩腳底按摩肩頸按摩背部按摩指壓油壓泰式按摩越式按摩台式按摩中式按摩休閒舒壓經絡按摩中式推拿刮痧精油按摩局部護理芳療SPA泰式SPA被動式瑜伽踩背",25.057218379833,121.494263280879
"693","喜得儷養生會館(舊金巴黎)","404台灣台中市北區中清路一段359號","全身按摩半身按摩肩頸按摩背部按摩指壓油壓泰式按摩越式按摩台式按摩中式按摩休閒舒壓經絡按摩中式推拿刮痧精油按摩局部護理芳療SPA泰式SPA被動式瑜伽",24.162136816495,120.674557574407
"694","白水木SPA","900台灣屏東縣屏東市勝利路296號","全身按摩半身按摩肩頸按摩背部按摩指壓油壓泰式按摩越式按摩台式按摩中式按摩休閒舒壓經絡按摩中式推拿刮痧精油按摩局部護理芳療SPA泰式SPA被動式瑜伽踩背",22.678812994938,120.473954994452
"695","勝雅足體工作坊","404台灣台中市北區衛道路91巷6號","全身按摩腳底按摩肩頸按摩背部按摩指壓油壓泰式按摩台式按摩中式按摩休閒舒壓經絡按摩中式推拿刮痧精油按摩芳療SPA泰式SPA",24.162312710733,120.686043128691
"696","戀晴男女舒壓會館","268台灣宜蘭縣五結鄉中正路二段161號","全身按摩半身按摩腳底按摩肩頸按摩背部按摩指壓油壓泰式按摩越式按摩台式按摩中式按摩休閒舒壓經絡按摩中式推拿刮痧精油按摩局部護理芳療SPA泰式SPA被動式瑜伽",24.700216317875,121.76884110168
"697","芭比公主男女養生館","265台灣宜蘭縣羅東鎮純精路一段21號","全身按摩半身按摩肩頸按摩背部按摩指壓油壓泰式按摩越式按摩台式按摩中式按摩休閒舒壓經絡按摩中式推拿刮痧精油按摩局部護理芳療SPA泰式SPA被動式瑜伽踩背",24.668924996941,121.765923025909
"698","映河養生會館","262台灣宜蘭縣礁溪鄉礁溪路一段299號","全身按摩半身按摩肩頸按摩背部按摩指壓油壓泰式按摩越式按摩台式按摩中式按摩休閒舒壓經絡按摩中式推拿刮痧精油按摩局部護理芳療SPA泰式SPA被動式瑜伽",24.792571982738,121.762466077582
"699","泰閣泰式皇家養生館(舊禾夏)","404台灣台中市北區中清路一段528號","全身按摩腳底按摩肩頸按摩背部按摩指壓油壓泰式按摩泰式古法休閒舒壓經絡按摩精油按摩足湯芳療SPA泰式SPA被動式瑜伽踩背",24.166154095049,120.673717791528
"700","艾美SPA生活館","702台灣台南市南區南功街47號","全身按摩半身按摩肩頸按摩背部按摩指壓油壓泰式按摩越式按摩台式按摩中式按摩休閒舒壓經絡按摩中式推拿刮痧精油按摩局部護理芳療SPA泰式SPA被動式瑜伽美甲",22.984462991815,120.185605958191
"701","Lisa Spa 芳馨越式洗髮","900台灣屏東縣屏東市中山路58-9號","全身按摩半身按摩腳底按摩肩頸按摩背部按摩指壓油壓泰式按摩越式按摩台式按摩中式按摩休閒舒壓經絡按摩中式推拿拔罐刮痧精油按摩局部護理修凍甲修腳皮芳療SPA泰式SPA掏耳朵被動式瑜伽洗頭",22.675252991112,120.48519001365
"702","玉婷泰越按摩","900台灣屏東縣屏東市建南路136號","全身按摩半身按摩肩頸按摩背部按摩指壓油壓泰式按摩越式按摩台式按摩中式按摩休閒舒壓經絡按摩中式推拿刮痧精油按摩局部護理芳療SPA泰式SPA被動式瑜伽",22.658954003201,120.480688009635
"703","菈芙莉泰式按摩","900台灣屏東縣屏東市廣東路11號","全身按摩半身按摩肩頸按摩背部按摩指壓油壓泰式按摩越式按摩台式按摩中式按摩休閒舒壓經絡按摩中式推拿刮痧精油按摩局部護理芳療SPA泰式SPA被動式瑜伽美甲",22.668923983662,120.498088002437
"704","水世紀美容生活館","403台灣台中市北區五權路182-5號","全身按摩半身按摩肩頸按摩背部按摩指壓油壓泰式按摩越式按摩台式按摩中式按摩休閒舒壓經絡按摩精油按摩局部護理芳療SPA泰式SPA",24.149721080507,120.676050391363
"705","布絡經絡調理","404台灣台中市北區健行路793號","全身按摩半身按摩腳底按摩肩頸按摩背部按摩指壓台式按摩中式按摩運動按摩穴道按摩足反射按摩經絡按摩中式推拿拔罐刮痧局部護理筋骨整復",24.159024615846,120.671492563873
"706","爽爽百元按摩","241台灣新北市三重區正義北路189號","全身按摩半身按摩腳底按摩肩頸按摩背部按摩指壓台式按摩中式按摩運動按摩休閒舒壓經絡按摩中式推拿局部護理",25.068031998849,121.496350961503
"707","悅松足體養生會館","404台灣台中市北區英才路211號","全身按摩腳底按摩肩頸按摩背部按摩指壓油壓泰式按摩台式按摩中式按摩休閒舒壓經絡按摩中式推拿拔罐刮痧精油按摩全身去角質",24.155568002796,120.674510971026
"708","日興養生館","404台灣台中市北區日興街188號","全身按摩腳底按摩台式按摩中式按摩運動按摩穴道按摩足反射按摩理療按摩經絡按摩中式推拿拔罐刮痧筋骨整復",24.151119014319,120.675827013643
"709","仲禾足體養生會館","404台灣台中市北區錦南街15號","全身按摩半身按摩腳底按摩肩頸按摩背部按摩指壓油壓台式按摩中式按摩休閒舒壓經絡按摩中式推拿刮痧精油按摩芳療SPA",24.153706507829,120.68826366248
"710","貝柔美容會館","404台灣台中市北區漢口路三段37號","全身按摩半身按摩肩頸按摩背部按摩指壓油壓泰式按摩越式按摩台式按摩中式按摩休閒舒壓經絡按摩中式推拿刮痧精油按摩局部護理芳療SPA泰式SPA被動式瑜伽",24.167007917616,120.667221900386
"711","希貝兒美容美體","427台灣台中市潭子區中山路二段56號","全身按摩肩頸按摩背部按摩美胸按摩指壓油壓泰式按摩越式按摩台式按摩中式按摩休閒舒壓經絡按摩中式推拿刮痧精油按摩局部護理臉部護膚臉部按摩芳療SPA美容SPA泰式SPA全身去角質",24.202090708633,120.704210987643
"712","Mr.8美容瘦身","404台灣台中市北區中清路一段337號","全身按摩半身按摩肩頸按摩背部按摩指壓油壓泰式按摩越式按摩台式按摩中式按摩休閒舒壓經絡按摩中式推拿精油按摩局部護理芳療SPA泰式SPA被動式瑜伽踩背",24.161334919818,120.674844235496
"713","湯村麗緻足體養生會館 – 公園館","404台灣台中市北區公園路225號","全身按摩腳底按摩肩頸按摩背部按摩指壓油壓泰式按摩台式按摩中式按摩休閒舒壓經絡按摩中式推拿刮痧精油按摩修凍甲修腳皮足湯芳療SPA泰式SPA被動式瑜伽",24.150640994381,120.677244980204
"714","晶鑽足體養生會館","404台灣台中市北區五權路166號","全身按摩腳底按摩肩頸按摩背部按摩指壓油壓泰式按摩越式按摩台式按摩中式按摩休閒舒壓經絡按摩中式推拿刮痧精油按摩局部護理修凍甲修腳皮足湯芳療SPA泰式SPA被動式瑜伽",24.148694800282,120.674902908818
"715","東方帝國健康廣場","404台灣台中市北區中清路一段122號","全身按摩腳底按摩肩頸按摩背部按摩指壓油壓泰式按摩越式按摩台式按摩中式按摩休閒舒壓經絡按摩中式推拿拔罐刮痧精油按摩局部護理芳療SPA泰式SPA被動式瑜伽踩背",24.154396003184,120.677610012087
"716","太極養生館","404台灣台中市北區中清路一段112號","全身按摩半身按摩腳底按摩肩頸按摩背部按摩指壓油壓台式按摩中式按摩休閒舒壓經絡按摩中式推拿刮痧精油按摩",24.15414701875,120.677509010154
"717","西貢養生會館","700台灣台南市中西區西門路二段105號","全身按摩半身按摩肩頸按摩背部按摩指壓油壓泰式按摩越式按摩台式按摩中式按摩休閒舒壓經絡按摩中式推拿刮痧精油按摩局部護理芳療SPA泰式SPA被動式瑜伽踩背",22.992332090154,120.198296662512
"718","花果娜娜養生會館","40462台灣台中市北區中清路一段182號","全身按摩半身按摩肩頸按摩背部按摩指壓油壓泰式按摩越式按摩台式按摩中式按摩休閒舒壓經絡按摩中式推拿刮痧精油按摩局部護理芳療SPA泰式SPA被動式瑜伽",24.156066181211,120.677013723495
"719","甜蜜蜜美容會館","404台灣台中市北區中清路一段220號","全身按摩半身按摩肩頸按摩背部按摩指壓油壓泰式按摩越式按摩台式按摩中式按摩休閒舒壓經絡按摩中式推拿刮痧精油按摩局部護理芳療SPA泰式SPA被動式瑜伽",24.156650986595,120.676868968027
"720","蝴蝶谷SPA美容生活館(舊蜜雪兒/水百合)","404台灣台中市北區中清路一段218號","全身按摩半身按摩肩頸按摩背部按摩指壓油壓泰式按摩越式按摩台式按摩中式按摩休閒舒壓經絡按摩中式推拿刮痧精油按摩局部護理芳療SPA泰式SPA被動式瑜伽",24.156613980493,120.676880032139
"721","愛來SPA休閒會館(舊香水美容)","404台灣台中市北區中清路一段147號","全身按摩半身按摩肩頸按摩背部按摩指壓油壓泰式按摩越式按摩台式按摩中式按摩休閒舒壓經絡按摩中式推拿拔罐刮痧精油按摩芳療SPA泰式SPA被動式瑜伽",24.156385783179,120.676468313055
"722","男女全身精油推拿","811台灣高雄市楠梓區德民路676號","全身按摩半身按摩肩頸按摩背部按摩指壓油壓泰式按摩越式按摩台式按摩中式按摩休閒舒壓經絡按摩中式推拿拔罐刮痧精油按摩局部護理芳療SPA泰式SPA被動式瑜伽",22.722465988585,120.294563993949
"723","維妙按摩會館","236台灣新北市土城區中央路二段20號","全身按摩半身按摩腳底按摩肩頸按摩背部按摩指壓台式按摩中式按摩休閒舒壓經絡按摩中式推拿拔罐刮痧",24.980492994646,121.442709966303
"724","大城市養生會館","404台灣台中市北區中清路一段137號","全身按摩半身按摩肩頸按摩背部按摩指壓油壓泰式按摩越式按摩台式按摩中式按摩休閒舒壓經絡按摩中式推拿刮痧精油按摩局部護理芳療SPA泰式SPA被動式瑜伽踩背",24.156190484835,120.676531764062
"725","富得康養生館","404台灣台中市北區忠太西路32號","全身按摩肩頸按摩背部按摩指壓油壓泰式按摩台式按摩中式按摩休閒舒壓經絡按摩中式推拿刮痧精油按摩芳療SPA泰式SPA被動式瑜伽",24.161456918419,120.667834282232
"726","柏林養生館","40441台灣台中市北區漢口路三段93-6號","全身按摩半身按摩肩頸按摩背部按摩指壓油壓泰式按摩東方指壓台式按摩中式按摩休閒舒壓經絡按摩中式推拿刮痧精油按摩芳療SPA泰式SPA",24.166995009485,120.669072037874
"727","香閣尊爵美學館(舊人間仙境)","302台灣新竹縣竹北市縣政十四街31號","全身按摩肩頸按摩背部按摩指壓油壓泰式按摩越式按摩台式按摩中式按摩休閒舒壓經絡按摩中式推拿刮痧精油按摩局部護理芳療SPA泰式SPA被動式瑜伽踩背",24.828558217189,121.004558634481
"728","靚舒SPA時尚會館","220台灣新北市板橋區南雅南路一段36號","全身按摩半身按摩肩頸按摩背部按摩指壓油壓泰式按摩越式按摩台式按摩中式按摩休閒舒壓經絡按摩中式推拿拔罐刮痧精油按摩局部護理芳療SPA泰式SPA被動式瑜伽踩背",25.006291696339,121.455842061646
"729","泰心禾泰式按摩-文德店","114台灣台北市內湖區文德路157號","全身按摩腳底按摩肩頸按摩背部按摩指壓油壓泰式按摩泰式古法休閒舒壓經絡按摩精油按摩足湯芳療SPA泰式SPA被動式瑜伽全身去角質踩背",25.07880002031,121.584944995858
"730","越孃生活館","320台灣桃園市中壢區環中東路二段486號","全身按摩半身按摩肩頸按摩背部按摩指壓油壓泰式按摩越式按摩台式按摩中式按摩休閒舒壓經絡按摩中式推拿刮痧精油按摩局部護理芳療SPA泰式SPA被動式瑜伽踩背",24.946279993721,121.231913986258
"731","泰荷殿皇家精緻養生館-彰化店","500台灣彰化縣彰化市中山路一段365號","全身按摩腳底按摩肩頸按摩背部按摩指壓油壓泰式按摩泰式古法休閒舒壓經絡按摩精油按摩局部護理芳療SPA泰式SPA被動式瑜伽",24.061382191284,120.535238525148
"732","康麗緣泰式養生館","10491台灣台北市中山區民生東路二段154號","全身按摩腳底按摩肩頸按摩背部按摩指壓油壓泰式按摩泰式古法休閒舒壓經絡按摩中式推拿精油按摩局部護理芳療SPA泰式SPA被動式瑜伽踩背",25.057736004264,121.532472018866
"733","泰荷歡養身館","10491台灣台北市中山區民生東路二段152號","全身按摩腳底按摩肩頸按摩背部按摩指壓油壓泰式按摩泰式古法休閒舒壓經絡按摩中式推拿精油按摩足湯芳療SPA泰式SPA被動式瑜伽踩背",25.05781860792,121.532504959746
"734","曉蘭經絡SPA","830台灣高雄市鳳山區自由路416號","全身按摩肩頸按摩背部按摩指壓油壓泰式按摩台式按摩中式按摩休閒舒壓經絡按摩中式推拿刮痧精油按摩局部護理芳療SPA泰式SPA",22.625161983364,120.345835006026
"735","可樂足體養生館","830台灣高雄市鳳山區自由路400號","全身按摩半身按摩腳底按摩肩頸按摩背部按摩指壓油壓泰式按摩台式按摩中式按摩休閒舒壓經絡按摩中式推拿刮痧精油按摩芳療SPA泰式SPA",22.625196013891,120.346151003775
"736","水漾織星養生館","404台灣台中市北區中清路一段296號","全身按摩半身按摩肩頸按摩背部按摩指壓油壓泰式按摩越式按摩台式按摩中式按摩休閒舒壓經絡按摩中式推拿刮痧精油按摩局部護理芳療SPA被動式瑜伽",24.159770186134,120.675824918168
"737","冬櫻足體養身館(舊奕龍師)","401台灣台中市東區東英路308號","全身按摩腳底按摩肩頸按摩背部按摩指壓油壓泰式按摩台式按摩中式按摩休閒舒壓經絡按摩中式推拿刮痧精油按摩",24.136657004308,120.70532100308
"738","劍橋養生館","970台灣花蓮縣花蓮市國聯五路123號","全身按摩半身按摩腳底按摩肩頸按摩背部按摩指壓油壓泰式按摩台式按摩中式按摩休閒舒壓經絡按摩中式推拿刮痧精油按摩芳療SPA泰式SPA被動式瑜伽",23.992435002696,121.60494203754
"739","國聯養生館","970台灣花蓮縣花蓮市國聯五路46號","全身按摩半身按摩腳底按摩肩頸按摩背部按摩指壓油壓台式按摩中式按摩休閒舒壓經絡按摩中式推拿拔罐刮痧精油按摩",23.989994988772,121.605973011631
"740","香榭SPA足體養生館-花蓮店","970台灣花蓮縣花蓮市南京街276號","全身按摩腳底按摩肩頸按摩背部按摩指壓油壓泰式按摩台式按摩中式按摩休閒舒壓經絡按摩中式推拿精油按摩局部護理修腳皮芳療SPA泰式SPA",23.974859995756,121.606867025423
"741","香閣里拉生活館","540台灣南投縣南投市南崗一路74號","全身按摩半身按摩肩頸按摩背部按摩指壓油壓泰式按摩越式按摩台式按摩中式按摩休閒舒壓經絡按摩中式推拿刮痧精油按摩局部護理芳療SPA泰式SPA被動式瑜伽",23.901611382096,120.683507519161
"742","泰皇殿休閒會館","542台灣南投縣草屯鎮博愛路1235號","全身按摩半身按摩肩頸按摩背部按摩指壓油壓泰式按摩越式按摩台式按摩中式按摩休閒舒壓經絡按摩中式推拿精油按摩局部護理芳療SPA泰式SPA被動式瑜伽踩背",23.989387007425,120.669711996182
"743","越美SPA美體館","235台灣新北市中和區中正路560號","全身按摩半身按摩肩頸按摩背部按摩指壓油壓泰式按摩越式按摩台式按摩中式按摩休閒舒壓經絡按摩中式推拿刮痧精油按摩局部護理芳療SPA泰式SPA被動式瑜伽",24.994672995524,121.486824006535
"744","唯美SPA休閒館","110台灣台北市信義區永吉路261號","全身按摩半身按摩肩頸按摩背部按摩指壓油壓泰式按摩越式按摩台式按摩中式按摩休閒舒壓經絡按摩中式推拿刮痧精油按摩局部護理芳療SPA泰式SPA被動式瑜伽",25.045722012895,121.575188041467
"745","雨荷養生會館(舊芊盈)","542台灣南投縣草屯鎮博愛路930號","全身按摩半身按摩肩頸按摩背部按摩指壓油壓泰式按摩越式按摩台式按摩中式按摩休閒舒壓經絡按摩中式推拿刮痧精油按摩局部護理芳療SPA泰式SPA被動式瑜伽",23.988676599222,120.671669338211
"746","茉莉按摩館","551台灣南投縣名間鄉彰南路132號","全身按摩半身按摩肩頸按摩背部按摩指壓油壓泰式按摩越式按摩台式按摩中式按摩休閒舒壓經絡按摩中式推拿刮痧精油按摩局部護理芳療SPA泰式SPA被動式瑜伽",23.842255311945,120.70005331221
"747","宇順傳統整復推拿","540台灣南投縣南投市彰南路二段406號","全身按摩半身按摩腳底按摩肩頸按摩背部按摩台式按摩中式按摩運動按摩足反射按摩理療按摩經絡按摩中式推拿局部護理筋骨整復",23.916175986601,120.679100985024
"748","越香香舒壓館","320台灣桃園市中壢區環西路二段45號","全身按摩半身按摩肩頸按摩背部按摩指壓油壓泰式按摩越式按摩台式按摩中式按摩休閒舒壓中式推拿刮痧精油按摩局部護理芳療SPA泰式SPA被動式瑜伽",24.96268559944,121.208445411738
"749","泰青春純泰式古法按摩","514台灣彰化縣溪湖鎮信善路31號","全身按摩腳底按摩肩頸按摩背部按摩指壓油壓泰式按摩泰式古法休閒舒壓經絡按摩中式推拿精油按摩芳療SPA泰式SPA被動式瑜伽踩背",23.951798,120.4813025
"750","夜城泰式養生會館","506台灣彰化縣福興鄉彰鹿路七段29號","全身按摩腳底按摩肩頸按摩背部按摩指壓油壓泰式按摩泰式古法休閒舒壓經絡按摩精油按摩局部護理足湯芳療SPA泰式SPA被動式瑜伽踩背",24.045706188328,120.454240339088
"751","桂林健康養身館","509台灣彰化縣伸港鄉興工路116號","全身按摩半身按摩腳底按摩肩頸按摩背部按摩指壓油壓泰式按摩台式按摩中式按摩休閒舒壓經絡按摩中式推拿刮痧精油按摩局部護理芳療SPA",24.174171303117,120.508717035535
"752","芯悅越式養生洗髮 -天祥一路店","807台灣高雄市三民區天祥一路209號","全身按摩半身按摩腳底按摩肩頸按摩背部按摩指壓油壓越式按摩休閒舒壓精油按摩局部護理臉部護膚臉部按摩修凍甲修腳皮足湯芳療SPA掏耳朵美甲美睫美髮洗頭",22.667815015962,120.317756971492
"753","香緹娜美容坊","632台灣雲林縣虎尾鎮林森路二段359號","全身按摩半身按摩肩頸按摩背部按摩指壓油壓泰式按摩越式按摩台式按摩中式按摩休閒舒壓經絡按摩中式推拿刮痧精油按摩局部護理芳療SPA泰式SPA被動式瑜伽踩背",23.701432004432,120.426735962008
"754","泰峇道SPA工作室","648台灣雲林縣西螺鎮福興路173巷7號(中央市場內)","全身按摩腳底按摩肩頸按摩背部按摩指壓油壓泰式按摩泰式古法峇里島式按摩台式按摩中式按摩休閒舒壓經絡按摩中式推拿拔罐刮痧精油按摩局部護理臉部護膚芳療SPA美容SPA泰式SPA薰香耳燭掏耳朵被動式瑜伽筋骨整復",23.800255983975,120.460321996575
"755","艾吉蕾養生館(舊雲蘭)","830台灣高雄市鳳山區龍成路107號","全身按摩半身按摩肩頸按摩背部按摩指壓油壓泰式按摩越式按摩台式按摩中式按摩休閒舒壓經絡按摩中式推拿刮痧精油按摩局部護理芳療SPA泰式SPA被動式瑜伽踩背",22.597295005153,120.328485975195
"756","足合養生會館","630台灣雲林縣斗南鎮延平路二段193號","全身按摩腳底按摩肩頸按摩背部按摩指壓台式按摩中式按摩經絡按摩中式推拿拔罐刮痧修凍甲修腳皮",23.679065398722,120.480807787031
"757","御湯棧健康會館","632台灣雲林縣虎尾鎮光復路420號","全身按摩腳底按摩肩頸按摩背部按摩指壓油壓泰式按摩台式按摩中式按摩休閒舒壓經絡按摩中式推拿刮痧精油按摩足湯芳療SPA筋骨整復",23.710514592803,120.435414081642
"758","維娜斯養生會館","600台灣嘉義市東區忠孝路331號","全身按摩半身按摩肩頸按摩背部按摩指壓油壓泰式按摩越式按摩台式按摩中式按摩休閒舒壓經絡按摩中式推拿精油按摩局部護理芳療SPA泰式SPA被動式瑜伽",23.489690000885,120.452789012554
"759","花兒SPA按摩館","600台灣嘉義市東區忠孝路329號","全身按摩半身按摩肩頸按摩背部按摩指壓油壓泰式按摩越式按摩台式按摩中式按摩休閒舒壓經絡按摩中式推拿拔罐刮痧精油按摩局部護理臉部護膚芳療SPA泰式SPA被動式瑜伽",23.489650019207,120.452790018382
"760","香耐爾養生館","600台灣嘉義市西區世賢路四段364號","全身按摩半身按摩肩頸按摩背部按摩指壓油壓泰式按摩越式按摩台式按摩中式按摩休閒舒壓經絡按摩中式推拿刮痧精油按摩局部護理芳療SPA泰式SPA被動式瑜伽",23.463130012836,120.44964001535
"761","潘潘舒壓按摩","612台灣嘉義縣太保市春珠麻寮路67號","全身按摩肩頸按摩背部按摩指壓油壓泰式按摩台式按摩中式按摩休閒舒壓經絡按摩中式推拿拔罐刮痧精油按摩局部護理芳療SPA泰式SPA被動式瑜伽",23.449374378677,120.331174129149
"762","小珍養生會館","721台灣台南市麻豆區麻佳路一段253號","全身按摩半身按摩肩頸按摩背部按摩指壓油壓泰式按摩越式按摩台式按摩中式按摩休閒舒壓經絡按摩中式推拿刮痧精油按摩局部護理芳療SPA泰式SPA被動式瑜伽踩背",23.181480428826,120.233646307736
"763","孔雀王朝按摩館","236台灣新北市土城區裕民路160巷9號","全身按摩腳底按摩肩頸按摩背部按摩指壓油壓台式按摩中式按摩足反射按摩經絡按摩中式推拿拔罐刮痧精油按摩局部護理臉部護膚",24.985288993914,121.451936010947
"764","摩藥足體舒活旗艦館","111台灣台北市士林區忠誠路二段192號B1","全身按摩腳底按摩肩頸按摩背部按摩指壓油壓台式按摩中式按摩休閒舒壓經絡按摩中式推拿精油按摩足湯芳療SPA歐式SPA",25.116478569599,121.533862841481
"765","健美美容Spa養生館","701台灣台南市東區崇明路105號","全身按摩半身按摩腳底按摩肩頸按摩背部按摩指壓油壓台式按摩中式按摩經絡按摩中式推拿拔罐刮痧精油按摩局部護理臉部護膚足湯芳療SPA",22.979939991133,120.217762040076
"766","絮園泰式養生館","830台灣高雄市鳳山區鳳南路172號","全身按摩半身按摩肩頸按摩背部按摩指壓油壓泰式按摩越式按摩台式按摩中式按摩休閒舒壓經絡按摩中式推拿刮痧精油按摩局部護理芳療SPA泰式SPA被動式瑜伽踩背",22.600392998476,120.336456997477
"767","香緹養生會館","811台灣高雄市楠梓區右昌街724號","全身按摩肩頸按摩背部按摩指壓油壓台式按摩中式按摩休閒舒壓經絡按摩中式推拿精油按摩芳療SPA",22.719322984442,120.283845970539
"768","順利養生館有限公司","330台灣桃園市桃園區民生路486號","全身按摩肩頸按摩背部按摩指壓油壓泰式按摩峇里島式按摩台式按摩中式按摩休閒舒壓經絡按摩中式推拿拔罐刮痧精油按摩局部護理芳療SPA泰式SPA被動式瑜伽全身去角質",24.999566015322,121.310962038725
"769","薇風SPA養生館","830台灣高雄市鳳山區五甲二路237號","全身按摩半身按摩腳底按摩肩頸按摩背部按摩指壓油壓泰式按摩越式按摩台式按摩中式按摩休閒舒壓經絡按摩中式推拿刮痧精油按摩局部護理芳療SPA泰式SPA被動式瑜伽踩背",22.600085005444,120.338850030833
"770","雨芮足體養身工作室","950台灣台東縣台東市漢陽北路 169巷71號","全身按摩半身按摩腳底按摩肩頸按摩背部按摩指壓油壓台式按摩中式按摩休閒舒壓經絡按摩中式推拿刮痧精油按摩局部護理",22.746364009914,121.132857995635
"771","莎莎養生館","950台灣台東縣台東市漢陽北路442號","全身按摩半身按摩腳底按摩肩頸按摩背部按摩指壓油壓泰式按摩越式按摩台式按摩中式按摩休閒舒壓經絡按摩中式推拿精油按摩局部護理芳療SPA泰式SPA被動式瑜伽",22.752453001566,121.131701963549
"772","泰天母養生館","111台灣台北市士林區德行東路109巷1號","全身按摩腳底按摩肩頸按摩背部按摩指壓油壓泰式按摩泰式古法深層組織按摩休閒舒壓經絡按摩精油按摩足湯芳療SPA泰式SPA被動式瑜伽全身去角質踩背",25.107859994801,121.528271008995
"773","曼谷泰式SPA生活館","112台灣台北市北投區承德路七段282號","全身按摩腳底按摩肩頸按摩背部按摩指壓油壓泰式按摩泰式古法休閒舒壓經絡按摩精油按摩芳療SPA泰式SPA被動式瑜伽踩背",25.11630300205,121.505640960068
"774","後宮SPA會館(舊盈盈)","807台灣高雄市三民區建國二路124號","全身按摩半身按摩肩頸按摩背部按摩指壓油壓泰式按摩越式按摩台式按摩中式按摩休閒舒壓經絡按摩中式推拿精油按摩局部護理芳療SPA泰式SPA被動式瑜伽踩背",22.637746991887,120.309294015313
"775","太舒活舒壓館","235台灣新北市中和區民生街2-1號","全身按摩半身按摩腳底按摩肩頸按摩背部按摩指壓油壓泰式按摩泰式古法深層組織按摩休閒舒壓經絡按摩精油按摩足湯芳療SPA泰式SPA被動式瑜伽踩背",25.006404013842,121.471015988603
"776","兩足院足體按摩","247台灣新北市蘆洲區和平路165號","全身按摩腳底按摩肩頸按摩背部按摩指壓台式按摩中式按摩經絡按摩中式推拿足湯",25.080835984592,121.466649017048
"777","金象SPA養身會館","105台灣台北市松山區光復北路48號","全身按摩半身按摩腳底按摩肩頸按摩背部按摩指壓油壓泰式按摩泰式古法休閒舒壓經絡按摩精油按摩足湯芳療SPA泰式SPA被動式瑜伽踩背",25.049663980049,121.557676988448
"778","蘭園知足養生館","112台灣台北市北投區泉源路28-2號","全身按摩腳底按摩肩頸按摩背部按摩指壓油壓泰式按摩台式按摩中式按摩休閒舒壓經絡按摩中式推拿拔罐刮痧精油按摩足湯芳療SPA泰式SPA被動式瑜伽",25.139474982926,121.506288965003
"779","9966SPA男女養生會館-南台店","800台灣高雄市新興區南台路2號","全身按摩肩頸按摩背部按摩指壓油壓泰式按摩峇里島式按摩歐式按摩越式按摩台式按摩中式按摩休閒舒壓經絡按摩中式推拿拔罐刮痧精油按摩芳療SPA泰式SPA被動式瑜伽踩背",22.629236007402,120.301100034407
"780","和樂健康會館","235台灣新北市中和區中正路26號","全身按摩半身按摩肩頸按摩背部按摩指壓油壓泰式按摩越式按摩台式按摩休閒舒壓經絡按摩中式推拿刮痧精油按摩局部護理芳療SPA泰式SPA被動式瑜伽踩背",24.993763014206,121.502564969241
"781","心心養生館","334台灣桃園市八德區義勇街90號","全身按摩半身按摩肩頸按摩背部按摩指壓油壓泰式按摩越式按摩台式按摩中式按摩休閒舒壓經絡按摩中式推拿刮痧精油按摩局部護理芳療SPA泰式SPA被動式瑜伽踩背",24.963665988745,121.303026974808
"782","永鑫健康生活館","220台灣新北市板橋區忠孝路8號","全身按摩腳底按摩肩頸按摩背部按摩指壓油壓泰式按摩歐式按摩台式按摩中式按摩休閒舒壓經絡按摩中式推拿拔罐刮痧精油按摩局部護理臉部護膚臉部按摩芳療SPA薰香耳燭",25.001692587976,121.459680386567
"783","現代美容舒壓","200台灣基隆市仁愛區孝二路56-1號2樓","全身按摩半身按摩肩頸按摩背部按摩指壓油壓泰式按摩越式按摩台式按摩中式按摩休閒舒壓經絡按摩中式推拿精油按摩局部護理芳療SPA泰式SPA",25.129300986943,121.740047001159
"784","幸福玖玖生活館","220台灣新北市板橋區南雅西路二段130號","全身按摩半身按摩腳底按摩肩頸按摩背部按摩指壓油壓台式按摩中式按摩休閒舒壓經絡按摩中式推拿局部護理",25.012708504225,121.452021003446
"785","新樂泰式養生會館","202台灣基隆市中正區義二路8號2樓","全身按摩腳底按摩肩頸按摩背部按摩指壓油壓泰式按摩泰式古法休閒舒壓經絡按摩精油按摩芳療SPA泰式SPA被動式瑜伽踩背",25.130586980437,121.745279990949
"786","微笑泰式養生館","202台灣基隆市中正區義二路27號3樓","全身按摩肩頸按摩背部按摩指壓油壓泰式按摩越式按摩台式按摩中式按摩休閒舒壓經絡按摩刮痧精油按摩局部護理芳療SPA泰式SPA被動式瑜伽踩背",25.13101001509,121.745210002058
"787","曼谷泰式按摩","202台灣基隆市中正區義二路23號2樓","全身按摩半身按摩肩頸按摩背部按摩指壓油壓泰式按摩泰式古法休閒舒壓經絡按摩精油按摩局部護理芳療SPA泰式SPA被動式瑜伽踩背",25.131022001212,121.745207990401
"788","新美夜SPA生活會館(舊新美越)","324台灣桃園市平鎮區金陵路三段26號","全身按摩半身按摩肩頸按摩背部按摩指壓油壓泰式按摩越式按摩台式按摩中式按摩休閒舒壓經絡按摩中式推拿刮痧精油按摩局部護理芳療SPA泰式SPA被動式瑜伽踩背",24.930235019387,121.226627771383
"789","越愛她生活館","320台灣桃園市中壢區環西路21號","全身按摩半身按摩肩頸按摩背部按摩指壓油壓泰式按摩越式按摩台式按摩中式按摩休閒舒壓經絡按摩中式推拿精油按摩局部護理芳療SPA泰式SPA被動式瑜伽踩背",24.958020818866,121.206813036095
"790","美媄男女按摩","600台灣嘉義市西區上海路49號","全身按摩半身按摩腳底按摩肩頸按摩背部按摩指壓油壓泰式按摩台式按摩中式按摩休閒舒壓經絡按摩中式推拿拔罐刮痧精油按摩局部護理芳療SPA泰式SPA被動式瑜伽",23.46438398746,120.430718958578
"791","雙象泰式養生館","310台灣新竹縣竹東鎮長春路二段72巷19號","全身按摩腳底按摩肩頸按摩背部按摩指壓油壓泰式按摩泰式古法休閒舒壓經絡按摩拔罐刮痧精油按摩局部護理足湯芳療SPA泰式SPA被動式瑜伽踩背",24.738720015035,121.088519990951
"792","金象泰式按摩-竹北店","302台灣新竹縣竹北市勝利二路157號","全身按摩腳底按摩肩頸按摩背部按摩指壓油壓泰式按摩泰式古法休閒舒壓經絡按摩精油按摩局部護理芳療SPA泰式SPA被動式瑜伽踩背",24.82203001381,121.02878996219
"793","金象泰式按摩-竹東店","310台灣新竹縣竹東鎮北興路一段573號","全身按摩腳底按摩肩頸按摩背部按摩指壓油壓泰式按摩泰式古法休閒舒壓經絡按摩精油按摩足湯芳療SPA泰式SPA被動式瑜伽踩背",24.735789995052,121.096239975233
"794","芯悅越式洗髮SPA","807台灣高雄市三民區十全二路39號1樓","全身按摩半身按摩腳底按摩肩頸按摩背部按摩指壓油壓越式按摩休閒舒壓精油按摩局部護理臉部護膚臉部按摩修凍甲修腳皮足湯芳療SPA掏耳朵美甲美睫美髮洗頭",22.645407003651,120.301662963024
"795","天禾健康養生會館","300台灣新竹市香山區中華路四段240號","全身按摩腳底按摩肩頸按摩背部按摩指壓油壓泰式按摩越式按摩台式按摩中式按摩休閒舒壓經絡按摩中式推拿刮痧精油按摩局部護理芳療SPA泰式SPA被動式瑜伽踩背",24.79489699695,120.947883977065
"796","芯自在越式養生洗頭","300台灣新竹市香山區中華路四段292號","全身按摩半身按摩肩頸按摩背部按摩指壓油壓越式按摩休閒舒壓經絡按摩精油按摩局部護理臉部護膚臉部按摩足湯芳療SPA美容SPA美甲美睫美髮洗頭",24.794068990645,120.945957983353
"797","美嬌男女養生館","268台灣宜蘭縣五結鄉中正路三段197號","全身按摩半身按摩肩頸按摩背部按摩指壓油壓泰式按摩越式按摩台式按摩中式按摩休閒舒壓經絡按摩中式推拿拔罐刮痧精油按摩局部護理芳療SPA泰式SPA被動式瑜伽踩背",24.708016014056,121.771703018701
"798","Sun SPA","900台灣屏東縣屏東市林森路47-3號","全身按摩肩頸按摩背部按摩指壓油壓泰式按摩台式按摩中式按摩休閒舒壓經絡按摩中式推拿精油按摩局部護理臉部護膚臉部按摩芳療SPA美容SPA泰式SPA",22.672496015519,120.493515003702
"799","晴河泰式養生館","351台灣苗栗縣頭份市民族路332號","全身按摩腳底按摩肩頸按摩背部按摩指壓油壓泰式按摩越式按摩台式按摩中式按摩休閒舒壓經絡按摩中式推拿刮痧精油按摩局部護理芳療SPA泰式SPA被動式瑜伽踩背",24.685389904625,120.898571899579
"800","曼谷泰式養生館","351台灣苗栗縣頭份市民族路306號","全身按摩腳底按摩肩頸按摩背部按摩指壓油壓泰式按摩休閒舒壓經絡按摩刮痧精油按摩芳療SPA泰式SPA被動式瑜伽踩背",24.685428000374,120.899205990554
"801","泰福泰男女養身健康館","247台灣新北市蘆洲區長安街8號","全身按摩半身按摩肩頸按摩背部按摩指壓油壓泰式按摩越式按摩台式按摩中式按摩休閒舒壓經絡按摩中式推拿刮痧精油按摩局部護理芳療SPA泰式SPA被動式瑜伽踩背",25.078972980882,121.464457987558
"802","嘉姿養生坊","247台灣新北市蘆洲區長安街98巷19號","全身按摩肩頸按摩背部按摩指壓油壓泰式按摩台式按摩中式按摩休閒舒壓經絡按摩中式推拿刮痧精油按摩芳療SPA泰式SPA",25.081824001429,121.4629550285
"803","牡丹養生館","265台灣宜蘭縣羅東鎮純精路一段69號","全身按摩半身按摩肩頸按摩背部按摩指壓油壓泰式按摩越式按摩台式按摩中式按摩休閒舒壓經絡按摩中式推拿刮痧精油按摩局部護理芳療SPA泰式SPA被動式瑜伽",24.669677985213,121.764923986869
"804","可歆男女舒壓會館","260台灣宜蘭縣宜蘭市中山路五段72號","全身按摩半身按摩肩頸按摩背部按摩指壓油壓泰式按摩越式按摩台式按摩中式按摩休閒舒壓經絡按摩中式推拿刮痧精油按摩局部護理芳療SPA泰式SPA被動式瑜伽踩背",24.767714987866,121.75610002212
"805","遇見美容會館","710台灣台南市永康區中正北路175號","全身按摩半身按摩肩頸按摩背部按摩指壓油壓泰式按摩越式按摩台式按摩中式按摩休閒舒壓經絡按摩中式推拿刮痧精油按摩局部護理芳療SPA泰式SPA被動式瑜伽",23.04176101137,120.242913030201
"806","福雅養身會館","407台灣台中市西屯區福雅路203號","全身按摩腳底按摩肩頸按摩背部按摩指壓油壓台式按摩中式按摩休閒舒壓經絡按摩中式推拿刮痧精油按摩修凍甲修腳皮足湯",24.188683980232,120.62056403636
"807","上好盲人專業推拿","407台灣台中市西屯區漢口路二段314號","全身按摩腳底按摩肩頸按摩背部按摩指壓油壓台式按摩中式按摩休閒舒壓經絡按摩中式推拿滑罐刮痧精油按摩局部護理足湯",24.166452113616,120.664797770169
"808","皇家足體養生館","407台灣台中市西屯區福科路557巷2弄8號","全身按摩半身按摩腳底按摩肩頸按摩背部按摩指壓油壓泰式按摩台式按摩中式按摩休閒舒壓經絡按摩中式推拿拔罐刮痧精油按摩足湯芳療SPA泰式SPA",24.185564696875,120.615828596342
"809","太子悅養生會館","407台灣台中市西屯區文心路三段69號","全身按摩半身按摩腳底按摩肩頸按摩背部按摩指壓油壓泰式按摩台式按摩中式按摩休閒舒壓經絡按摩中式推拿刮痧精油按摩局部護理足湯芳療SPA歐式SPA被動式瑜伽踩背",24.165317497293,120.650967210834
"810","按來按去工作室","736台灣台南市柳營區柳營路一段441號","全身按摩肩頸按摩頸胸按摩背部按摩美胸按摩指壓油壓泰式按摩台式按摩中式按摩深層組織按摩運動按摩穴道按摩經絡按摩中式推拿拔罐刮痧精油按摩局部護理筋骨整復",23.268126418473,120.312997391593
"811","香可健康養生館","330台灣桃園市桃園區和平路133號","全身按摩半身按摩肩頸按摩背部按摩指壓油壓泰式按摩越式按摩台式按摩中式按摩休閒舒壓經絡按摩中式推拿刮痧精油按摩局部護理芳療SPA泰式SPA被動式瑜伽踩背",24.995427282991,121.308800681172
"812","泰心泰式SPA生活館 – 石牌分館","112台灣台北市北投區裕民六路106號","全身按摩腳底按摩肩頸按摩背部按摩指壓油壓泰式按摩休閒舒壓經絡按摩精油按摩足湯芳療SPA泰式SPA被動式瑜伽全身去角質踩背",25.114141979774,121.517482996694
"813","玉珍養生館","830台灣高雄市鳳山區過埤路143-2號","全身按摩半身按摩肩頸按摩背部按摩指壓油壓泰式按摩越式按摩台式按摩中式按摩休閒舒壓經絡按摩中式推拿刮痧精油按摩局部護理芳療SPA泰式SPA被動式瑜伽踩背",22.589752004756,120.363764986565
"814","札芭麗泰式養生SPA館 Japare Thai Health","333台灣桃園市龜山區文化二路67號","全身按摩腳底按摩肩頸按摩背部按摩指壓油壓泰式按摩泰式古法休閒舒壓經絡按摩精油按摩足湯芳療SPA泰式SPA被動式瑜伽踩背",25.056159996919,121.368132988628
"815","清體養生會館","108台灣台北市萬華區西寧南路89號","全身按摩腳底按摩肩頸按摩背部按摩台式按摩中式按摩休閒舒壓經絡按摩中式推拿精油按摩修凍甲修腳皮足湯芳療SPA被動式瑜伽",25.045449014309,121.506800009639
"816","情人美容SPA會館","600台灣嘉義市西區興業西路7號","全身按摩半身按摩肩頸按摩背部按摩指壓油壓泰式按摩越式按摩台式按摩中式按摩休閒舒壓經絡按摩中式推拿刮痧精油按摩局部護理芳療SPA泰式SPA被動式瑜伽踩背",23.468421005396,120.446002017914
"817","大樂事美容養生會館(舊深紫彤)","407台灣台中市西屯區太原路一段137號","全身按摩半身按摩肩頸按摩背部按摩指壓油壓泰式按摩越式按摩台式按摩中式按摩休閒舒壓經絡按摩中式推拿刮痧精油按摩局部護理芳療SPA泰式SPA被動式瑜伽踩背",24.161595680826,120.659852279657
"818","瑞安泰式按摩","326台灣桃園市楊梅區四維路6號","全身按摩半身按摩腳底按摩肩頸按摩背部按摩指壓油壓泰式按摩越式按摩台式按摩中式按摩休閒舒壓經絡按摩中式推拿刮痧精油按摩局部護理足湯芳療SPA泰式SPA被動式瑜伽踩背",24.914751003922,121.179801012007
"819","龍興養生館","325台灣桃園市龍潭區中興路485-1號","全身按摩半身按摩腳底按摩肩頸按摩背部按摩指壓油壓泰式按摩台式按摩中式按摩休閒舒壓經絡按摩中式推拿拔罐刮痧精油按摩臉部護膚足湯芳療SPA美容SPA泰式SPA掏耳朵全身去角質",24.872112011012,121.227964014387
"820","晴晴會館","338台灣桃園市蘆竹區光明路二段260號","全身按摩半身按摩腳底按摩肩頸按摩背部按摩指壓油壓泰式按摩越式按摩台式按摩中式按摩休閒舒壓經絡按摩中式推拿刮痧精油按摩局部護理臉部護膚臉部按摩修凍甲修腳皮足湯芳療SPA美容SPA泰式SPA",25.04912200619,121.290083975201
"821","花蝴蝶美容養生館","407台灣台中市西屯區寧夏路79號B1","全身按摩半身按摩肩頸按摩背部按摩指壓油壓泰式按摩越式按摩台式按摩中式按摩休閒舒壓經絡按摩中式推拿刮痧精油按摩局部護理芳療SPA泰式SPA被動式瑜伽",24.165739379637,120.661841945685
"822","皇丫瑪SPA會館","806台灣高雄市前鎮區三多三路21號3樓","全身按摩半身按摩肩頸按摩背部按摩指壓油壓泰式按摩越式按摩台式按摩中式按摩休閒舒壓精油按摩局部護理芳療SPA泰式SPA歐式SPA被動式瑜伽踩背",22.616673001375,120.313367033523
"823","天嗪養生會館","407台灣台中市西屯區西屯路三段95-8號","全身按摩半身按摩腳底按摩肩頸按摩背部按摩指壓油壓泰式按摩台式按摩中式按摩休閒舒壓經絡按摩中式推拿刮痧精油按摩修凍甲修腳皮足湯芳療SPA被動式瑜伽筋骨整復",24.184040992606,120.627328986594
"824","老師府養生館","407台灣台中市西屯區福星路572號2樓","全身按摩半身按摩腳底按摩肩頸按摩背部按摩指壓日式按摩台式按摩中式按摩足反射按摩經絡按摩中式推拿刮痧修凍甲修腳皮足湯",24.175110116683,120.646242499652
"825","大世界足體按摩會館","407台灣台中市西屯區重慶路226號","全身按摩腳底按摩肩頸按摩背部按摩指壓油壓東方指壓台式按摩中式按摩休閒舒壓經絡按摩中式推拿精油按摩足湯",24.16913801067,120.660419985959
"826","薇風SPA養生會館-內埔店","912台灣屏東縣內埔鄉德美路204號","全身按摩半身按摩肩頸按摩背部按摩指壓油壓泰式按摩越式按摩台式按摩中式按摩休閒舒壓經絡按摩中式推拿刮痧精油按摩局部護理芳療SPA泰式SPA被動式瑜伽踩背",22.608759017945,120.562218027451
"827","天雅香閤SPA養生會館","412台灣台中市大里區中興路二段851號","全身按摩半身按摩肩頸按摩背部按摩指壓油壓泰式按摩越式按摩台式按摩中式按摩休閒舒壓經絡按摩中式推拿刮痧精油按摩局部護理芳療SPA泰式SPA被動式瑜伽踩背",24.121133803446,120.685969200305
"828","爵色SPA男仕會館","300台灣新竹市北區經國路二段72號8樓","全身按摩半身按摩肩頸按摩背部按摩指壓油壓泰式按摩越式按摩台式按摩中式按摩休閒舒壓精油按摩局部護理芳療SPA泰式SPA歐式SPA被動式瑜伽",24.812546980014,120.965116499441
"829","凱沃SPA皇家行館 – 斗南店","630台灣雲林縣斗南鎮建國二路65號","全身按摩肩頸按摩背部按摩指壓油壓泰式按摩越式按摩台式按摩中式按摩休閒舒壓經絡按摩中式推拿刮痧精油按摩局部護理芳療SPA泰式SPA被動式瑜伽踩背",23.682242014297,120.471432041596
"830","伊琳SPA皇家行館-明德店","640台灣雲林縣斗六市明德北路三段276號","全身按摩半身按摩肩頸按摩背部按摩指壓油壓泰式按摩越式按摩台式按摩中式按摩休閒舒壓經絡按摩中式推拿刮痧精油按摩局部護理芳療SPA泰式SPA被動式瑜伽踩背",23.707349586164,120.529385274523
"831","舒媚泰式經典養生會館","247台灣新北市蘆洲區長興路278號","全身按摩半身按摩肩頸按摩背部按摩指壓油壓泰式按摩越式按摩台式按摩中式按摩休閒舒壓經絡按摩中式推拿刮痧精油按摩局部護理芳療SPA泰式SPA被動式瑜伽踩背",25.088874984108,121.460523019294
"832","京都養生會館","404台灣台中市北區台中市北區五權路243號","全身按摩半身按摩肩頸按摩背部按摩指壓油壓泰式按摩越式按摩台式按摩中式按摩休閒舒壓經絡按摩中式推拿刮痧精油按摩局部護理芳療SPA泰式SPA被動式瑜伽踩背",24.150513002719,120.676166983636
"833","京典養生會館","403台灣台中市西區五權路119號","全身按摩半身按摩肩頸按摩背部按摩指壓油壓泰式按摩越式按摩台式按摩中式按摩休閒舒壓經絡按摩中式推拿刮痧精油按摩局部護理芳療SPA泰式SPA被動式瑜伽踩背",24.146947005832,120.672518341184
"834","舒曼男女養身館(舊心立方)","406台灣台中市太平區育賢路149號","全身按摩半身按摩肩頸按摩背部按摩指壓油壓泰式按摩越式按摩台式按摩中式按摩休閒舒壓經絡按摩中式推拿刮痧精油按摩局部護理芳療SPA泰式SPA被動式瑜伽踩背",24.157929981201,120.720683019944
"835","展毅傳統整復推拿","407台灣台中市西屯區寧夏西四街8號","全身按摩半身按摩肩頸按摩背部按摩台式按摩中式按摩運動按摩穴道按摩足反射按摩理療按摩醫療按摩經絡按摩中式推拿局部護理筋骨整復",24.165720080103,120.660530207986
"836","泰和園泰式養生館","234台灣新北市永和區得和路114號","全身按摩腳底按摩肩頸按摩背部按摩指壓油壓泰式按摩泰式古法休閒舒壓經絡按摩精油按摩足湯芳療SPA泰式SPA被動式瑜伽踩背",25.000082005281,121.518468959964
"837","999沐足養生館","407台灣台中市西屯區上石路107號","全身按摩半身按摩腳底按摩肩頸按摩背部按摩指壓油壓台式按摩中式按摩休閒舒壓經絡按摩中式推拿刮痧精油按摩修凍甲修腳皮足湯芳療SPA",24.169785806057,120.645115468951
"838","倪妮SPA會館","820台灣高雄市岡山區大仁北路379-1號","全身按摩半身按摩肩頸按摩背部按摩指壓油壓泰式按摩越式按摩台式按摩中式按摩休閒舒壓精油按摩局部護理芳療SPA泰式SPA被動式瑜伽踩背",22.793742088971,120.302571812786
"839","武太極足體養身館","265台灣宜蘭縣羅東鎮中山路三段361號","全身按摩半身按摩腳底按摩肩頸按摩背部按摩指壓油壓東方指壓台式按摩中式按摩穴道按摩休閒舒壓經絡按摩中式推拿精油按摩修凍甲修腳皮足湯芳療SPA筋骨整復",24.674561994464,121.765254988226
"840","黑手運動按摩","407台灣台中市西屯區華夏巷西四弄38號","肩頸按摩背部按摩台式按摩中式按摩放鬆按摩運動按摩穴道按摩足反射按摩理療按摩醫療按摩經絡按摩局部護理筋骨整復",24.179594602519,120.643119234891
"841","鳳揚閣養生館(舊蔓玲二館)","802台灣高雄市苓雅區建國一路134號","全身按摩半身按摩肩頸按摩背部按摩指壓油壓泰式按摩越式按摩台式按摩中式按摩休閒舒壓經絡按摩中式推拿刮痧精油按摩局部護理芳療SPA泰式SPA被動式瑜伽踩背",22.632530011531,120.330469971677
"842","雪漾養生館-大學店","811台灣高雄市楠梓區大學二十五路36號","全身按摩半身按摩肩頸按摩背部按摩指壓油壓泰式按摩越式按摩台式按摩中式按摩休閒舒壓經絡按摩中式推拿刮痧精油按摩局部護理芳療SPA泰式SPA被動式瑜伽踩背",22.725054751012,120.282809809287
"843","足妍會館TiAMO","407台灣台中市西屯區西屯路二段249-11號","全身按摩半身按摩腳底按摩肩頸按摩背部按摩指壓油壓泰式按摩台式按摩中式按摩休閒舒壓經絡按摩中式推拿拔罐刮痧精油按摩熱石按摩臉部護膚臉部按摩足湯芳療SPA美容SPA泰式SPA薰香耳燭美睫",24.170795993028,120.646858988631
"844","梵谷美容美體SPA","800台灣高雄市新興區七賢一路469號14樓","全身按摩半身按摩肩頸按摩背部按摩指壓油壓泰式按摩越式按摩台式按摩中式按摩休閒舒壓刮痧精油按摩芳療SPA泰式SPA被動式瑜伽",22.634312004146,120.303973015539
"845","撥筋堂傳統整復推拿-台中市政店","407台灣台中市西屯區大墩十九街142-1號","全身按摩腳底按摩肩頸按摩背部按摩台式按摩中式按摩運動按摩穴道按摩足反射按摩理療按摩經絡按摩中式推拿局部護理筋骨整復",24.158877010531,120.651157982951
"846","好旺腳養生會館","407台灣台中市西屯區太原路一段255號","全身按摩腳底按摩肩頸按摩背部按摩指壓油壓泰式按摩台式按摩中式按摩休閒舒壓經絡按摩中式推拿精油按摩芳療SPA泰式SPA",24.16404001143,120.663104038994
"847","松屋養生館","407台灣台中市西屯區福雅路111巷40號","全身按摩腳底按摩肩頸按摩背部按摩指壓東方指壓台式按摩中式按摩運動按摩經絡按摩中式推拿足蒸筋骨整復",24.186220999894,120.618294468437
"848","晶采SPA養生會館","709台灣台南市安南區海佃路二段46號","全身按摩半身按摩肩頸按摩背部按摩指壓油壓泰式按摩越式按摩台式按摩中式按摩休閒舒壓經絡按摩中式推拿刮痧精油按摩局部護理芳療SPA泰式SPA被動式瑜伽踩背",23.030609601657,120.190481375992
"849","美人湯SPA美容名店","300台灣新竹市北區林森路212號","全身按摩半身按摩肩頸按摩背部按摩指壓油壓泰式按摩越式按摩台式按摩中式按摩休閒舒壓經絡按摩中式推拿刮痧精油按摩局部護理芳療SPA泰式SPA被動式瑜伽踩背",24.798684695176,120.963473981695
"850","樂足SPA美妍館","238台灣新北市樹林區中華路103號","全身按摩半身按摩肩頸按摩背部按摩指壓油壓泰式按摩越式按摩台式按摩中式按摩休閒舒壓經絡按摩中式推拿刮痧精油按摩局部護理芳療SPA泰式SPA被動式瑜伽踩背",24.982714995268,121.422405979327
"851","心悅按摩坊","632台灣雲林縣虎尾鎮林森路二段487號","全身按摩半身按摩肩頸按摩背部按摩指壓油壓泰式按摩越式按摩台式按摩中式按摩休閒舒壓經絡按摩中式推拿刮痧精油按摩局部護理芳療SPA泰式SPA被動式瑜伽踩背",23.698464182065,120.424459688563
"852","安安養生館","351台灣苗栗縣頭份市中央路450號","全身按摩半身按摩肩頸按摩背部按摩指壓油壓泰式按摩越式按摩台式按摩中式按摩休閒舒壓經絡按摩中式推拿刮痧精油按摩局部護理芳療SPA泰式SPA被動式瑜伽踩背",24.694024019266,120.898072002874
"853","亞恩SPA養生會館","351台灣苗栗縣頭份市中央路596號","全身按摩半身按摩肩頸按摩背部按摩指壓油壓泰式按摩越式按摩台式按摩中式按摩休閒舒壓經絡按摩中式推拿刮痧精油按摩局部護理芳療SPA泰式SPA被動式瑜伽踩背",24.694554007004,120.894057993262
"854","冠琳養生館","351台灣苗栗縣頭份市中華路520號","全身按摩半身按摩肩頸按摩背部按摩指壓油壓泰式按摩越式按摩台式按摩中式按摩休閒舒壓經絡按摩中式推拿拔罐刮痧精油按摩局部護理修凍甲修腳皮足湯上海式泡腳芳療SPA泰式SPA被動式瑜伽踩背",24.677713003325,120.897868993179
"855","泰姐姐按摩保健房","320台灣桃園市中壢區榮民路56巷10號","全身按摩腳底按摩肩頸按摩背部按摩指壓油壓泰式按摩泰式古法經絡按摩局部護理足湯芳療SPA泰式SPA被動式瑜伽踩背",24.969474019003,121.260211961931
"856","天佑美容舒壓","10491台灣台北市中山區民生東路二段43號","全身按摩半身按摩肩頸按摩背部按摩指壓油壓泰式按摩越式按摩台式按摩中式按摩休閒舒壓經絡按摩中式推拿刮痧精油按摩局部護理芳療SPA泰式SPA被動式瑜伽",25.058146005058,121.52922797088
"857","軒雅閣健康館","108台灣台北市萬華區西昌街188號","全身按摩半身按摩肩頸按摩背部按摩指壓油壓泰式按摩越式按摩台式按摩中式按摩休閒舒壓經絡按摩中式推拿刮痧精油按摩局部護理芳療SPA泰式SPA被動式瑜伽",25.037724000885,121.500493968604
"858","泰唯珈養生館(舊泰亞築)","640台灣雲林縣斗六市西平路131號","全身按摩半身按摩腳底按摩肩頸按摩背部按摩指壓油壓泰式按摩越式按摩台式按摩中式按摩休閒舒壓經絡按摩中式推拿刮痧精油按摩芳療SPA泰式SPA被動式瑜伽踩背",23.711022913321,120.536497319367
"859","泰唯時尚會館","235台灣新北市中和區景平路150-2號","全身按摩半身按摩肩頸按摩背部按摩指壓油壓泰式按摩越式按摩台式按摩中式按摩休閒舒壓經絡按摩中式推拿刮痧精油按摩局部護理芳療SPA泰式SPA被動式瑜伽",24.992162992708,121.518047014958
"860","藍碧時尚會館(舊滿足)","235台灣新北市中和區景平路150號","全身按摩半身按摩腳底按摩肩頸按摩背部按摩指壓油壓泰式按摩越式按摩台式按摩中式按摩休閒舒壓經絡按摩中式推拿拔罐刮痧精油按摩局部護理芳療SPA泰式SPA被動式瑜伽",24.992114503399,121.518262010775
"861","清邁象泰式養生館","407台灣台中市西屯區福安三街20-1號","全身按摩半身按摩腳底按摩肩頸按摩背部按摩指壓油壓泰式按摩泰式古法休閒舒壓經絡按摩精油按摩局部護理芳療SPA泰式SPA被動式瑜伽踩背",24.179422102952,120.61820939212
"862","202活力按摩館","408台灣台中市南屯區大墩四街196號","全身按摩半身按摩腳底按摩肩頸按摩背部按摩指壓油壓東方指壓台式按摩中式按摩休閒舒壓經絡按摩中式推拿刮痧精油按摩局部護理",24.141066011107,120.65019800358
"863","二十春整體會館","406台灣台中市北屯區文昌東三街29號","全身按摩半身按摩腳底按摩肩頸按摩背部按摩指壓油壓東方指壓台式按摩中式按摩休閒舒壓經絡按摩中式推拿刮痧精油按摩局部護理芳療SPA",24.170108090234,120.68023790637
"864","夢幻養生會館","710台灣台南市永康區永大路二段73-1號","全身按摩半身按摩肩頸按摩背部按摩指壓油壓泰式按摩越式按摩台式按摩中式按摩休閒舒壓經絡按摩中式推拿刮痧精油按摩局部護理芳療SPA泰式SPA被動式瑜伽",23.003685503734,120.26044487034
"865","府城世界悠活會館","700台灣台南市中西區中華西路二段422號","全身按摩半身按摩腳底按摩肩頸按摩背部按摩指壓油壓泰式按摩東方指壓越式按摩台式按摩中式按摩休閒舒壓經絡按摩中式推拿精油按摩局部護理臉部護膚臉部按摩修凍甲修腳皮芳療SPA泰式SPA掏耳朵被動式瑜伽踩背",23.000620702748,120.187146803451
"866","有家按摩養生館","406台灣台中市北屯區松竹路二段362-23號","全身按摩半身按摩肩頸按摩背部按摩指壓東方指壓台式按摩中式按摩運動按摩穴道按摩足反射按摩理療按摩經絡按摩中式推拿局部護理",24.18262700745,120.690009026178
"867","泰麗莎健康養生館(舊泰俐莎)","116台灣台北市文山區景文街64號4 樓","全身按摩腳底按摩肩頸按摩背部按摩指壓油壓泰式按摩泰式古法休閒舒壓經絡按摩精油按摩局部護理足湯芳療SPA泰式SPA被動式瑜伽踩背",24.990774991452,121.541073024991
"868","金豪健康養生館","545台灣南投縣埔里鎮信義路621號","全身按摩半身按摩肩頸按摩背部按摩指壓油壓泰式按摩越式按摩台式按摩中式按摩休閒舒壓經絡按摩中式推拿刮痧精油按摩芳療SPA泰式SPA被動式瑜伽踩背",23.973040787491,120.966337910372
"869","欣月養生按摩工作室","509台灣彰化縣伸港鄉信義路145號","全身按摩腳底按摩肩頸按摩背部按摩指壓油壓泰式按摩歐式按摩台式按摩中式按摩運動按摩休閒舒壓經絡按摩中式推拿滑罐拔罐刮痧精油按摩足湯芳療SPA泰式SPA美睫",24.148453988204,120.485866014141
"870","強生按摩養生館(視障按摩)","509台灣彰化縣伸港鄉彰新路七段395-3號","全身按摩半身按摩腳底按摩肩頸按摩背部按摩指壓東方指壓台式按摩中式按摩穴道按摩經絡按摩中式推拿",24.156440014092,120.501134991879
"871","嬌滴滴舒壓工作室","648台灣雲林縣西螺鎮西興南路219號","全身按摩肩頸按摩背部按摩指壓油壓泰式按摩台式按摩中式按摩休閒舒壓經絡按摩中式推拿刮痧精油按摩芳療SPA泰式SPA",23.793523387887,120.45727869517
"872","茜茜美容美體SPA館","648台灣雲林縣西螺鎮興農西路163號","全身按摩肩頸按摩背部按摩指壓油壓泰式按摩台式按摩中式按摩休閒舒壓經絡按摩中式推拿拔罐刮痧精油按摩局部護理臉部護膚臉部按摩芳療SPA美容SPA泰式SPA",23.793690690675,120.461964095226
"873","雅芳養生館","648台灣雲林縣西螺鎮建興路61號","全身按摩腳底按摩肩頸按摩背部按摩指壓台式按摩中式按摩休閒舒壓經絡按摩中式推拿拔罐刮痧",23.794666008928,120.459266966423
"874","曉柔汗蒸養生會館(舊大長今)","648台灣雲林縣西螺鎮大同路41號","全身按摩腳底按摩肩頸按摩背部按摩指壓油壓泰式按摩台式按摩中式按摩休閒舒壓經絡按摩滑罐拔罐刮痧精油按摩修凍甲修腳皮足湯蒸汽SPA汗蒸",23.797023712563,120.466689979875
"875","川丰古法泰式按摩","630台灣雲林縣斗南鎮延平路二段499號","全身按摩半身按摩腳底按摩肩頸按摩背部按摩指壓油壓泰式按摩泰式古法越式按摩台式按摩中式按摩休閒舒壓經絡按摩中式推拿精油按摩局部護理孕婦按摩足湯芳療SPA泰式SPA被動式瑜伽踩背",23.67160169113,120.476193465514
"876","泰師父足體養生館","600台灣嘉義市西區友愛路169號","全身按摩半身按摩腳底按摩肩頸按摩背部按摩指壓泰式按摩泰式古法東方指壓台式按摩中式按摩休閒舒壓經絡按摩中式推拿拔罐刮痧修凍甲修腳皮足湯",23.481087988932,120.433801990204
"877","芯芯經絡","621台灣嘉義縣民雄鄉埤角563號","全身按摩半身按摩腳底按摩肩頸按摩背部按摩指壓油壓泰式按摩越式按摩台式按摩中式按摩休閒舒壓經絡按摩中式推拿滑罐拔罐刮痧精油按摩局部護理臉部護膚臉部按摩芳療SPA泰式SPA被動式瑜伽",23.541563,120.4395341
"878","雨芯養生館","920台灣屏東縣潮州鎮光復路120號","全身按摩半身按摩肩頸按摩背部按摩指壓東方指壓台式按摩中式按摩休閒舒壓經絡按摩中式推拿刮痧局部護理",22.539499980649,120.535313962277
"879","凱棋SPA養生館","950台灣台東縣台東市中華路二段404號","全身按摩肩頸按摩背部按摩指壓油壓泰式按摩台式按摩中式按摩休閒舒壓經絡按摩中式推拿拔罐刮痧精油按摩局部護理芳療SPA泰式SPA被動式瑜伽踩背",22.742412990305,121.133810012198
"880","真如腳底按摩館","406台灣台中市北屯區青島路四段52號","全身按摩腳底按摩肩頸按摩背部按摩指壓油壓東方指壓台式按摩中式按摩休閒舒壓經絡按摩中式推拿刮痧精油按摩修凍甲修腳皮",24.167998993848,120.687292032264
"881","姿遇美容生活館(舊三木養生館)","406台灣台中市北屯區興安路二段176號","全身按摩腳底按摩肩頸按摩背部按摩指壓油壓台式按摩中式按摩休閒舒壓經絡按摩中式推拿刮痧精油按摩局部護理臉部護膚臉部按摩",24.178852720269,120.695159202765
"882","世足養生館","406台灣台中市北屯區北屯路198-5號","全身按摩腳底按摩肩頸按摩背部按摩指壓油壓東方指壓台式按摩中式按摩穴道按摩休閒舒壓經絡按摩中式推拿拔罐刮痧精油按摩足湯踩背",24.166396709236,120.695352070357
"883","太一傳統整復推拿館","40641台灣台中市北屯區東山路一段192-22號","全身按摩半身按摩腳底按摩肩頸按摩背部按摩指壓台式按摩中式按摩運動按摩穴道按摩理療按摩經絡按摩中式推拿局部護理筋骨整復",24.171705890527,120.710535720322
"884","明裕傳統整復推拿館","406台灣台中市北屯區大連路三段148號","半身按摩肩頸按摩頸胸按摩背部按摩中式按摩理療按摩經絡按摩中式推拿拔罐刮痧局部護理筋骨整復",24.174259982153,120.69538903455
"885","薇閣養生館 Wego Health Club","404台灣台中市北區衛道路233號","全身按摩半身按摩肩頸按摩背部按摩指壓油壓泰式按摩越式按摩台式按摩中式按摩休閒舒壓經絡按摩中式推拿刮痧精油按摩局部護理臉部護膚臉部按摩芳療SPA泰式SPA被動式瑜伽踩背",24.162596019061,120.677966997343
"886","桂林整復推拿養生館","406台灣台中市北屯區興安路二段242-1號","全身按摩半身按摩腳底按摩肩頸按摩背部按摩指壓油壓台式按摩中式按摩休閒舒壓經絡按摩中式推拿拔罐刮痧精油按摩足湯芳療SPA筋骨整復",24.180310291322,120.695210416194
"887","小魚兒舒活會館","236台灣新北市土城區金城路二段258-1號","全身按摩半身按摩肩頸按摩背部按摩指壓油壓泰式按摩越式按摩台式按摩中式按摩休閒舒壓經絡按摩中式推拿刮痧精油按摩局部護理芳療SPA泰式SPA被動式瑜伽踩背",24.983311996322,121.457411992111
"888","巧勁養生館","406台灣台中市北屯區熱河路二段85號","全身按摩半身按摩腳底按摩肩頸按摩背部按摩指壓油壓東方指壓台式按摩中式按摩穴道按摩足反射按摩休閒舒壓經絡按摩中式推拿拔罐刮痧精油按摩",24.170060983938,120.687221959553
"889","閣樓生活館","300台灣新竹市北區經國路二段62號10樓","全身按摩半身按摩肩頸按摩背部按摩指壓油壓泰式按摩越式按摩台式按摩中式按摩休閒舒壓經絡按摩中式推拿精油按摩局部護理芳療SPA泰式SPA被動式瑜伽",24.812847010238,120.965296961817
"890","星辰筋絡推拿","741台灣台南市善化區和平路116號","全身按摩半身按摩腳底按摩肩頸按摩背部按摩指壓油壓泰式按摩台式按摩中式按摩休閒舒壓經絡按摩中式推拿刮痧精油按摩局部護理芳療SPA泰式SPA踩背",23.130194993285,120.298354961117
"891","雁羽川健康理容廣場","800台灣高雄市新興區民生一路58號","全身按摩半身按摩肩頸按摩背部按摩指壓油壓泰式按摩越式按摩台式按摩中式按摩休閒舒壓經絡按摩中式推拿刮痧精油按摩局部護理芳療SPA泰式SPA被動式瑜伽踩背",22.62789699837,120.310221975814
"892","依珊養生館","648台灣雲林縣西螺鎮延平路354號","全身按摩半身按摩腳底按摩肩頸按摩背部按摩指壓油壓泰式按摩越式按摩台式按摩中式按摩休閒舒壓經絡按摩中式推拿拔罐刮痧精油按摩局部護理芳療SPA泰式SPA被動式瑜伽踩背",23.800849003625,120.456907963593
"893","正典健康養生會館","802台灣高雄市苓雅區建國一路139-5號","全身按摩半身按摩肩頸按摩背部按摩指壓油壓泰式按摩越式按摩台式按摩中式按摩休閒舒壓經絡按摩中式推拿刮痧精油按摩局部護理芳療SPA泰式SPA被動式瑜伽踩背",22.632262000177,120.33035798945
"894","星達家足體養生會館","40673台灣台中市北屯區遼陽三街51號","全身按摩半身按摩腳底按摩肩頸按摩背部按摩指壓台式按摩中式按摩休閒舒壓經絡按摩中式推拿刮痧足湯",24.172910998656,120.685208961687
"895","金樂足體養生館","893台灣金門縣金城鎮珠浦北路5巷12弄4號","全身按摩半身按摩腳底按摩肩頸按摩背部按摩指壓油壓泰式按摩越式按摩台式按摩中式按摩休閒舒壓經絡按摩中式推拿刮痧精油按摩局部護理芳療SPA泰式SPA被動式瑜伽踩背",24.432593004048,118.319450988583
"896","名彩養生館","265台灣宜蘭縣羅東鎮純精路二段202號","全身按摩半身按摩肩頸按摩背部按摩指壓油壓泰式按摩越式按摩台式按摩中式按摩休閒舒壓經絡按摩中式推拿刮痧精油按摩局部護理芳療SPA泰式SPA被動式瑜伽",24.678459998536,121.763920002507
"897","Beauty可樂工作室","830台灣高雄市鳳山區高雄市鳳山區頂庄路229號","全身按摩半身按摩肩頸按摩背部按摩美胸按摩指壓油壓泰式按摩越式按摩深層組織按摩休閒舒壓經絡按摩刮痧精油按摩熱石按摩局部護理臉部護膚臉部按摩芳療SPA美容SPA泰式SPA美甲",22.588287979638,120.359803028572
"898","桐花泰式按摩館","811台灣高雄市楠梓區德民路470號","全身按摩半身按摩肩頸按摩背部按摩指壓油壓泰式按摩越式按摩台式按摩中式按摩休閒舒壓經絡按摩中式推拿刮痧精油按摩局部護理芳療SPA泰式SPA被動式瑜伽踩背",22.724320987577,120.299291974073
"899","開喜SPA養生會館(舊禾楓)","220台灣新北市板橋區館前西路81號","全身按摩半身按摩肩頸按摩背部按摩指壓油壓泰式按摩越式按摩台式按摩中式按摩休閒舒壓經絡按摩中式推拿刮痧精油按摩局部護理芳療SPA泰式SPA被動式瑜伽踩背",25.007099586077,121.457359186121
"900","湯村足體養生會館-水湳館","406台灣台中市北屯區經貿三路二段68號","全身按摩腳底按摩肩頸按摩背部按摩指壓油壓東方指壓台式按摩中式按摩休閒舒壓經絡按摩中式推拿刮痧精油按摩足湯芳療SPA",24.189028392634,120.660635819966
"901","名家男女瘦身美容館","414台灣台中市烏日區台中市烏日區榮和路196號","全身按摩半身按摩肩頸按摩背部按摩指壓油壓泰式按摩越式按摩台式按摩中式按摩休閒舒壓經絡按摩中式推拿拔罐刮痧精油按摩局部護理芳療SPA泰式SPA被動式瑜伽踩背",24.110279783658,120.598129621054
"902","悜恩整復所","台灣台中市北屯區台中市北屯區熱河路二段11號","全身按摩半身按摩肩頸按摩背部按摩台式按摩中式按摩運動按摩穴道按摩足反射按摩理療按摩經絡按摩中式推拿拔罐刮痧筋骨整復",24.16857700989,120.686972681753
"903","如意按摩","406台灣台中市北屯區瀋陽路三段68號2樓","全身按摩肩頸按摩背部按摩指壓油壓泰式按摩台式按摩中式按摩休閒舒壓經絡按摩中式推拿刮痧精油按摩局部護理芳療SPA泰式SPA被動式瑜伽",24.173035092732,120.68762043523
"904","珍愛美容生活館","247台灣新北市蘆洲區光榮路6號","全身按摩半身按摩肩頸按摩背部按摩指壓油壓泰式按摩越式按摩台式按摩中式按摩休閒舒壓經絡按摩中式推拿刮痧精油按摩局部護理芳療SPA泰式SPA被動式瑜伽全身去角質",25.088214993052,121.459768983284
"905","妍菲美容紓壓","247台灣新北市蘆洲區中山一路189號","全身按摩半身按摩肩頸按摩背部按摩指壓油壓泰式按摩越式按摩台式按摩中式按摩休閒舒壓經絡按摩中式推拿刮痧精油按摩局部護理芳療SPA泰式SPA被動式瑜伽",25.081208308731,121.474584667699
"906","越蝶養生館(舊姿馨)","812台灣高雄市小港區宏平路681號","全身按摩半身按摩肩頸按摩背部按摩指壓油壓泰式按摩越式按摩台式按摩中式按摩休閒舒壓經絡按摩中式推拿刮痧精油按摩局部護理芳療SPA泰式SPA被動式瑜伽踩背",22.569522993904,120.350848976686
"907","珍情健康會館","333台灣桃園市龜山區萬壽路二段901號","全身按摩半身按摩腳底按摩肩頸按摩背部按摩指壓油壓泰式按摩越式按摩台式按摩中式按摩休閒舒壓經絡按摩中式推拿拔罐刮痧精油按摩局部護理芳療SPA泰式SPA被動式瑜伽",24.995535996275,121.339581041289
"908","花想容SPA養生會所","10491台灣台北市中山區民權東路二段54號","全身按摩半身按摩腳底按摩肩頸按摩背部按摩指壓油壓泰式按摩越式按摩台式按摩中式按摩休閒舒壓經絡按摩中式推拿刮痧精油按摩局部護理芳療SPA泰式SPA被動式瑜伽",25.062354013818,121.530779964072
"909","心香SPA養生會所","10491台灣台北市中山區民權東路二段52號","全身按摩腳底按摩肩頸按摩背部按摩指壓油壓泰式按摩泰式古法休閒舒壓經絡按摩精油按摩局部護理芳療SPA泰式SPA被動式瑜伽踩背",25.062355019647,121.530741994051
"910","純欣美容按摩工作室","241台灣新北市三重區仁政街189號","全身按摩肩頸按摩背部按摩指壓油壓泰式按摩台式按摩中式按摩休閒舒壓經絡按摩中式推拿拔罐刮痧精油按摩芳療SPA泰式SPA掏耳朵",25.079834011886,121.491106991419
"911","51瘦身美容坊","231台灣新北市新店區復興路51號","全身按摩半身按摩肩頸按摩背部按摩指壓油壓泰式按摩越式按摩台式按摩中式按摩休閒舒壓經絡按摩中式推拿刮痧精油按摩局部護理芳療SPA泰式SPA被動式瑜伽",24.987033896608,121.536443616048
"912","按棧足體工作室","406台灣台中市北屯區后庄七街140號","全身按摩半身按摩腳底按摩肩頸按摩背部按摩指壓油壓台式按摩中式按摩穴道按摩經絡按摩中式推拿刮痧精油按摩熱石按摩局部護理全身去角質",24.190375909298,120.66613778503
"913","莯舍會館(舊顏舍)","802台灣高雄市苓雅區建國一路55號2樓","全身按摩半身按摩背部按摩指壓油壓泰式按摩越式按摩台式按摩中式按摩休閒舒壓精油按摩局部護理芳療SPA泰式SPA歐式SPA被動式瑜伽踩背",22.629511017645,120.339035019436
"914","金足 養生館","406台灣台中市北屯區松竹路二段387號","全身按摩腳底按摩肩頸按摩背部按摩指壓油壓台式按摩中式按摩休閒舒壓經絡按摩中式推拿精油按摩局部護理",24.182116507637,120.690305661732
"915","洛伊SPA會館","411台灣台中市太平區育賢路49號","全身按摩半身按摩腳底按摩肩頸按摩背部按摩指壓油壓泰式按摩越式按摩台式按摩中式按摩休閒舒壓經絡按摩中式推拿刮痧精油按摩局部護理臉部護膚芳療SPA美容SPA泰式SPA被動式瑜伽全身去角質",24.157352007067,120.72354099747
"916","樂鈞舒壓工作室(舊藝蕾)","406台灣台中市北屯區北屯路416號","全身按摩半身按摩肩頸按摩背部按摩指壓油壓泰式按摩越式按摩台式按摩中式按摩休閒舒壓經絡按摩中式推拿刮痧精油按摩局部護理芳療SPA泰式SPA被動式瑜伽",24.177938003176,120.700411973847
"917","天馨細胞美容SPA會館(北屯概念館)","406台灣台中市北屯區北屯路402號","全身按摩半身按摩肩頸按摩背部按摩指壓油壓泰式按摩歐式按摩台式按摩中式按摩芳香療法按摩休閒舒壓經絡按摩中式推拿精油按摩局部護理臉部護膚臉部按摩水療SPA芳療SPA美容SPA歐式SPA全身去角質",24.177689018742,120.700293034641
"918","松田腳底按摩","408台灣台中市南屯區向上路二段429號","全身按摩腳底按摩肩頸按摩背部按摩指壓油壓台式按摩中式按摩經絡按摩中式推拿拔罐刮痧精油按摩局部護理修凍甲修腳皮足湯",24.146843782694,120.637560859619
"919","麗鑫美容養生館","103台灣台北市大同區民權西路189號","全身按摩半身按摩肩頸按摩背部按摩指壓油壓泰式按摩越式按摩台式按摩中式按摩休閒舒壓經絡按摩中式推拿刮痧精油按摩局部護理芳療SPA泰式SPA被動式瑜伽",25.063163915213,121.515572174227
"920","樂霖SPA養生會館(舊京泰)","10491台灣台北市中山區長春路408號","全身按摩半身按摩肩頸按摩背部按摩指壓油壓泰式按摩越式按摩台式按摩中式按摩休閒舒壓經絡按摩中式推拿刮痧精油按摩局部護理芳療SPA泰式SPA被動式瑜伽",25.054418991811,121.543701003093
"921","及時雨男女會館","10491台灣台北市中山區民生東路二段41號","全身按摩半身按摩肩頸按摩背部按摩指壓油壓泰式按摩越式按摩台式按摩中式按摩休閒舒壓經絡按摩中式推拿刮痧精油按摩局部護理芳療SPA泰式SPA被動式瑜伽",25.058148016715,121.529173991424
"922","泰樂豪養生館","10491台灣台北市中山區民權西路70巷13號","全身按摩半身按摩腳底按摩肩頸按摩背部按摩指壓油壓泰式按摩歐式按摩越式按摩台式按摩中式按摩休閒舒壓經絡按摩中式推拿刮痧精油按摩局部護理芳療SPA泰式SPA歐式SPA被動式瑜伽",25.062450992438,121.519781985097
"923","蘇釋女子養生館","408台灣台中市南屯區大墩路588號2樓","全身按摩半身按摩腳底按摩肩頸按摩背部按摩指壓油壓泰式按摩峇里島式按摩歐式按摩台式按摩中式按摩芳香療法按摩休閒舒壓經絡按摩精油按摩芳香按摩臉部按摩孕婦按摩足湯芳療SPA蒸汽SPA",24.150098601426,120.650019133766
"924","尊爵泰式養生館","505台灣彰化縣鹿港鎮中正路242-7號","全身按摩半身按摩肩頸按摩背部按摩指壓油壓泰式按摩越式按摩中式按摩休閒舒壓經絡按摩中式推拿精油按摩局部護理臉部護膚芳療SPA泰式SPA薰香耳燭掏耳朵被動式瑜伽全身去角質除毛",24.055464902919,120.440666685086
"925","瑪丹娜生活館","513台灣彰化縣埔心鄉瓦北村員鹿路一段310、312號","全身按摩半身按摩腳底按摩肩頸按摩背部按摩指壓油壓泰式按摩越式按摩台式按摩中式按摩休閒舒壓經絡按摩中式推拿滑罐刮痧精油按摩局部護理足湯芳療SPA泰式SPA被動式瑜伽",23.95458845504,120.556066031134
"926","依戀美容休閒坊","514台灣彰化縣溪湖鎮彰水路二段861號","全身按摩半身按摩肩頸按摩背部按摩指壓油壓泰式按摩越式按摩台式按摩中式按摩休閒舒壓經絡按摩中式推拿刮痧精油按摩局部護理芳療SPA泰式SPA被動式瑜伽",23.953351990298,120.480324989408
"927","愛曼妮指油壓會館 A Mani Massage","510台灣彰化縣員林市中山路一段270號","全身按摩半身按摩肩頸按摩背部按摩指壓油壓泰式按摩越式按摩台式按摩中式按摩休閒舒壓經絡按摩中式推拿拔罐刮痧精油按摩局部護理臉部護膚臉部按摩芳療SPA泰式SPA薰香耳燭掏耳朵被動式瑜伽除毛",23.948023991635,120.564697981144
"928","真如意休閒生活館","513台灣彰化縣埔心鄉瓦中村員鹿路一段146號","全身按摩半身按摩肩頸按摩背部按摩指壓油壓泰式按摩越式按摩台式按摩中式按摩休閒舒壓經絡按摩中式推拿刮痧精油按摩局部護理芳療SPA泰式SPA被動式瑜伽",23.956075983102,120.559426015503
"929","夜巴黎美學會館(舊楓彩)","510台灣彰化縣員林市雙平路135號","全身按摩半身按摩肩頸按摩背部按摩指壓油壓泰式按摩越式按摩台式按摩中式按摩休閒舒壓經絡按摩中式推拿刮痧精油按摩局部護理芳療SPA泰式SPA被動式瑜伽踩背",23.964392004518,120.567898024138
"930","以琳SPA","408台灣台中市南屯區文心一路399號","全身按摩肩頸按摩背部按摩油壓泰式按摩峇里島式按摩歐式按摩台式按摩中式按摩芳香療法按摩放鬆按摩休閒舒壓經絡按摩精油按摩臉部護膚臉部按摩芳療SPA美容SPA歐式SPA",24.154250996259,120.63615404099
"931","傅老師傳統整復推拿館","408台灣台中市南屯區精誠路540號","半身按摩肩頸按摩背部按摩指壓台式按摩中式按摩運動按摩穴道按摩理療按摩經絡按摩中式推拿局部護理筋骨整復",24.142105995744,120.654979711704
"932","銓武桑養生會館","408台灣台中市南屯區大墩五街300號","全身按摩半身按摩腳底按摩肩頸按摩背部按摩指壓油壓東方指壓日式按摩台式按摩中式按摩休閒舒壓經絡按摩中式推拿精油按摩局部護理修凍甲修腳皮足湯",24.141904997705,120.648649027873
"933","薰衣草SPA","238台灣新北市樹林區中山路一段137巷7號","全身按摩半身按摩腳底按摩肩頸按摩背部按摩指壓油壓歐式按摩台式按摩中式按摩芳香療法按摩深層組織按摩休閒舒壓經絡按摩中式推拿拔罐刮痧精油按摩臉部按摩芳療SPA歐式SPA",24.989664305462,121.422581328742
"934","泰康健康生活會館","437台灣台中市大甲區五福街71號","全身按摩半身按摩腳底按摩肩頸按摩背部按摩指壓油壓泰式按摩泰式古法休閒舒壓經絡按摩精油按摩局部護理足湯芳療SPA泰式SPA被動式瑜伽岩盤浴踩背",24.347592920227,120.62011132977
"935","泰康推拿生活館","408台灣台中市南屯區黎明路一段856號","全身按摩半身按摩肩頸按摩背部按摩指壓油壓泰式按摩台式按摩中式按摩休閒舒壓經絡按摩中式推拿拔罐刮痧精油按摩局部護理芳療SPA泰式SPA被動式瑜伽筋骨整復",24.133289993803,120.636048261372
"936","藝森青足體養生館","406台灣台中市北屯區松竹五路二段37號","全身按摩半身按摩腳底按摩肩頸按摩背部按摩指壓油壓台式按摩中式按摩休閒舒壓經絡按摩中式推拿刮痧精油按摩熱石按摩局部護理臉部按摩足湯芳療SPA薰香耳燭掏耳朵",24.175455995917,120.711707007471
"937","香香泰式越式養生洗頭館","928台灣屏東縣東港鎮中正路二段89號","全身按摩半身按摩肩頸按摩背部按摩指壓油壓泰式按摩越式按摩台式按摩中式按摩休閒舒壓經絡按摩中式推拿刮痧精油按摩局部護理芳療SPA泰式SPA被動式瑜伽洗頭",22.477284005134,120.462417975283
"938","萬芳泰式養生館","928台灣屏東縣東港鎮中正路一段292號","全身按摩半身按摩肩頸按摩背部按摩指壓油壓泰式按摩越式按摩台式按摩中式按摩休閒舒壓經絡按摩中式推拿刮痧精油按摩局部護理芳療SPA泰式SPA被動式瑜伽",22.475128011999,120.460037011867
"939","星辰養生館(舊新雅)","806台灣高雄市前鎮區永豐路197號","全身按摩半身按摩肩頸按摩背部按摩指壓油壓泰式按摩越式按摩台式按摩中式按摩休閒舒壓經絡按摩中式推拿拔罐刮痧精油按摩局部護理臉部護膚臉部按摩芳療SPA泰式SPA被動式瑜伽踩背",22.607945009418,120.333088981143
"940","金湖畔瘦身美容會館(舊芝琳)","404台灣台中市北區中清路一段695號","全身按摩半身按摩肩頸按摩背部按摩指壓油壓泰式按摩越式按摩台式按摩中式按摩休閒舒壓經絡按摩中式推拿刮痧精油按摩局部護理芳療SPA泰式SPA被動式瑜伽踩背",24.172074107533,120.671577640191
"941","郡麗養生會館","262台灣宜蘭縣礁溪鄉礁溪路一段87號","全身按摩半身按摩肩頸按摩背部按摩指壓油壓泰式按摩越式按摩台式按摩中式按摩休閒舒壓經絡按摩中式推拿刮痧局部護理芳療SPA泰式SPA被動式瑜伽",24.785170007863,121.761101000831
"942","真情美容咨訊","800台灣高雄市新興區林森二路184號","全身按摩半身按摩肩頸按摩背部按摩指壓油壓泰式按摩越式按摩台式按摩中式按摩休閒舒壓經絡按摩中式推拿刮痧精油按摩局部護理芳療SPA泰式SPA被動式瑜伽",22.622088004193,120.305981990092
"943","鄰家足體養生館","408台灣台中市南屯區大墩路274號","全身按摩半身按摩腳底按摩肩頸按摩背部按摩指壓油壓台式按摩中式按摩休閒舒壓經絡按摩中式推拿刮痧精油按摩足湯芳療SPA",24.143325520746,120.650095995818
"944","香足坊二館","116台灣台北市文山區木柵路三段81號","全身按摩腳底按摩肩頸按摩背部按摩指壓油壓台式按摩中式按摩休閒舒壓經絡按摩中式推拿拔罐刮痧精油按摩足湯",24.988826995245,121.567599988341
"945","雙美美容SPA工作室","802台灣高雄市苓雅區廣州一街145-4號2樓","全身按摩肩頸按摩背部按摩指壓油壓泰式按摩越式按摩中式按摩休閒舒壓經絡按摩拔罐刮痧精油按摩臉部護膚臉部按摩芳療SPA美容SPA泰式SPA",22.625587993593,120.316459033786
"946","十一樓SPA會館","807台灣高雄市三民區九如二路495號11樓","全身按摩半身按摩肩頸按摩背部按摩指壓油壓泰式按摩越式按摩台式按摩中式按摩休閒舒壓經絡按摩中式推拿精油按摩局部護理芳療SPA泰式SPA",22.641239018478,120.29882996357
"947","美麗緣養生會館","704台灣台南市北區小東路311號","全身按摩半身按摩肩頸按摩背部按摩指壓油壓泰式按摩越式按摩台式按摩中式按摩休閒舒壓經絡按摩中式推拿刮痧精油按摩局部護理芳療SPA泰式SPA被動式瑜伽踩背",22.999267989304,120.230658017206
"948","泰米樂足體養生館","500台灣彰化縣彰化市金馬路二段487號","全身按摩半身按摩腳底按摩肩頸按摩背部按摩指壓油壓泰式按摩越式按摩台式按摩中式按摩休閒舒壓經絡按摩中式推拿刮痧精油按摩局部護理修凍甲修腳皮足湯芳療SPA泰式SPA掏耳朵被動式瑜伽岩盤浴",24.093565011441,120.540065998463
"949","越紅男女SPA養生館","235台灣新北市中和區中正路630號","全身按摩半身按摩肩頸按摩背部按摩指壓油壓泰式按摩越式按摩台式按摩中式按摩休閒舒壓經絡按摩中式推拿刮痧精油按摩局部護理芳療SPA泰式SPA被動式瑜伽",24.995894993188,121.485621035791
"950","星月整復推拿館","420台灣台中市豐原區南村路43號","全身按摩半身按摩肩頸按摩背部按摩指壓油壓泰式按摩越式按摩台式按摩中式按摩休閒舒壓經絡按摩中式推拿刮痧精油按摩局部護理芳療SPA泰式SPA被動式瑜伽",24.253530280783,120.724901128898
"951","按萊生活館","328台灣桃園市觀音區建國路310號","全身按摩腳底按摩肩頸按摩背部按摩指壓油壓泰式按摩越式按摩台式按摩中式按摩休閒舒壓經絡按摩中式推拿拔罐刮痧精油按摩局部護理芳療SPA泰式SPA被動式瑜伽",25.049216009234,121.119002039134
"952","新浪漫生活館(舊A21生活館)","320台灣桃園市中壢區環北路79號","全身按摩半身按摩肩頸按摩背部按摩指壓油壓泰式按摩越式按摩台式按摩中式按摩休閒舒壓經絡按摩中式推拿刮痧精油按摩局部護理芳療SPA泰式SPA被動式瑜伽",24.966360016245,121.218716009156
"953","春香泰式按摩","302台灣新竹縣竹北市新光街84號","全身按摩半身按摩肩頸按摩背部按摩指壓油壓泰式按摩泰式古法休閒舒壓經絡按摩精油按摩局部護理芳療SPA泰式SPA被動式瑜伽",24.840088991839,120.997521020937
"954","采芬泰式養生館","302台灣新竹縣竹北市福德街11號","全身按摩腳底按摩肩頸按摩背部按摩指壓油壓泰式按摩泰式古法休閒舒壓經絡按摩精油按摩芳療SPA泰式SPA被動式瑜伽踩背",24.835960988345,121.008956032344
"955","皇尚養生館","268台灣宜蘭縣五結鄉中正路二段35號","全身按摩半身按摩肩頸按摩背部按摩指壓油壓泰式按摩越式按摩台式按摩中式按摩休閒舒壓經絡按摩中式推拿刮痧精油按摩局部護理芳療SPA泰式SPA被動式瑜伽",24.6961099816,121.769086020891
"956","心道足體養身會館(華陀)","260台灣宜蘭縣宜蘭市舊城北路38號","全身按摩半身按摩腳底按摩肩頸按摩背部按摩指壓油壓東方指壓台式按摩中式按摩休閒舒壓經絡按摩中式推拿拔罐刮痧精油按摩臉部護膚修凍甲修腳皮",24.759401481021,121.755666258631
"957","舒筋絡養生館","358台灣苗栗縣苑裡鎮10鄰129-10號","全身按摩半身按摩腳底按摩肩頸按摩背部按摩指壓台式按摩中式按摩運動按摩穴道按摩足反射按摩理療按摩經絡按摩中式推拿拔罐刮痧局部護理筋骨整復",24.4088775,120.6922589
"958","珍珠泰式養生館","351台灣苗栗縣頭份市東興路133號","全身按摩半身按摩肩頸按摩背部按摩指壓油壓泰式按摩台式按摩中式按摩休閒舒壓經絡按摩中式推拿刮痧精油按摩局部護理芳療SPA泰式SPA被動式瑜伽",24.683521787954,120.903521329585
"959","老手傳統整復推拿館","408台灣台中市南屯區五權西路二段385號","全身按摩腳底按摩肩頸按摩背部按摩指壓東方指壓台式按摩中式按摩穴道按摩休閒舒壓經絡按摩中式推拿拔罐刮痧局部護理修凍甲修腳皮足湯筋骨整復",24.13983558963,120.645624334293
"960","若水足體養生館","970台灣花蓮縣花蓮市和平路332號","全身按摩腳底按摩肩頸按摩背部按摩指壓油壓東方指壓台式按摩中式按摩休閒舒壓經絡按摩中式推拿拔罐刮痧精油按摩足湯",23.973561010311,121.603971999886
"961","瑭砡男女舒壓坊","970台灣花蓮縣花蓮市國聯二路31號","全身按摩半身按摩肩頸按摩背部按摩指壓油壓泰式按摩越式按摩台式按摩中式按摩休閒舒壓經絡按摩中式推拿刮痧精油按摩局部護理芳療SPA泰式SPA被動式瑜伽踩背",23.990592995654,121.604125975447
"962","鑫樂脚足浴健康生活館","542台灣南投縣草屯鎮成功路一段422號","全身按摩半身按摩腳底按摩肩頸按摩背部按摩指壓油壓泰式按摩台式按摩中式按摩休閒舒壓經絡按摩中式推拿拔罐刮痧精油按摩足湯芳療SPA",23.98316319286,120.681974217613
"963","泰風美容舒壓館","557台灣南投縣竹山鎮大明路83號","全身按摩腳底按摩肩頸按摩背部按摩指壓油壓泰式按摩越式按摩台式按摩中式按摩休閒舒壓經絡按摩中式推拿拔罐刮痧精油按摩局部護理芳療SPA泰式SPA被動式瑜伽踩背",23.760508999117,120.689792018705
"964","舒活美容館(舊金品美容館)","542台灣南投縣草屯鎮博愛路754號","全身按摩半身按摩肩頸按摩背部按摩指壓油壓泰式按摩越式按摩台式按摩中式按摩休閒舒壓經絡按摩中式推拿刮痧精油按摩局部護理芳療SPA泰式SPA被動式瑜伽",23.987722990097,120.675733974518
"965","桃花春養生會館(桃花香)","512台灣彰化縣永靖鄉中山路三段452號","全身按摩半身按摩肩頸按摩背部按摩指壓油壓泰式按摩越式按摩台式按摩中式按摩休閒舒壓經絡按摩中式推拿刮痧精油按摩局部護理芳療SPA泰式SPA被動式瑜伽",23.937224999041,120.557886008433
"966","悅鵬護膚舒壓館","513台灣彰化縣埔心鄉員鹿路一段49號","全身按摩半身按摩肩頸按摩背部按摩指壓油壓泰式按摩越式按摩台式按摩中式按摩休閒舒壓經絡按摩中式推拿刮痧精油按摩局部護理芳療SPA泰式SPA被動式瑜伽",23.956737985814,120.561761968099
"967","水煙斗SPA會館","807台灣高雄市三民區博愛一路85號","全身按摩半身按摩肩頸按摩背部按摩指壓油壓泰式按摩越式按摩台式按摩中式按摩休閒舒壓經絡按摩中式推拿刮痧精油按摩局部護理芳療SPA泰式SPA被動式瑜伽踩背",22.643526984678,120.302672982357
"968","金葉傳統整復推拿","704台灣台南市北區文賢路1030巷35弄9號","全身按摩肩頸按摩背部按摩指壓油壓泰式按摩峇里島式按摩歐式按摩台式按摩中式按摩休閒舒壓經絡按摩中式推拿拔罐刮痧精油按摩臉部護膚臉部按摩芳療SPA美容SPA歐式SPA薰香耳燭掏耳朵岩盤浴筋骨整復",23.0146816806,120.195181025283
"969","萊拉泰式美容舒壓館","251台灣新北市淡水區中山北路一段303號","全身按摩腳底按摩肩頸按摩背部按摩指壓油壓泰式按摩泰式古法休閒舒壓經絡按摩精油按摩足湯芳療SPA泰式SPA被動式瑜伽踩背",25.182681011587,121.44432297975
"970","詩意健康館","506台灣彰化縣福興鄉彰鹿路七段580號","全身按摩半身按摩肩頸按摩背部按摩指壓油壓泰式按摩台式按摩中式按摩休閒舒壓經絡按摩中式推拿刮痧精油按摩局部護理芳療SPA泰式SPA被動式瑜伽",24.048384593748,120.443295714048
"971","愛薇舒活坊","700台灣台南市中西區西和路130號","全身按摩半身按摩肩頸按摩背部按摩指壓油壓泰式按摩越式按摩台式按摩中式按摩休閒舒壓經絡按摩中式推拿刮痧精油按摩局部護理芳療SPA泰式SPA被動式瑜伽",23.000956020784,120.189887015237
"972","采妮足體養生館","265台灣宜蘭縣羅東鎮純精路三段129號","全身按摩半身按摩腳底按摩肩頸按摩背部按摩指壓油壓泰式按摩越式按摩台式按摩休閒舒壓經絡按摩中式推拿刮痧精油按摩局部護理芳療SPA泰式SPA被動式瑜伽",24.683209981156,121.765050972702
"973","茗軒中泰養生館","265台灣宜蘭縣羅東鎮純精路三段121號","全身按摩半身按摩腳底按摩肩頸按摩背部按摩指壓油壓泰式按摩越式按摩中式按摩休閒舒壓經絡按摩中式推拿刮痧精油按摩局部護理芳療SPA泰式SPA被動式瑜伽全身去角質",24.68308500698,121.764901020455
"974","伊莉娜美學SPA舒壓","231台灣新北市新店區中華路42巷7號","全身按摩半身按摩肩頸按摩背部按摩指壓油壓泰式按摩歐式按摩台式按摩中式按摩芳香療法按摩深層組織按摩經絡按摩中式推拿刮痧精油按摩臉部護膚臉部按摩孕婦按摩芳療SPA美容SPA泰式SPA歐式SPA全身去角質除毛",24.968666003537,121.540278001474
"975","金鑫養生館","632台灣雲林縣虎尾鎮德興路117號","全身按摩半身按摩腳底按摩肩頸按摩背部按摩指壓油壓東方指壓台式按摩中式按摩經絡按摩中式推拿拔罐刮痧精油按摩",23.710421008854,120.430717030741
"976","君越按摩坊","638台灣雲林縣麥寮鄉中山路40號","全身按摩半身按摩肩頸按摩背部按摩指壓油壓泰式按摩越式按摩台式按摩中式按摩休閒舒壓經絡按摩中式推拿刮痧精油按摩局部護理芳療SPA泰式SPA被動式瑜伽",23.749928606558,120.260454174252
"977","月亮養生館","632台灣雲林縣虎尾鎮新生路95號","全身按摩半身按摩肩頸按摩背部按摩指壓油壓泰式按摩越式按摩台式按摩中式按摩休閒舒壓經絡按摩中式推拿刮痧精油按摩局部護理芳療SPA泰式SPA被動式瑜伽踩背",23.70866319803,120.439377464559
"978","元康傳統整復推拿館","408台灣台中市南屯區文心南三路43號","全身按摩肩頸按摩背部按摩指壓台式按摩中式按摩穴道按摩理療按摩經絡按摩中式推拿局部護理筋骨整復",24.133129396538,120.653411625257
"979","有緣泰式經絡按摩","802台灣高雄市苓雅區和平一路105號","全身按摩肩頸按摩背部按摩指壓油壓泰式按摩泰式古法越式按摩休閒舒壓經絡按摩中式推拿刮痧精油按摩局部護理芳療SPA泰式SPA被動式瑜伽踩背",22.621765007554,120.321091963128
"980","芊葒SPA足體養身會館(舊真可愛)","600台灣嘉義市西區世賢路四段356號","全身按摩半身按摩肩頸按摩背部按摩指壓油壓泰式按摩越式按摩台式按摩中式按摩休閒舒壓經絡按摩中式推拿刮痧精油按摩局部護理芳療SPA泰式SPA被動式瑜伽",23.463038985367,120.449519986496
"981","欣欣美容健康SPA","600台灣嘉義市西區世賢路一段619號","全身按摩肩頸按摩背部按摩指壓油壓泰式按摩越式按摩台式按摩中式按摩休閒舒壓經絡按摩中式推拿刮痧精油按摩局部護理芳療SPA泰式SPA被動式瑜伽",23.491410009326,120.429740036107
"982","蝶戀花台越養生館","600台灣嘉義市西區八德路85號","全身按摩半身按摩肩頸按摩背部按摩指壓油壓泰式按摩越式按摩台式按摩中式按摩休閒舒壓經絡按摩中式推拿刮痧精油按摩局部護理芳療SPA泰式SPA被動式瑜伽踩背",23.484538986108,120.430629020757
"983","維也納養身館","600台灣嘉義市西區南京路332號","全身按摩半身按摩肩頸按摩背部按摩指壓油壓泰式按摩越式按摩台式按摩中式按摩休閒舒壓經絡按摩中式推拿刮痧精油按摩局部護理芳療SPA泰式SPA被動式瑜伽",23.462139984342,120.43654999716
"984","正統式個人工作室","613台灣嘉義縣朴子市四維路二段31號","全身按摩半身按摩肩頸按摩背部按摩指壓台式按摩中式按摩經絡按摩中式推拿刮痧局部護理",23.458372193136,120.242098393031
"985","靈巧經絡指壓館","613台灣嘉義縣朴子市四維路一段622號","全身按摩半身按摩肩頸按摩背部按摩指壓東方指壓台式按摩中式按摩運動按摩穴道按摩經絡按摩中式推拿局部護理臉部按摩筋骨整復美睫",23.458617405714,120.243559274936
"986","邑芯泰式按摩","613台灣嘉義縣朴子市四維路一段628號","全身按摩半身按摩肩頸按摩背部按摩指壓油壓泰式按摩越式按摩台式按摩中式按摩休閒舒壓經絡按摩中式推拿刮痧精油按摩局部護理芳療SPA泰式SPA被動式瑜伽踩背",23.458620716566,120.243525579685
"987","名家傳統整復推拿館","408台灣台中市南屯區五權西路二段459號","全身按摩肩頸按摩背部按摩指壓油壓泰式按摩東方指壓台式按摩中式按摩休閒舒壓經絡按摩中式推拿刮痧精油按摩芳療SPA泰式SPA筋骨整復",24.140151000647,120.643728096338
"988","金手指養生館","950台灣台東縣台東市寶桑路166號","全身按摩腳底按摩肩頸按摩背部按摩指壓油壓台式按摩中式按摩休閒舒壓經絡按摩中式推拿拔罐刮痧精油按摩芳療SPA泰式SPA被動式瑜伽全身去角質",22.755513988787,121.155843018161
"989","牧伊椰子油按摩Amui Coconut Oil Massage","959台灣台東縣東河鄉都蘭村都蘭258號","全身按摩半身按摩肩頸按摩背部按摩油壓泰式按摩峇里島式按摩歐式按摩芳香療法按摩深層組織按摩休閒舒壓經絡按摩精油按摩熱石按摩臉部護膚臉部按摩芳療SPA美容SPA泰式SPA全身去角質",22.9808165,121.2592814
"990","Hello SPA 哈囉養生館","807台灣高雄市三民區清華街35號","全身按摩半身按摩肩頸按摩背部按摩指壓油壓泰式按摩越式按摩台式按摩中式按摩休閒舒壓經絡按摩中式推拿刮痧精油按摩局部護理芳療SPA泰式SPA被動式瑜伽踩背",22.643839001024,120.343264024865
"991","樂樂健康養生館","300台灣新竹市北區西大路546號","全身按摩腳底按摩肩頸按摩背部按摩指壓油壓台式按摩中式按摩休閒舒壓經絡按摩中式推拿刮痧精油按摩修凍甲修腳皮足湯芳療SPA",24.805859017561,120.962765962334
"992","樂樂健康養身館","928台灣屏東縣東港鎮新基街78巷17號","全身按摩半身按摩肩頸按摩背部按摩指壓油壓泰式按摩越式按摩中式按摩休閒舒壓經絡按摩中式推拿刮痧精油按摩局部護理芳療SPA泰式SPA被動式瑜伽",22.468127991291,120.453072991433
"993","莉絲傳統整復推拿養生館","928台灣屏東縣東港鎮博愛街386號","全身按摩半身按摩肩頸按摩背部按摩指壓油壓泰式按摩越式按摩台式按摩中式按摩休閒舒壓經絡按摩中式推拿刮痧精油按摩局部護理芳療SPA泰式SPA被動式瑜伽踩背筋骨整復",22.470572992447,120.451793996828
"994","足歡喜足體養生館","813台灣高雄市左營區南屏路239號","全身按摩半身按摩腳底按摩肩頸按摩背部按摩指壓東方指壓台式按摩中式按摩穴道按摩經絡按摩中式推拿臉部按摩足湯",22.669786020494,120.297952965041
"995","燕子男女越式養生洗頭(舊湘雪)","812台灣高雄市小港區山明路489號","全身按摩半身按摩肩頸按摩背部按摩指壓油壓泰式按摩越式按摩台式按摩中式按摩休閒舒壓經絡按摩中式推拿拔罐刮痧精油按摩局部護理臉部護膚臉部按摩芳療SPA泰式SPA掏耳朵被動式瑜伽踩背洗頭",22.56812099487,120.362321958115
"996","草上飛足體養生會館","408台灣台中市南屯區五權西路二段669號","全身按摩半身按摩腳底按摩肩頸按摩背部按摩指壓油壓台式按摩中式按摩休閒舒壓經絡按摩中式推拿刮痧精油按摩修凍甲修腳皮足湯",24.141787190056,120.638890313282
"997","Lana拉娜紓壓會館","220台灣新北市板橋區中山路一段50巷2號2樓","全身按摩肩頸按摩背部按摩指壓油壓泰式按摩歐式按摩台式按摩中式按摩穴道按摩休閒舒壓經絡按摩中式推拿精油按摩芳療SPA泰式SPA被動式瑜伽全身去角質",25.008825000845,121.461033980111
"998","2.5舒壓按摩個人工作室","412台灣台中市大里區中湖路162號","全身按摩腳底按摩指壓台式按摩中式按摩經絡按摩中式推拿",24.086029680486,120.692121433416
"999","Q18美容名店","300台灣新竹市東區北大路24號","全身按摩半身按摩肩頸按摩背部按摩指壓油壓泰式按摩越式按摩台式按摩中式按摩休閒舒壓經絡按摩中式推拿刮痧精油按摩局部護理芳療SPA泰式SPA被動式瑜伽踩背",24.813215981616,120.973383989638
"1000","指舞按讚經絡會館","234台灣新北市永和區竹林路63號","全身按摩半身按摩腳底按摩肩頸按摩背部按摩指壓油壓台式按摩中式按摩經絡按摩中式推拿刮痧精油按摩局部護理修凍甲修腳皮足湯",25.013767390053,121.518370975516
"1001","足跡養生館","412台灣台中市大里區永興路151號","全身按摩腳底按摩肩頸按摩背部按摩指壓油壓台式按摩中式按摩穴道按摩足反射按摩經絡按摩中式推拿拔罐刮痧精油按摩臉部按摩",24.110323579102,120.68171303751
"1002","立新視障經絡按摩","412台灣台中市大里區立新街278號","全身按摩半身按摩腳底按摩肩頸按摩頸胸按摩背部按摩指壓台式按摩中式按摩經絡按摩中式推拿局部護理",24.106320382145,120.700874571084
"1003","金足養生會館","412台灣台中市大里區爽文路1100號","全身按摩半身按摩腳底按摩肩頸按摩背部按摩指壓油壓台式按摩中式按摩足反射按摩休閒舒壓經絡按摩中式推拿拔罐刮痧精油按摩局部護理修凍甲修腳皮足湯",24.114047993959,120.674610967131
"1004","艾妮越式SPA會館","404台灣台中市北區中清路一段313號","全身按摩腳底按摩肩頸按摩背部按摩指壓油壓泰式按摩越式按摩台式按摩中式按摩休閒舒壓經絡按摩中式推拿精油按摩局部護理臉部護膚修凍甲修腳皮足湯芳療SPA泰式SPA美甲美睫",24.160789006465,120.675015980692
"1005","逸足養身館","412台灣台中市大里區永興路334巷3號","全身按摩腳底按摩肩頸按摩背部按摩指壓油壓泰式按摩台式按摩中式按摩休閒舒壓經絡按摩中式推拿拔罐刮痧精油按摩修凍甲修腳皮",24.114390813799,120.68146292152
"1006","玫瑰園美容護膚名店","300台灣新竹市北區經國路二段131號2樓","全身按摩半身按摩肩頸按摩背部按摩指壓油壓泰式按摩越式按摩台式按摩中式按摩休閒舒壓經絡按摩中式推拿精油按摩局部護理芳療SPA泰式SPA被動式瑜伽踩背",24.811649990646,120.96436003268
"1007","金功夫養生館","412台灣台中市大里區新仁路三段21號","全身按摩腳底按摩肩頸按摩指壓台式按摩中式按摩穴道按摩足反射按摩休閒舒壓經絡按摩中式推拿拔罐刮痧局部護理修腳皮",24.113305105881,120.68914233739
"1008","安媚養身心SPA館","412台灣台中市大里區爽文路716號","全身按摩半身按摩腳底按摩肩頸按摩背部按摩美胸按摩指壓油壓東方指壓歐式按摩台式按摩中式按摩芳香療法按摩深層組織按摩休閒舒壓經絡按摩刮痧精油按摩芳香按摩局部護理臉部護膚臉部按摩芳療SPA美容SPA全身去角質",24.106285010514,120.675040036754
"1009","集英堂傳統整復推拿館","412台灣台中市大里區永隆二街186號","全身按摩肩頸按摩背部按摩東方指壓台式按摩中式按摩運動按摩穴道按摩足反射按摩理療按摩醫療按摩經絡按摩中式推拿刮痧局部護理筋骨整復",24.106089209256,120.675721317844
"1010","青山足體養生會館","412台灣台中市大里區德芳南路437號","全身按摩腳底按摩肩頸按摩背部按摩指壓油壓台式按摩中式按摩穴道按摩休閒舒壓經絡按摩中式推拿刮痧精油按摩修凍甲修腳皮足湯芳療SPA",24.104035601068,120.683057327142
"1011","利莉養生館(舊函宣)","811台灣高雄市楠梓區德民路608號","全身按摩半身按摩肩頸按摩背部按摩指壓油壓泰式按摩越式按摩中式按摩休閒舒壓經絡按摩中式推拿拔罐刮痧精油按摩熱石按摩局部護理芳療SPA泰式SPA被動式瑜伽踩背",22.723197980189,120.29674798264
"1012","柒朵SPA養生館","802台灣高雄市苓雅區建國一路136號","全身按摩半身按摩肩頸按摩背部按摩指壓油壓泰式按摩越式按摩中式按摩休閒舒壓經絡按摩中式推拿刮痧精油按摩局部護理芳療SPA泰式SPA被動式瑜伽踩背",22.632560982663,120.330355977793
"1013","愛紳里美容養生館","412台灣台中市大里區國光路二段162號","全身按摩肩頸按摩背部按摩指壓油壓泰式按摩越式按摩台式按摩中式按摩休閒舒壓經絡按摩中式推拿刮痧精油按摩臉部按摩芳療SPA泰式SPA被動式瑜伽踩背",24.103786784273,120.68168621542
"1014","水姑娘護膚美容","613台灣嘉義縣朴子市大槺榔920號","全身按摩半身按摩肩頸按摩背部按摩指壓油壓泰式按摩越式按摩中式按摩休閒舒壓經絡按摩中式推拿刮痧精油按摩局部護理芳療SPA泰式SPA被動式瑜伽踩背",23.443836,120.2412399
"1015","潘朵拉SPA時尚會館","302台灣新竹縣竹北市縣政二路20號","全身按摩半身按摩肩頸按摩背部按摩指壓油壓泰式按摩越式按摩台式按摩中式按摩休閒舒壓經絡按摩中式推拿刮痧精油按摩局部護理芳療SPA泰式SPA被動式瑜伽",24.822196981321,121.014254987712
"1016","悅客來生活館(舊百悅SPA)","108台灣台北市萬華區西昌街153號","全身按摩半身按摩肩頸按摩背部按摩指壓油壓泰式按摩越式按摩台式按摩中式按摩休閒舒壓經絡按摩中式推拿精油按摩局部護理芳療SPA泰式SPA被動式瑜伽",25.039444009326,121.500783982454
"1017","足樂屋美容養生館","412台灣台中市大里區好來五街165號","全身按摩半身按摩腳底按摩背部按摩指壓油壓泰式按摩東方指壓歐式按摩台式按摩中式按摩穴道按摩休閒舒壓經絡按摩中式推拿拔罐刮痧精油按摩局部護理臉部按摩芳療SPA泰式SPA歐式SPA岩盤浴",24.106328805958,120.699721305026
"1018","茱莉亞男女美容SPA館","412台灣台中市大里區國光路二段328號","全身按摩半身按摩肩頸按摩背部按摩指壓油壓泰式按摩越式按摩台式按摩中式按摩休閒舒壓經絡按摩中式推拿刮痧精油按摩局部護理芳療SPA泰式SPA被動式瑜伽踩背",24.107518617114,120.680598998759
"1019","泰自然養生工作室","412台灣台中市大里區環中東路六段22號","全身按摩半身按摩肩頸按摩背部按摩指壓油壓泰式按摩越式按摩休閒舒壓經絡按摩中式推拿精油按摩局部護理芳療SPA泰式SPA被動式瑜伽踩背",24.110275886073,120.695983730581
"1020","本草堂泰式養生會館","412台灣台中市大里區大明路402號","全身按摩半身按摩肩頸按摩背部按摩指壓油壓泰式按摩越式按摩台式按摩中式按摩休閒舒壓經絡按摩中式推拿刮痧精油按摩局部護理芳療SPA泰式SPA被動式瑜伽踩背",24.115187387967,120.677772872466
"1021","雅士慷足體養生館","412台灣台中市大里區國光路二段242號","全身按摩半身按摩腳底按摩肩頸按摩背部按摩指壓東方指壓台式按摩中式按摩經絡按摩中式推拿刮痧足湯",24.105604399976,120.681171482746
"1022","上城泰式養生館","103台灣台北市大同區重慶北路三段239號","全身按摩腳底按摩肩頸按摩背部按摩指壓油壓泰式按摩泰式古法休閒舒壓經絡按摩精油按摩足湯芳療SPA泰式SPA被動式瑜伽",25.0711050141,121.514044991468
"1023","喜樂足體養生館","412台灣台中市大里區樹王路51號","全身按摩腳底按摩肩頸按摩背部按摩指壓油壓東方指壓台式按摩中式按摩休閒舒壓經絡按摩中式推拿精油按摩足湯芳療SPA",24.102009988437,120.675780996995
"1024","松青足體會館","412台灣台中市大里區國光路二段681號","全身按摩半身按摩腳底按摩肩頸按摩背部按摩指壓油壓台式按摩中式按摩經絡按摩中式推拿刮痧精油按摩芳療SPA",24.114058010333,120.678977016676
"1025","越亮休閒會館","108台灣台北市萬華區西園路二段151號","全身按摩半身按摩肩頸按摩背部按摩指壓油壓泰式按摩越式按摩台式按摩中式按摩休閒舒壓經絡按摩中式推拿刮痧精油按摩局部護理芳療SPA泰式SPA被動式瑜伽踩背",25.029252998079,121.496087015372
"1026","Mr. Spine 脊椎先生","412台灣台中市大里區益民路二段466號","指壓中式按摩運動按摩足反射按摩理療按摩醫療按摩經絡按摩局部護理",24.120242010858,120.685372995532
"1027","后宮SPA會館","330台灣桃園市桃園區中正路364號5樓","全身按摩肩頸按摩背部按摩指壓油壓泰式按摩歐式按摩台式按摩中式按摩休閒舒壓經絡按摩中式推拿精油按摩芳療SPA泰式SPA薰香耳燭掏耳朵",24.998711983207,121.308662966503
"1028","愛華整復推拿館","420台灣台中市豐原區豐原大道二段299號","全身按摩半身按摩肩頸按摩背部按摩指壓油壓泰式按摩台式按摩中式按摩休閒舒壓經絡按摩中式推拿拔罐刮痧精油按摩芳療SPA泰式SPA被動式瑜伽踩背筋骨整復",24.236962610966,120.717342580071
"1029","沁園足體養身會館 – 學成店","237台灣新北市三峽區學成路236號","全身按摩半身按摩腳底按摩肩頸按摩指壓油壓泰式按摩台式按摩中式按摩經絡按摩中式推拿拔罐刮痧精油按摩修凍甲修腳皮足湯",24.941523389398,121.374727199494
"1030","夜上海SPA","970台灣花蓮縣花蓮市國聯二路92號","全身按摩半身按摩肩頸按摩背部按摩指壓油壓泰式按摩越式按摩台式按摩中式按摩休閒舒壓經絡按摩中式推拿刮痧精油按摩局部護理芳療SPA泰式SPA被動式瑜伽踩背",23.989614995192,121.602722006665
"1031","金華2男女SPA舒壓館","970台灣花蓮縣花蓮市國聯二路96號","全身按摩半身按摩肩頸按摩背部按摩指壓油壓泰式按摩越式按摩台式按摩中式按摩休閒舒壓經絡按摩中式推拿刮痧精油按摩局部護理芳療SPA泰式SPA被動式瑜伽",23.989552005189,121.602661992238
"1032","秘密SPA美容名店","304台灣新竹縣新豐鄉新興路460號","全身按摩半身按摩肩頸按摩背部按摩指壓油壓泰式按摩越式按摩台式按摩中式按摩休閒舒壓經絡按摩中式推拿精油按摩局部護理芳療SPA泰式SPA被動式瑜伽",24.876061018964,121.004336011132
"1033","歐悅男女養生會館","420台灣台中市豐原區中正路581號","全身按摩半身按摩肩頸按摩背部按摩指壓油壓泰式按摩越式按摩台式按摩中式按摩休閒舒壓經絡按摩中式推拿拔罐刮痧精油按摩局部護理芳療SPA泰式SPA被動式瑜伽踩背",24.250053886441,120.708120474922
"1034","翔雲美容養生會館","420台灣台中市豐原區安和路78號","全身按摩半身按摩肩頸按摩背部按摩指壓油壓泰式按摩台式按摩中式按摩休閒舒壓經絡按摩中式推拿刮痧精油按摩局部護理芳療SPA泰式SPA被動式瑜伽",24.247375994105,120.707919979798
"1035","越愛養生館","812台灣高雄市小港區孔鳳路435號","全身按摩半身按摩肩頸按摩背部按摩指壓油壓泰式按摩越式按摩台式按摩中式按摩休閒舒壓經絡按摩中式推拿刮痧精油按摩局部護理芳療SPA泰式SPA被動式瑜伽",22.581353002499,120.359142031688
"1036","金足足體養生館","244台灣新北市林口區文化三路二段89號","全身按摩腳底按摩肩頸按摩背部按摩指壓台式按摩中式按摩足反射按摩休閒舒壓經絡按摩中式推拿拔罐刮痧局部護理修凍甲修腳皮足湯",25.080820980985,121.374573894485
"1037","金金養生會館","112台灣台北市北投區石牌路一段75號","全身按摩半身按摩肩頸按摩背部按摩指壓油壓泰式按摩越式按摩中式按摩休閒舒壓經絡按摩中式推拿刮痧精油按摩局部護理芳療SPA泰式SPA被動式瑜伽",25.113731015061,121.511345012817
"1038","金旺養生館","105台灣台北市松山區塔悠路20號","全身按摩肩頸按摩背部按摩指壓油壓泰式按摩泰式古法休閒舒壓經絡按摩刮痧精油按摩局部護理芳療SPA泰式SPA被動式瑜伽全身去角質踩背",25.050367892278,121.571490532519
"1039","皇家泰式健康館","420台灣台中市豐原區圓環東路115號","全身按摩腳底按摩肩頸按摩背部按摩指壓油壓泰式按摩泰式古法越式按摩休閒舒壓經絡按摩拔罐刮痧精油按摩局部護理足湯芳療SPA泰式SPA被動式瑜伽踩背",24.243734015265,120.718256961889
"1040","花漾芳療SPA美妍館","900台灣屏東縣屏東市信義路17號","全身按摩半身按摩肩頸按摩背部按摩美胸按摩指壓油壓泰式按摩歐式按摩台式按摩中式按摩芳香療法按摩深層組織按摩休閒舒壓經絡按摩中式推拿刮痧精油按摩芳香按摩局部護理臉部護膚臉部按摩芳療SPA美容SPA泰式SPA歐式SPA",22.671736992277,120.481657041461
"1041","瑪瑪足體養生會館","970台灣花蓮縣花蓮市德安二街11號2樓","全身按摩半身按摩腳底按摩肩頸按摩背部按摩指壓油壓泰式按摩台式按摩中式按摩休閒舒壓經絡按摩中式推拿精油按摩臉部按摩足湯芳療SPA泰式SPA",23.974338012736,121.594189983604
"1042","浪漫男女按摩","640台灣雲林縣斗六市仁義路11-2號","全身按摩半身按摩肩頸按摩背部按摩指壓油壓泰式按摩越式按摩台式按摩中式按摩休閒舒壓經絡按摩中式推拿刮痧精油按摩局部護理芳療SPA泰式SPA被動式瑜伽",23.688893515472,120.538619868708
"1043","金讚傳統整復推拿","10491台灣台北市中山區民權東路二段72號","全身按摩半身按摩腳底按摩肩頸按摩背部按摩指壓油壓泰式按摩越式按摩台式按摩中式按摩休閒舒壓經絡按摩中式推拿刮痧精油按摩局部護理芳療SPA泰式SPA被動式瑜伽筋骨整復",25.062343997444,121.531177014825
"1044","健立傳統推拿館","420台灣台中市豐原區圓環東路610-2號","全身按摩半身按摩腳底按摩肩頸按摩背部按摩指壓油壓台式按摩中式按摩經絡按摩中式推拿拔罐刮痧局部護理筋骨整復",24.249526497093,120.727951806378
"1045","越浪漫養生館","908台灣屏東縣長治鄉中興路745號","全身按摩半身按摩肩頸按摩背部按摩指壓油壓泰式按摩越式按摩中式按摩休閒舒壓經絡按摩中式推拿刮痧精油按摩局部護理芳療SPA泰式SPA被動式瑜伽",22.695686981406,120.552841024731
"1046","欣格傳統整復推拿館","420台灣台中市豐原區中正路628號","腳底按摩肩頸按摩背部按摩指壓台式按摩中式按摩經絡按摩中式推拿拔罐刮痧局部護理",24.250052419608,120.705711935044
"1047","萬安視障按摩","242台灣新北市新莊區萬安街7號","全身按摩半身按摩腳底按摩肩頸按摩指壓東方指壓台式按摩中式按摩穴道按摩足反射按摩休閒舒壓經絡按摩中式推拿",25.024914986,121.421669964409
"1048","婧麗男女美容坊","234台灣新北市永和區民光街9號","全身按摩肩頸按摩背部按摩指壓油壓泰式按摩越式按摩台式按摩中式按摩休閒舒壓經絡按摩中式推拿精油按摩局部護理臉部護膚芳療SPA美容SPA泰式SPA薰香耳燭被動式瑜伽",24.996278004253,121.515477961635
"1049","泰の戀養生館","200台灣基隆市仁愛區忠四路5號","全身按摩半身按摩腳底按摩肩頸按摩背部按摩指壓油壓泰式按摩越式按摩台式按摩中式按摩休閒舒壓經絡按摩刮痧精油按摩局部護理芳療SPA泰式SPA被動式瑜伽踩背",25.127847984027,121.739623966506
"1050","御泰坊泰式按摩","330台灣桃園市桃園區莊敬路二段174號","全身按摩半身按摩腳底按摩肩頸按摩背部按摩指壓油壓泰式按摩泰式古法休閒舒壓經絡按摩刮痧精油按摩芳療SPA泰式SPA被動式瑜伽",25.021863805606,121.290747738113
"1051","美麗佳人養生會館","300台灣新竹市東區民生路34號","全身按摩半身按摩肩頸按摩背部按摩指壓油壓泰式按摩越式按摩台式按摩中式按摩休閒舒壓經絡按摩中式推拿刮痧精油按摩局部護理芳療SPA泰式SPA被動式瑜伽",24.807917802364,120.97895360554
"1052","經督健康養身館","302台灣新竹縣竹北市縣政十街49號","全身按摩腳底按摩肩頸按摩背部按摩指壓油壓泰式按摩越式按摩台式按摩中式按摩休閒舒壓經絡按摩中式推拿刮痧精油按摩芳療SPA泰式SPA",24.828289996287,121.008599969097
"1053","春上禾足體經絡養生","268台灣宜蘭縣五結鄉中正路一段222號","全身按摩腳底按摩肩頸按摩背部按摩指壓台式按摩中式按摩休閒舒壓經絡按摩中式推拿",24.69220401472,121.77007902496
"1054","湘涵養生會館","351台灣苗栗縣頭份市中央路608號","全身按摩半身按摩腳底按摩肩頸按摩背部按摩指壓油壓泰式按摩台式按摩中式按摩休閒舒壓經絡按摩中式推拿刮痧精油按摩局部護理足湯芳療SPA泰式SPA被動式瑜伽",24.694571986187,120.893735960542
"1055","艾莉男女傳統整復推拿館","420台灣台中市豐原區三豐路二段142號","全身按摩半身按摩肩頸按摩背部按摩指壓油壓泰式按摩台式按摩中式按摩休閒舒壓經絡按摩中式推拿刮痧精油按摩局部護理芳療SPA泰式SPA被動式瑜伽",24.266761408312,120.720695006065
"1056","鑫殿養身會館(舊康康工作室)","420台灣台中市豐原區中山路126號","全身按摩半身按摩肩頸按摩背部按摩指壓油壓泰式按摩越式按摩台式按摩中式按摩休閒舒壓經絡按摩中式推拿刮痧精油按摩局部護理芳療SPA泰式SPA被動式瑜伽",24.23868500825,120.711455969471
"1057","娜娜健康養生館","420台灣台中市豐原區圓環東路597號","全身按摩半身按摩肩頸按摩背部按摩指壓油壓泰式按摩越式按摩台式按摩中式按摩休閒舒壓經絡按摩中式推拿刮痧精油按摩局部護理芳療SPA泰式SPA被動式瑜伽",24.250400981051,120.728021040898
"1058","淨芯苑生活館","420台灣台中市豐原區成功路352號","全身按摩半身按摩肩頸按摩背部按摩指壓油壓泰式按摩越式按摩台式按摩中式按摩休閒舒壓經絡按摩中式推拿刮痧精油按摩局部護理芳療SPA泰式SPA被動式瑜伽",24.248802007292,120.706445016296
"1059","金愛萊推拿養生館","420台灣台中市豐原區豐原大道六段666號","全身按摩肩頸按摩背部按摩指壓油壓泰式按摩越式按摩台式按摩中式按摩休閒舒壓經絡按摩中式推拿刮痧精油按摩芳療SPA泰式SPA被動式瑜伽",24.264279987786,120.721308980473
"1060","坤元養生館","420台灣台中市豐原區田心路二段449號","全身按摩腳底按摩肩頸按摩背部按摩指壓東方指壓台式按摩中式按摩運動按摩穴道按摩足反射按摩理療按摩經絡按摩中式推拿局部護理筋骨整復",24.235366686913,120.723737415113
"1061","雅荷SPA美學工作室","403台灣台中市西區大墩十二街13號","全身按摩腳底按摩肩頸按摩背部按摩指壓油壓泰式按摩歐式按摩越式按摩台式按摩中式按摩芳香療法按摩深層組織按摩休閒舒壓經絡按摩中式推拿精油按摩足湯芳療SPA泰式SPA歐式SPA全身去角質",24.149825980025,120.654501021213
"1062","木村保健養生","403台灣台中市西區林森路271號","全身按摩腳底按摩肩頸按摩背部按摩指壓東方指壓日式按摩台式按摩中式按摩穴道按摩經絡按摩中式推拿刮痧修腳皮筋骨整復",24.140552284261,120.66708049768
"1063","泰金泰式按摩","702台灣台南市南區金華路一段14號","全身按摩腳底按摩肩頸按摩背部按摩指壓油壓泰式按摩泰式古法休閒舒壓經絡按摩精油按摩局部護理足湯芳療SPA泰式SPA被動式瑜伽踩背",22.961772006453,120.189440008341
"1064","景明春養生館","403台灣台中市西區大墩十街32號","全身按摩腳底按摩肩頸按摩背部按摩指壓油壓日式按摩中式按摩經絡按摩中式推拿精油按摩臉部護膚臉部按摩修凍甲修腳皮足湯芳療SPA美容SPA",24.147826602751,120.654120063714
"1065","大姆哥元氣養生館","403台灣台中市西區美村路一段341號","全身按摩腳底按摩肩頸按摩背部按摩指壓油壓泰式按摩台式按摩中式按摩深層組織按摩休閒舒壓經絡按摩中式推拿滑罐刮痧精油按摩修腳皮足蒸芳療SPA",24.145674800568,120.66185438105
"1066","拾捌養生館 ShiBa Spa","403台灣台中市西區日進街130號","全身按摩腳底按摩肩頸按摩背部按摩指壓油壓泰式按摩台式按摩中式按摩足反射按摩休閒舒壓經絡按摩中式推拿精油按摩芳療SPA泰式SPA",24.15163399845,120.670790998578
"1067","夏楓足體養身行館","403台灣台中市西區精誠路298號","全身按摩腳底按摩肩頸按摩背部按摩指壓油壓泰式按摩台式按摩中式按摩休閒舒壓經絡按摩中式推拿精油按摩臉部護膚臉部按摩修凍甲修腳皮足湯芳療SPA美容SPA薰香耳燭掏耳朵",24.148462495836,120.654903939299
"1068","金蓉泰式推拿","900台灣屏東縣屏東市建華三街89號","全身按摩肩頸按摩背部按摩指壓油壓泰式按摩越式按摩休閒舒壓經絡按摩中式推拿刮痧精油按摩局部護理臉部護膚臉部按摩修凍甲修腳皮芳療SPA美容SPA泰式SPA全身去角質除毛美甲美睫",22.668649015328,120.484478976803
"1069","熊腳丫足體養生會館","403台灣台中市西區大和路21號","全身按摩腳底按摩肩頸按摩背部按摩指壓油壓泰式按摩峇里島式按摩歐式按摩越式按摩台式按摩中式按摩深層組織按摩穴道按摩休閒舒壓經絡按摩中式推拿刮痧精油按摩修腳皮足湯泰式SPA歐式SPA",24.150139002199,120.668785963519
"1070","越紅SPA美容坊","406台灣台中市太平區中山路四段55巷38號","全身按摩半身按摩肩頸按摩背部按摩指壓油壓泰式按摩越式按摩中式按摩休閒舒壓經絡按摩中式推拿拔罐刮痧精油按摩局部護理芳療SPA泰式SPA被動式瑜伽",24.148455802054,120.706142311232
"1071","舒柔壓傳統整復推拿養生館","403台灣台中市西區自由路一段6號","全身按摩肩頸按摩背部按摩指壓油壓泰式按摩台式按摩中式按摩經絡按摩中式推拿拔罐刮痧精油按摩局部護理芳療SPA泰式SPA筋骨整復",24.131813898744,120.669190390347
"1072","華莉養生館","403台灣台中市西區大業路9號","全身按摩半身按摩腳底按摩肩頸按摩背部按摩指壓油壓泰式按摩台式按摩中式按摩休閒舒壓經絡按摩中式推拿拔罐刮痧精油按摩局部護理臉部護膚足湯芳療SPA泰式SPA全身去角質美甲美睫",24.153436987732,120.654749963737
"1073","看見按摩養生館","406台灣台中市太平區新興路45號","全身按摩半身按摩腳底按摩肩頸按摩背部按摩指壓台式按摩中式按摩經絡按摩中式推拿局部護理",24.158982999697,120.711471978906
"1074","銀河男女時尚舒壓會館","241602台灣新北市三重區重新路四段63號B1","全身按摩腳底按摩肩頸按摩背部按摩指壓油壓泰式按摩台式按摩中式按摩休閒舒壓經絡按摩中式推拿刮痧精油按摩足湯芳療SPA泰式SPA",25.057217918829,121.487379391439
"1075","巧薏舒活館","411台灣台中市太平區大源二街15號","全身按摩半身按摩肩頸按摩背部按摩指壓油壓泰式按摩台式按摩中式按摩休閒舒壓理療按摩經絡按摩中式推拿滑罐拔罐刮痧精油按摩局部護理臉部護膚臉部按摩芳療SPA泰式SPA",24.144601916962,120.724712703714
"1076","菘銘美容經絡舒壓館","406台灣台中市太平區東平路585號","全身按摩半身按摩腳底按摩肩頸按摩背部按摩指壓油壓台式按摩中式按摩穴道按摩足反射按摩理療按摩經絡按摩中式推拿拔罐刮痧精油按摩局部護理足湯筋骨整復",24.1569,120.727
"1077","婷婷泰式推拿按摩","832台灣高雄市林園區沿海路三段42號","全身按摩半身按摩腳底按摩肩頸按摩背部按摩指壓油壓泰式按摩越式按摩中式按摩休閒舒壓經絡按摩中式推拿刮痧精油按摩局部護理臉部護膚修凍甲修腳皮芳療SPA美容SPA泰式SPA被動式瑜伽美甲",22.500489010709,120.391877973635
"1078","唐丞足體養生館","406台灣台中市太平區長億路91號","全身按摩半身按摩腳底按摩肩頸按摩背部按摩指壓油壓泰式按摩中式按摩休閒舒壓經絡按摩中式推拿拔罐刮痧精油按摩局部護理足湯芳療SPA泰式SPA",24.1569,120.727
"1079","佳殿SPA養生館","806台灣高雄市前鎮區一心二路132號","全身按摩半身按摩肩頸按摩背部按摩指壓油壓泰式按摩越式按摩中式按摩休閒舒壓經絡按摩中式推拿刮痧精油按摩局部護理芳療SPA泰式SPA被動式瑜伽踩背",22.612298989022,120.308624971802
"1080","欣宜堂健康生活館","269台灣宜蘭縣冬山鄉永安路313號","全身按摩半身按摩肩頸按摩背部按摩指壓油壓泰式按摩峇里島式按摩中式按摩深層組織按摩休閒舒壓經絡按摩中式推拿刮痧精油按摩熱石按摩局部護理芳療SPA泰式SPA歐式SPA被動式瑜伽筋骨整復",24.662623314495,121.765768882709
"1081","欣蓉男女SPA生活館","411台灣台中市太平區新明街1號","全身按摩半身按摩肩頸按摩背部按摩指壓油壓泰式按摩泰式古法越式按摩中式按摩休閒舒壓經絡按摩中式推拿刮痧精油按摩局部護理芳療SPA泰式SPA被動式瑜伽",24.149133592913,120.718116229734
"1082","名揚足體養生會館","406台灣台中市太平區太平路289號","全身按摩半身按摩腳底按摩肩頸按摩背部按摩油壓泰式按摩中式按摩足反射按摩休閒舒壓經絡按摩中式推拿刮痧精油按摩局部護理臉部護膚修凍甲修腳皮芳療SPA美容SPA泰式SPA",24.1569,120.727
"1083","極上理筋","406台灣台中市太平區樹孝路12號","全身按摩半身按摩肩頸按摩背部按摩指壓日式按摩中式按摩深層組織按摩運動按摩穴道按摩理療按摩經絡按摩中式推拿滑罐拔罐刮痧局部護理筋骨整復",24.150490790676,120.716548562384
"1084","足松養身會館-台中太平館","411台灣台中市太平區宜昌路543號","全身按摩半身按摩腳底按摩肩頸按摩背部按摩指壓東方指壓日式按摩中式按摩經絡按摩中式推拿刮痧修凍甲修腳皮足湯",24.148322895238,120.715602496972
"1085","上巧傳統整復推拿(可立樂舒活館)","411台灣台中市太平區宜欣二路128號","全身按摩半身按摩肩頸按摩背部按摩指壓油壓東方指壓中式按摩穴道按摩足反射按摩理療按摩經絡按摩中式推拿拔罐刮痧局部護理筋骨整復",24.142882285706,120.716387126928
"1086","雅雲養生會館","437台灣台中市大甲區新政路282號","全身按摩半身按摩肩頸按摩背部按摩指壓油壓泰式按摩中式按摩休閒舒壓經絡按摩中式推拿拔罐刮痧精油按摩局部護理臉部護膚芳療SPA泰式SPA被動式瑜伽",24.351414984256,120.618422963013
"1087","佳心養生館","437台灣台中市大甲區中山路一段534號","全身按摩肩頸按摩背部按摩指壓油壓泰式按摩中式按摩休閒舒壓經絡按摩中式推拿拔罐刮痧精油按摩局部護理芳療SPA泰式SPA美甲美睫",24.339650689782,120.618828311851
"1088","天使 養生館","807台灣高雄市三民區建國一路503號","全身按摩半身按摩肩頸按摩背部按摩指壓油壓泰式按摩越式按摩中式按摩休閒舒壓經絡按摩中式推拿刮痧精油按摩局部護理芳療SPA泰式SPA掏耳朵被動式瑜伽",22.636047980113,120.315095968691
"1089","于佳養生館","437台灣台中市大甲區育英路93號","全身按摩半身按摩腳底按摩肩頸按摩背部按摩指壓油壓泰式按摩越式按摩中式按摩休閒舒壓經絡按摩中式推拿刮痧精油按摩臉部護膚修凍甲芳療SPA美容SPA泰式SPA",24.352578601964,120.623679086856
"1090","羽菲養生館","437台灣台中市大甲區育英路114號","全身按摩半身按摩肩頸按摩背部按摩指壓油壓泰式按摩越式按摩中式按摩休閒舒壓經絡按摩中式推拿刮痧精油按摩局部護理芳療SPA泰式SPA被動式瑜伽",24.352319014423,120.624861019023
"1091","文心養生館","812台灣高雄市小港區大鵬路70號","全身按摩半身按摩腳底按摩肩頸按摩背部按摩指壓油壓泰式按摩越式按摩中式按摩休閒舒壓經絡按摩中式推拿刮痧精油按摩局部護理芳療SPA泰式SPA被動式瑜伽",22.56723800328,120.358591005373
"1092","芝玥健康館","437台灣台中市大甲區水源路100號","全身按摩半身按摩肩頸按摩背部按摩指壓油壓泰式按摩越式按摩中式按摩休閒舒壓經絡按摩中式推拿刮痧精油按摩局部護理芳療SPA泰式SPA被動式瑜伽",24.340897916975,120.623836079903
"1093","足湯按摩館-大甲店","437台灣台中市大甲區新政路166號","全身按摩半身按摩腳底按摩肩頸按摩背部按摩指壓油壓中式按摩經絡按摩中式推拿刮痧精油按摩局部護理",24.350292605511,120.621678829483
"1094","馨玥泰式養生館","514台灣彰化縣溪湖鎮彰水路二段317號","全身按摩半身按摩肩頸按摩背部按摩指壓油壓泰式按摩泰式古法越式按摩中式按摩休閒舒壓經絡按摩中式推拿刮痧精油按摩局部護理芳療SPA泰式SPA被動式瑜伽踩背",23.942856003504,120.481483033151
"1095","怡泰養生館","437台灣台中市大甲區中山路二段274號","全身按摩半身按摩肩頸按摩背部按摩指壓油壓泰式按摩越式按摩中式按摩休閒舒壓經絡按摩中式推拿刮痧精油按摩局部護理芳療SPA泰式SPA被動式瑜伽",24.381643982782,120.65591496446
"1096","臻藏男女養生館","833台灣高雄市鳥松區大埤路10號","全身按摩半身按摩肩頸按摩背部按摩指壓油壓泰式按摩越式按摩台式按摩中式按摩休閒舒壓經絡按摩中式推拿刮痧精油按摩局部護理芳療SPA泰式SPA被動式瑜伽踩背",22.659367985399,120.363618973812
"1097","泰妍生活館","437台灣台中市大甲區慈德路145號","全身按摩腳底按摩肩頸按摩背部按摩指壓油壓泰式按摩越式按摩中式按摩休閒舒壓經絡按摩中式推拿刮痧精油按摩局部護理芳療SPA泰式SPA被動式瑜伽踩背",24.38245698548,120.653977990455
"1098","清心養生館","437台灣台中市大甲區水源路41號","全身按摩腳底按摩肩頸按摩背部按摩指壓油壓中式按摩休閒舒壓經絡按摩中式推拿拔罐刮痧精油按摩芳療SPA",24.341377990479,120.623384965874
"1099","喬喬養生館","437台灣台中市大甲區慈德路163號","全身按摩肩頸按摩背部按摩指壓油壓泰式按摩中式按摩休閒舒壓經絡按摩中式推拿刮痧精油按摩局部護理芳療SPA泰式SPA被動式瑜伽",24.38263099379,120.653627962178
"1100","維君養生館","437台灣台中市大甲區孔雀路80號","全身按摩半身按摩肩頸按摩背部按摩指壓油壓泰式按摩越式按摩中式按摩休閒舒壓經絡按摩中式推拿刮痧精油按摩局部護理芳療SPA泰式SPA被動式瑜伽",24.34705501159,120.621844036794
"1101","尹莉養生館","437台灣台中市大甲區光明路119巷2號","全身按摩半身按摩肩頸按摩背部按摩指壓油壓泰式按摩泰式古法越式按摩中式按摩休閒舒壓經絡按摩中式推拿刮痧精油按摩局部護理芳療SPA泰式SPA被動式瑜伽",24.3441342117,120.62090341962
"1102","珠萩養生館","437台灣台中市大甲區經國路318號","全身按摩半身按摩腳底按摩肩頸按摩背部按摩指壓油壓泰式按摩越式按摩中式按摩休閒舒壓經絡按摩中式推拿刮痧精油按摩局部護理臉部護膚芳療SPA美容SPA泰式SPA被動式瑜伽",24.346016996701,120.617300039445
"1103","妤艷養生館","437台灣台中市大甲區三民路233號","全身按摩半身按摩肩頸按摩背部按摩指壓油壓泰式按摩越式按摩中式按摩休閒舒壓經絡按摩中式推拿拔罐刮痧精油按摩局部護理臉部護膚芳療SPA美容SPA泰式SPA被動式瑜伽",24.350630689576,120.622638808853
"1104","舒活傳統整復推拿館","437台灣台中市大甲區鎮瀾街36號","全身按摩半身按摩肩頸按摩背部按摩指壓油壓泰式按摩中式按摩休閒舒壓經絡按摩中式推拿刮痧精油按摩局部護理芳療SPA泰式SPA被動式瑜伽",24.341474281084,120.624244138183
"1105","天櫻健康美容坊","437台灣台中市大甲區光明路220-3號","全身按摩半身按摩腳底按摩肩頸按摩背部按摩指壓油壓泰式按摩中式按摩休閒舒壓經絡按摩中式推拿刮痧精油按摩局部護理芳療SPA泰式SPA被動式瑜伽",24.345751793285,120.619025118937
"1106","莉娜養生館","437台灣台中市大甲區中山路一段1187-5號","全身按摩半身按摩腳底按摩肩頸按摩背部按摩指壓油壓泰式按摩越式按摩中式按摩休閒舒壓經絡按摩中式推拿拔罐刮痧精油按摩局部護理芳療SPA泰式SPA被動式瑜伽",24.353959981517,120.630235998253
"1107","美淇美容美體SPA","437台灣台中市大甲區中山路一段891號","全身按摩肩頸按摩背部按摩指壓油壓泰式按摩中式按摩休閒舒壓經絡按摩中式推拿拔罐刮痧精油按摩局部護理芳療SPA泰式SPA歐式SPA",24.342995991159,120.62463797658
"1108","妍文養生館","437台灣台中市大甲區中山路一段1095號","全身按摩腳底按摩肩頸按摩背部按摩指壓油壓泰式按摩越式按摩中式按摩休閒舒壓經絡按摩中式推拿精油按摩局部護理芳療SPA泰式SPA被動式瑜伽",24.351914587595,120.628065672064
"1109","晶悅經絡推拿","741台灣台南市善化區建國路29-9號","全身按摩肩頸按摩背部按摩指壓油壓泰式按摩越式按摩中式按摩休閒舒壓經絡按摩中式推拿刮痧精油按摩局部護理芳療SPA泰式SPA被動式瑜伽踩背",23.127036482621,120.297269085561
"1110","越泰泰式古法健康館","437台灣台中市大甲區經國路656號","全身按摩半身按摩肩頸按摩背部按摩指壓油壓泰式按摩泰式古法越式按摩中式按摩休閒舒壓經絡按摩中式推拿刮痧精油按摩局部護理芳療SPA泰式SPA被動式瑜伽踩背",24.352502703831,120.61818340822
"1111","佳佳男女舒活館","437台灣台中市大甲區經國路658號","全身按摩半身按摩肩頸按摩背部按摩指壓油壓泰式按摩越式按摩中式按摩休閒舒壓經絡按摩中式推拿刮痧精油按摩局部護理芳療SPA泰式SPA被動式瑜伽踩背",24.352543020785,120.618194975247
"1112","晶木健康養生館","437台灣台中市大甲區八德街67號","全身按摩半身按摩肩頸按摩背部按摩指壓油壓泰式按摩中式按摩休閒舒壓經絡按摩中式推拿刮痧精油按摩局部護理芳療SPA泰式SPA被動式瑜伽踩背",24.352281002492,120.618432015469
"1113","稜足體養身","437台灣台中市大甲區水源路368號","全身按摩半身按摩腳底按摩肩頸按摩背部按摩指壓油壓泰式按摩歐式按摩中式按摩休閒舒壓經絡按摩中式推拿刮痧精油按摩芳療SPA泰式SPA歐式SPA",24.34302360953,120.628616363103
"1114","甜甜男女舒活館","437台灣台中市大甲區中山路一段607-2號","全身按摩半身按摩肩頸按摩背部按摩指壓油壓泰式按摩越式按摩中式按摩休閒舒壓經絡按摩中式推拿刮痧精油按摩局部護理芳療SPA泰式SPA被動式瑜伽踩背",24.337358993635,120.616985969533
"1115","沄湘養生館","437台灣台中市大甲區五福街220號","全身按摩半身按摩肩頸按摩背部按摩指壓油壓泰式按摩越式按摩中式按摩休閒舒壓經絡按摩中式推拿刮痧精油按摩局部護理芳療SPA泰式SPA被動式瑜伽",24.350657008752,120.621539019338
"1116","芳燕養生館","437台灣台中市大甲區中山路一段1141號","全身按摩半身按摩肩頸按摩背部按摩指壓油壓泰式按摩越式按摩中式按摩休閒舒壓經絡按摩中式推拿刮痧精油按摩局部護理芳療SPA泰式SPA被動式瑜伽踩背",24.352950004094,120.629112990866
"1117","春天男女養生館","437台灣台中市大甲區中山路一段998-4號","全身按摩半身按摩肩頸按摩背部按摩指壓油壓泰式按摩越式按摩中式按摩休閒舒壓經絡按摩中式推拿刮痧精油按摩局部護理芳療SPA泰式SPA被動式瑜伽",24.352655380197,120.629112823228
"1118","熊大養生按摩-沙鹿總店","433台灣台中市沙鹿區成功東街22號","全身按摩腳底按摩肩頸按摩背部按摩指壓中式按摩穴道按摩足反射按摩休閒舒壓經絡按摩中式推拿刮痧局部護理",24.242345092,120.561956763529
"1119","心悅SPA生活館","709台灣台南市安南區郡安路四段69號","全身按摩半身按摩肩頸按摩背部按摩指壓油壓泰式按摩越式按摩中式按摩休閒舒壓經絡按摩中式推拿拔罐刮痧精油按摩局部護理芳療SPA泰式SPA被動式瑜伽",23.02798288084,120.211277883598
"1120","閣月美容工作室","433台灣台中市沙鹿區福鹿街36號","全身按摩肩頸按摩指壓油壓中式按摩芳香療法按摩深層組織按摩放鬆按摩休閒舒壓經絡按摩中式推拿拔罐刮痧精油按摩局部護理臉部護膚芳療SPA美容SPA",24.243034880721,120.564390365297
"1121","泰式清邁健康館","433台灣台中市沙鹿區沙田路45-1號","全身按摩半身按摩腳底按摩肩頸按摩背部按摩指壓油壓泰式按摩泰式古法越式按摩中式按摩休閒舒壓經絡按摩中式推拿拔罐刮痧精油按摩局部護理芳療SPA泰式SPA被動式瑜伽踩背",24.230068998518,120.558558991439
"1122","森林養生會館","433台灣台中市沙鹿區大同街32-2號","全身按摩腳底按摩肩頸按摩背部按摩指壓油壓中式按摩深層組織按摩休閒舒壓經絡按摩中式推拿拔罐刮痧精油按摩局部護理足湯歐式SPA",24.234691995305,120.55783001732
"1123","泰皇泰式健康館","433台灣台中市沙鹿區三民路119號","全身按摩半身按摩肩頸按摩背部按摩指壓油壓泰式按摩越式按摩中式按摩休閒舒壓經絡按摩中式推拿拔罐刮痧精油按摩局部護理芳療SPA泰式SPA被動式瑜伽踩背",24.242189104782,120.571105610845
"1124","越緣時尚館","10491台灣台北市中山區民生東路二段109號","全身按摩半身按摩肩頸按摩背部按摩指壓油壓泰式按摩越式按摩中式按摩休閒舒壓經絡按摩中式推拿刮痧精油按摩局部護理芳療SPA泰式SPA被動式瑜伽",25.058105017551,121.531411037562
"1125","晶靚泰式養生館","433台灣台中市沙鹿區台灣大道七段47號","全身按摩半身按摩肩頸按摩背部按摩指壓油壓泰式按摩越式按摩中式按摩休閒舒壓經絡按摩中式推拿拔罐刮痧精油按摩局部護理芳療SPA泰式SPA被動式瑜伽踩背",24.220675986363,120.579564962806
"1126","陳師傅民俗經絡推拿","433台灣台中市沙鹿區南路二段230號","全身按摩半身按摩腳底按摩肩頸按摩背部按摩指壓中式按摩穴道按摩足反射按摩理療按摩經絡按摩中式推拿拔罐刮痧",24.230904,120.5758188
"1127","弘騰傳統整復推拿","433台灣台中市沙鹿區星河路2號","全身按摩半身按摩腳底按摩肩頸按摩背部按摩中式按摩穴道按摩足反射按摩理療按摩經絡按摩中式推拿局部護理",24.251974294757,120.567848971176
"1128","原點傳統整復推拿工作室","433台灣台中市沙鹿區光榮街83巷21號","全身按摩半身按摩肩頸按摩背部按摩中式按摩穴道按摩足反射按摩理療按摩經絡按摩中式推拿局部護理",24.243433607856,120.564566469083
"1129","香城養生館(舊綻放)","704台灣台南市北區臨安路二段147號","全身按摩半身按摩肩頸按摩背部按摩指壓油壓泰式按摩越式按摩台式按摩中式按摩休閒舒壓經絡按摩中式推拿刮痧精油按摩局部護理芳療SPA泰式SPA被動式瑜伽",23.003361585086,120.198002038616
"1130","水姑娘SPA美容養身會館","807台灣高雄市三民區建工路650號","全身按摩半身按摩肩頸按摩背部按摩指壓油壓泰式按摩越式按摩中式按摩休閒舒壓經絡按摩中式推拿刮痧精油按摩局部護理芳療SPA泰式SPA被動式瑜伽踩背",22.649143991363,120.321887992472
"1131","李明明按摩館","433台灣台中市沙鹿區中山路659巷10號","全身按摩半身按摩腳底按摩肩頸按摩背部按摩指壓油壓泰式按摩泰式古法越式按摩中式按摩休閒舒壓經絡按摩拔罐刮痧精油按摩熱石按摩局部護理足湯芳療SPA泰式SPA被動式瑜伽踩背",24.255605681918,120.568392640244
"1132","臻享傳統整復推拿館","433台灣台中市沙鹿區向上路七段40號","全身按摩半身按摩肩頸按摩背部按摩指壓油壓泰式按摩中式按摩休閒舒壓經絡按摩中式推拿拔罐刮痧精油按摩局部護理芳療SPA泰式SPA被動式瑜伽",24.205152198768,120.56586088639
"1133","竹逸養生館","433台灣台中市沙鹿區中山路378巷11號","全身按摩腳底按摩肩頸按摩背部按摩指壓油壓中式按摩休閒舒壓經絡按摩中式推拿拔罐刮痧精油按摩局部護理修腳皮足湯芳療SPA薰香耳燭",24.241592983828,120.561683010571
"1134","小紅傳統整復推拿館","433台灣台中市沙鹿區屏西路19號","全身按摩半身按摩肩頸按摩背部按摩指壓油壓泰式按摩越式按摩中式按摩休閒舒壓經絡按摩中式推拿刮痧精油按摩局部護理芳療SPA泰式SPA被動式瑜伽",24.20512001226,120.56731003363
"1135","桑芭養生會館","433台灣台中市沙鹿區台灣大道七段718號","全身按摩半身按摩肩頸按摩背部按摩指壓油壓泰式按摩越式按摩中式按摩休閒舒壓經絡按摩中式推拿精油按摩局部護理芳療SPA泰式SPA被動式瑜伽踩背",24.236052001005,120.570593979475
"1136","欣越傳統整復推拿館","433台灣台中市沙鹿區台灣大道七段718號","全身按摩半身按摩肩頸按摩背部按摩指壓油壓中式按摩穴道按摩休閒舒壓經絡按摩中式推拿拔罐刮痧精油按摩局部護理",24.236052001005,120.570593979475
"1137","玉香足體生活館","330台灣桃園市桃園區民族路188號","全身按摩半身按摩肩頸按摩背部按摩指壓油壓泰式按摩越式按摩中式按摩休閒舒壓經絡按摩中式推拿刮痧精油按摩局部護理芳療SPA泰式SPA被動式瑜伽踩背",24.994442283639,121.307987804202
"1138","玖玖芳療館","433台灣台中市沙鹿區台灣大道七段407號","全身按摩半身按摩肩頸按摩背部按摩指壓油壓泰式按摩越式按摩中式按摩休閒舒壓經絡按摩中式推拿刮痧精油按摩芳療SPA泰式SPA被動式瑜伽",24.231439984511,120.57281401035
"1139","覓境SPA舒活美學館(舊悅悅)","710台灣台南市永康區中山南路914號","全身按摩半身按摩肩頸按摩背部按摩指壓油壓泰式按摩越式按摩台式按摩中式按摩休閒舒壓經絡按摩中式推拿刮痧精油按摩局部護理芳療SPA泰式SPA被動式瑜伽踩背",23.021730400166,120.249192584422
"1140","喬麗理容按摩","820台灣高雄市岡山區嘉新東路129-2號","全身按摩半身按摩肩頸按摩背部按摩指壓油壓泰式按摩泰式古法越式按摩中式按摩休閒舒壓經絡按摩中式推拿拔罐刮痧精油按摩局部護理芳療SPA泰式SPA被動式瑜伽踩背",22.807321987491,120.299227014323
"1141","達揚傳統整復館","433台灣台中市沙鹿區向上路六段740號","全身按摩半身按摩肩頸按摩背部按摩中式按摩運動按摩穴道按摩足反射按摩理療按摩醫療按摩經絡按摩中式推拿拔罐刮痧局部護理",24.202543375167,120.568825554451
"1142","足水緣養生館","806台灣高雄市前鎮區瑞隆路183-2號","全身按摩肩頸按摩背部按摩指壓油壓泰式按摩越式按摩中式按摩休閒舒壓經絡按摩中式推拿刮痧精油按摩局部護理芳療SPA泰式SPA被動式瑜伽踩背",22.605716009906,120.335399033658
"1143","鑫雅傳統整復推拿館","433台灣台中市沙鹿區屏西路23號","全身按摩腳底按摩肩頸按摩背部按摩指壓油壓泰式按摩越式按摩中式按摩休閒舒壓經絡按摩中式推拿拔罐刮痧精油按摩局部護理芳療SPA泰式SPA被動式瑜伽",24.205212380833,120.567315062772
"1144","櫻花港式推拿傳統整復","433台灣台中市沙鹿區台灣大道六段881號","全身按摩半身按摩肩頸按摩背部按摩指壓油壓泰式按摩越式按摩中式按摩休閒舒壓經絡按摩中式推拿刮痧精油按摩局部護理芳療SPA泰式SPA被動式瑜伽",24.213103188301,120.580676235529
"1145","圓潤經絡調理館","324台灣桃園市平鎮區龍南路87號","全身按摩半身按摩腳底按摩肩頸按摩背部按摩指壓油壓泰式按摩越式按摩中式按摩休閒舒壓經絡按摩中式推拿拔罐刮痧精油按摩局部護理芳療SPA泰式SPA被動式瑜伽踩背",24.924276994972,121.246192977413
"1146","皇妃傳統整復推拿館","433台灣台中市沙鹿區沙田路17-26號","全身按摩半身按摩肩頸按摩背部按摩指壓油壓泰式按摩越式按摩中式按摩休閒舒壓經絡按摩中式推拿刮痧精油按摩局部護理芳療SPA泰式SPA被動式瑜伽",24.222889982268,120.556602990514
"1147","艾妃養生館","435台灣台中市梧棲區四維東路90號","全身按摩半身按摩肩頸按摩背部按摩指壓油壓泰式按摩越式按摩中式按摩休閒舒壓經絡按摩中式推拿刮痧精油按摩局部護理芳療SPA泰式SPA被動式瑜伽",24.260113301808,120.538807204244
"1148","樂泰健康館","435台灣台中市梧棲區台灣大道八段746號","全身按摩半身按摩腳底按摩肩頸按摩背部按摩指壓油壓泰式按摩泰式古法越式按摩中式按摩休閒舒壓經絡按摩中式推拿刮痧精油按摩局部護理芳療SPA泰式SPA被動式瑜伽踩背",24.247834693756,120.542799085631
"1149","琪琪傳統整復推拿館","435台灣台中市梧棲區港埠路二段332號","全身按摩半身按摩肩頸按摩背部按摩指壓油壓泰式按摩中式按摩休閒舒壓經絡按摩中式推拿刮痧精油按摩局部護理芳療SPA泰式SPA被動式瑜伽",24.258483985559,120.54020647916
"1150","晶彩男女推拿館","435台灣台中市梧棲區台灣大道八段706號","全身按摩半身按摩肩頸按摩背部按摩指壓油壓中式按摩經絡按摩中式推拿拔罐刮痧精油按摩局部護理",24.247645011287,120.543494029224
"1151","休息站泰式按摩","435台灣台中市梧棲區大仁路二段73號","全身按摩肩頸按摩背部按摩指壓油壓泰式按摩越式按摩中式按摩休閒舒壓經絡按摩中式推拿刮痧精油按摩芳療SPA泰式SPA被動式瑜伽踩背",24.261072107712,120.540448380886
"1152","雨荷傳統整復推拿館","435台灣台中市梧棲區台灣大道九段20號","全身按摩半身按摩肩頸按摩背部按摩指壓油壓泰式按摩中式按摩休閒舒壓經絡按摩中式推拿拔罐刮痧精油按摩局部護理芳療SPA泰式SPA被動式瑜伽",24.250875983504,120.53444802786
"1153","君元氣健康美容美甲","43542台灣台中市梧棲區四維中路252號","全身按摩腳底按摩肩頸按摩背部按摩指壓油壓泰式按摩日式按摩中式按摩深層組織按摩休閒舒壓經絡按摩中式推拿拔罐刮痧精油按摩局部護理臉部護膚修凍甲修腳皮足湯芳療SPA美容SPA泰式SPA歐式SPA薰香耳燭全身去角質",24.261286810162,120.534780789416
"1154","足舒適足體養生館","435台灣台中市梧棲區四維路104號(全家後面)","全身按摩半身按摩腳底按摩肩頸按摩背部按摩指壓油壓泰式按摩中式按摩休閒舒壓經絡按摩中式推拿拔罐刮痧精油按摩局部護理修凍甲修腳皮足湯芳療SPA泰式SPA",24.2609493,120.5371321
"1155","龍德傳統整復推拿養生館","435台灣台中市梧棲區中和街164號","全身按摩半身按摩肩頸按摩背部按摩指壓油壓中式按摩穴道按摩休閒舒壓理療按摩經絡按摩中式推拿拔罐刮痧精油按摩局部護理",24.256935009852,120.532473838205
"1156","京都日式養生館","435台灣台中市梧棲區港埠路一段887號","全身按摩半身按摩肩頸按摩背部按摩指壓油壓泰式按摩日式按摩越式按摩中式按摩休閒舒壓經絡按摩中式推拿拔罐刮痧精油按摩局部護理芳療SPA美容SPA泰式SPA全身去角質",24.244892017099,120.533803375686
"1157","蒸足堂足體養生會館","435台灣台中市梧棲區大仁路二段353巷21號","全身按摩半身按摩腳底按摩肩頸按摩背部按摩指壓油壓泰式按摩中式按摩休閒舒壓經絡按摩中式推拿拔罐刮痧精油按摩局部護理足湯芳療SPA泰式SPA",24.263039382297,120.534169329579
"1158","金樽養生會館","435台灣台中市梧棲區大仁路二段86號","全身按摩肩頸按摩背部按摩指壓油壓泰式按摩越式按摩中式按摩休閒舒壓經絡按摩中式推拿拔罐刮痧精油按摩局部護理芳療SPA泰式SPA被動式瑜伽全身去角質",24.261596479575,120.540129281832
"1159","貴緣傳統整復推拿館","435台灣台中市梧棲區港埠路一段1015號","半身按摩肩頸按摩背部按摩指壓中式按摩穴道按摩理療按摩經絡按摩中式推拿局部護理",24.247224784571,120.534815993409
"1160","江南養生會館","435台灣台中市梧棲區四維東路165號","全身按摩半身按摩肩頸按摩背部按摩指壓油壓泰式按摩越式按摩中式按摩休閒舒壓經絡按摩中式推拿刮痧精油按摩局部護理芳療SPA泰式SPA被動式瑜伽",24.261196788522,120.539036197839
"1161","和悅來養生館","435台灣台中市梧棲區大仁路二段84號","全身按摩半身按摩肩頸按摩背部按摩指壓油壓泰式按摩中式按摩休閒舒壓經絡按摩中式推拿刮痧精油按摩局部護理芳療SPA泰式SPA被動式瑜伽",24.261572591151,120.54018921244
"1162","康寶運動式按推館-東英店","401台灣台中市東區東英路287號","全身按摩半身按摩肩頸按摩背部按摩中式按摩運動按摩穴道按摩理療按摩經絡按摩中式推拿局部護理",24.136544686806,120.704894280389
"1163","伊林精油美容SPA生活館","403台灣台中市西區五權路31號","全身按摩半身按摩肩頸按摩背部按摩指壓油壓泰式按摩越式按摩台式按摩中式按摩休閒舒壓經絡按摩精油按摩局部護理芳療SPA泰式SPA被動式瑜伽",24.144500495933,120.669921459942
"1164","夢帆美體護膚館","812台灣高雄市小港區沿海一路385號","全身按摩肩頸按摩背部按摩指壓油壓泰式按摩越式按摩台式按摩中式按摩休閒舒壓精油按摩芳療SPA泰式SPA被動式瑜伽踩背",22.563129990624,120.355706960128
"1165","虹柔養生館","265台灣宜蘭縣羅東鎮站前路56巷8號","全身按摩半身按摩肩頸按摩背部按摩指壓油壓泰式按摩越式按摩中式按摩休閒舒壓經絡按摩中式推拿刮痧精油按摩局部護理芳療SPA泰式SPA被動式瑜伽",24.676232004853,121.773297005227
"1166","順基按摩棧","402台灣台中市南區仁義街4-1號","全身按摩半身按摩腳底按摩肩頸按摩背部按摩指壓中式按摩經絡按摩中式推拿局部護理",24.125783999509,120.678935023341
"1167","綠的男仕女仕美容舒活館","710台灣台南市永康區中華路81號","全身按摩腳底按摩肩頸按摩背部按摩指壓油壓泰式按摩越式按摩中式按摩休閒舒壓經絡按摩中式推拿刮痧精油按摩局部護理芳療SPA泰式SPA歐式SPA被動式瑜伽踩背",23.001206891146,120.234734388178
"1168","鑫潮流SPA養生會館","800台灣高雄市新興區大同一路194號","全身按摩腳底按摩肩頸按摩背部按摩指壓油壓泰式按摩中式按摩休閒舒壓經絡按摩中式推拿精油按摩局部護理足湯芳療SPA泰式SPA被動式瑜伽",22.628948005209,120.300612040004
"1169","漢朝足體經絡館","402台灣台中市南區學府路135巷2弄2號","全身按摩半身按摩腳底按摩肩頸按摩背部按摩指壓油壓中式按摩經絡按摩中式推拿拔罐刮痧精油按摩局部護理修凍甲",24.128744990625,120.673864977748
"1170","康寶運動式按推館","402台灣台中市南區南平路335號","全身按摩半身按摩腳底按摩肩頸按摩背部按摩指壓中式按摩深層組織按摩放鬆按摩運動按摩穴道按摩理療按摩經絡按摩中式推拿局部護理",24.125601986482,120.668134270547
"1171","太乙足體養生館","402台灣台中市南區美村路二段73號","全身按摩半身按摩腳底按摩肩頸按摩背部按摩指壓油壓泰式按摩歐式按摩中式按摩休閒舒壓經絡按摩中式推拿拔罐刮痧精油按摩局部護理修凍甲修腳皮芳療SPA泰式SPA",24.129113584817,120.662213964696
"1172","釆靊養生館","402台灣台中市南區五權南路640號","全身按摩半身按摩腳底按摩肩頸按摩背部按摩指壓油壓中式按摩經絡按摩中式推拿拔罐刮痧精油按摩",24.114369314217,120.670229578703
"1173","優絡足體養生會館","402台灣台中市南區工學六街100號","全身按摩半身按摩腳底按摩肩頸按摩背部按摩指壓油壓中式按摩穴道按摩休閒舒壓經絡按摩中式推拿刮痧精油按摩局部護理修凍甲修腳皮足湯",24.115930317955,120.660368772531
"1174","紫琳養生會館","402台灣台中市南區文心南路924號","全身按摩半身按摩肩頸按摩背部按摩指壓油壓泰式按摩中式按摩休閒舒壓經絡按摩中式推拿刮痧精油按摩芳療SPA泰式SPA歐式SPA被動式瑜伽",24.110298014297,120.660786023671
"1175","羅莎琳植物精油香氛園(舊湯森傳統整復推拿館)","402台灣台中市南區工學北路140號","全身按摩半身按摩肩頸按摩背部按摩指壓油壓泰式按摩中式按摩休閒舒壓經絡按摩中式推拿拔罐刮痧精油按摩局部護理芳療SPA歐式SPA",24.118446020465,120.660087978775
"1176","舞松足體會館","402台灣台中市南區南平路356號","全身按摩半身按摩腳底按摩肩頸按摩背部按摩指壓油壓泰式按摩越式按摩中式按摩休閒舒壓經絡按摩中式推拿精油按摩局部護理足湯芳療SPA掏耳朵",24.126046520717,120.669236323177
"1177","淞穆養生館","401台灣台中市東區三賢街4號","全身按摩腳底按摩肩頸按摩背部按摩指壓油壓中式按摩穴道按摩足反射按摩經絡按摩中式推拿拔罐刮痧精油按摩局部護理",24.137362006184,120.706165982739
"1178","維那斯舒活養生館(原金手指)","508台灣彰化縣和美鎮鹿和路六段289號(2樓)","全身按摩半身按摩腳底按摩肩頸按摩背部按摩指壓油壓泰式按摩泰式古法越式按摩中式按摩休閒舒壓經絡按摩中式推拿精油按摩局部護理修凍甲修腳皮足湯芳療SPA泰式SPA被動式瑜伽",24.107726194946,120.494053373343
"1179","安佑順推拿館","401台灣台中市東區力行路7號","全身按摩半身按摩腳底按摩肩頸按摩背部按摩指壓中式按摩經絡按摩中式推拿拔罐刮痧局部護理",24.150695979665,120.69750303435
"1180","四季春足體SPA","401台灣台中市東區建功街76號","全身按摩腳底按摩肩頸按摩背部按摩指壓油壓泰式按摩中式按摩休閒舒壓經絡按摩中式推拿刮痧精油按摩足湯芳療SPA泰式SPA歐式SPA",24.13023001241,120.691909203628
"1181","菲韻經絡健康養身館","401台灣台中市東區大智路297號","全身按摩半身按摩腳底按摩肩頸按摩背部按摩指壓油壓中式按摩休閒舒壓經絡按摩中式推拿刮痧精油按摩局部護理足湯芳療SPA泰式SPA被動式瑜伽全身去角質",24.130491988794,120.690483022803
"1182","上騰足體養生會館","401台灣台中市東區建德街153號","全身按摩腳底按摩肩頸按摩背部按摩指壓油壓泰式按摩泰式古法中式按摩休閒舒壓經絡按摩精油按摩局部護理芳療SPA泰式SPA被動式瑜伽",24.129688819414,120.689561889101
"1183","九四五讚養生館","401台灣台中市東區台中路163號","全身按摩腳底按摩肩頸按摩背部按摩指壓油壓中式按摩經絡按摩中式推拿拔罐刮痧精油按摩局部護理修凍甲修腳皮足湯",24.13055988221,120.685113994724
"1184","山線視障按摩中心","427台灣台中市潭子區中山路二段241巷7號","全身按摩腳底按摩指壓中式按摩穴道按摩足反射按摩經絡按摩中式推拿刮痧局部護理",24.20979988026,120.703933881924
"1185","鬆足沒養生館","427台灣台中市潭子區雅豐街152號","全身按摩腳底按摩指壓中式按摩足反射按摩休閒舒壓經絡按摩中式推拿局部護理",24.219611987574,120.694019012476
"1186","泰煌殿泰式按摩","427台灣台中市潭子區得才街126號","全身按摩半身按摩腳底按摩肩頸按摩背部按摩指壓油壓泰式按摩泰式古法中式按摩休閒舒壓經絡按摩精油按摩局部護理芳療SPA泰式SPA被動式瑜伽踩背",24.197414362807,120.698355488141
"1187","奇摩子養生館","414台灣台中市烏日區大同路11號","全身按摩半身按摩腳底按摩肩頸按摩背部按摩指壓油壓泰式按摩中式按摩休閒舒壓經絡按摩中式推拿精油按摩局部護理臉部護膚足湯芳療SPA美容SPA",24.110544609889,120.626248726913
"1188","足的世界養生館","414台灣台中市烏日區中山路二段115號","全身按摩腳底按摩肩頸按摩背部按摩指壓油壓中式按摩經絡按摩中式推拿精油按摩足湯",24.105614290622,120.627598129505
"1189","榮安傳統整復推拿","241台灣新北市三重區永福街62-5號","全身按摩肩頸按摩背部按摩指壓台式按摩中式按摩運動按摩穴道按摩理療按摩經絡按摩中式推拿拔罐刮痧局部護理筋骨整復",25.077779020685,121.480746037085
"1190","康泰養生館","414台灣台中市烏日區僑仁街18號","全身按摩半身按摩腳底按摩肩頸按摩頸胸按摩背部按摩指壓中式按摩經絡按摩中式推拿刮痧",24.106003001382,120.640212977603
"1191","緣上海泰式養生館","41453台灣台中市烏日區中山路三段546-28號2樓","全身按摩肩頸按摩背部按摩指壓油壓泰式按摩泰式古法越式按摩中式按摩休閒舒壓經絡按摩中式推拿精油按摩局部護理芳療SPA泰式SPA被動式瑜伽踩背",24.113842092507,120.591062084116
"1192","康緹腳底養生館","414台灣台中市烏日區光日路162號","全身按摩腳底按摩肩頸按摩背部按摩指壓油壓中式按摩休閒舒壓經絡按摩中式推拿刮痧精油按摩芳療SPA",24.105631012519,120.625017006241
"1193","沛姍傳統整復推拿館","414台灣台中市烏日區新興路107號","全身按摩肩頸按摩背部按摩指壓油壓泰式按摩中式按摩休閒舒壓經絡按摩中式推拿刮痧精油按摩芳療SPA泰式SPA被動式瑜伽",24.103965109263,120.628045639316
"1194","愛平傳統整復推拿館","434台灣台中市龍井區遊園南路463號","全身按摩半身按摩肩頸按摩背部按摩指壓油壓中式按摩休閒舒壓經絡按摩中式推拿拔罐刮痧精油按摩局部護理",24.175354910165,120.581724727797
"1195","皇漢泰式養生會館","108台灣台北市萬華區內江街68號","全身按摩半身按摩腳底按摩肩頸按摩背部按摩指壓油壓泰式按摩越式按摩中式按摩休閒舒壓經絡按摩中式推拿刮痧精油按摩局部護理足湯芳療SPA泰式SPA被動式瑜伽踩背",25.041463000254,121.504857000664
"1196","馨悅男女SPA養身館","10491台灣台北市中山區民權東路二段8號","全身按摩肩頸按摩背部按摩指壓油壓泰式按摩越式按摩台式按摩中式按摩休閒舒壓經絡按摩中式推拿刮痧精油按摩局部護理芳療SPA泰式SPA被動式瑜伽踩背",25.062419015478,121.52819699679
"1197","馨悅泰式養生館","434台灣台中市龍井區遊園南路411號","全身按摩半身按摩肩頸按摩背部按摩指壓油壓泰式按摩泰式古法中式按摩休閒舒壓經絡按摩中式推拿拔罐刮痧精油按摩局部護理芳療SPA泰式SPA被動式瑜伽",24.176310614765,120.582091184604
"1198","桾琜推拿館","434台灣台中市龍井區台灣大道五段41號","全身按摩腳底按摩肩頸按摩背部按摩指壓油壓泰式按摩中式按摩休閒舒壓經絡按摩中式推拿拔罐刮痧精油按摩芳療SPA泰式SPA被動式瑜伽",24.183227989908,120.591960959412
"1199","江南傳統整復推拿館","428台灣台中市大雅區民生路四段130號","全身按摩半身按摩肩頸按摩背部按摩指壓中式按摩經絡按摩中式推拿拔罐刮痧局部護理",24.237299689202,120.669755833535
"1200","合家莊養生館","428台灣台中市大雅區學府路1-3號","全身按摩腳底按摩肩頸按摩背部按摩指壓油壓中式按摩經絡按摩中式推拿精油按摩局部護理",24.216324018415,120.64974001639
"1201","泰讚泰式健康館","428台灣台中市大雅區中清路四段488號","全身按摩腳底按摩肩頸按摩背部按摩指壓油壓泰式按摩泰式古法越式按摩中式按摩休閒舒壓經絡按摩中式推拿拔罐刮痧精油按摩局部護理芳療SPA泰式SPA被動式瑜伽踩背",24.233782013987,120.637826985045
"1202","雅夢思養生館","710台灣台南市永康區永大一路10號","全身按摩半身按摩背部按摩指壓油壓泰式按摩越式按摩中式按摩休閒舒壓經絡按摩中式推拿刮痧精油按摩局部護理芳療SPA泰式SPA被動式瑜伽踩背",23.018366993879,120.26198403922
"1203","翔林養生館","428台灣台中市大雅區中清路四段526號","全身按摩半身按摩肩頸按摩頸胸按摩指壓油壓泰式按摩越式按摩中式按摩休閒舒壓經絡按摩中式推拿刮痧精油按摩局部護理芳療SPA泰式SPA被動式瑜伽踩背",24.234711986144,120.636906987353
"1204","泰象時尚美容養生館","400台灣台中市北區自由路二段88-4號","全身按摩半身按摩肩頸按摩背部按摩指壓油壓泰式按摩泰式古法越式按摩中式按摩休閒舒壓經絡按摩中式推拿刮痧精油按摩局部護理芳療SPA泰式SPA被動式瑜伽踩背",24.142260013214,120.684711328095
"1205","依伶泰式養生館","400台灣台中市中區成功路90巷13號","全身按摩腳底按摩肩頸按摩背部按摩指壓油壓泰式按摩泰式古法越式按摩中式按摩休閒舒壓經絡按摩精油按摩局部護理芳療SPA泰式SPA被動式瑜伽踩背",24.140342988139,120.684602028078
"1206","艾芙拉養生會館(舊小蘋果)","900台灣屏東縣屏東市自立路251號","全身按摩半身按摩肩頸按摩背部按摩指壓油壓泰式按摩越式按摩中式按摩休閒舒壓經絡按摩中式推拿刮痧精油按摩局部護理芳療SPA美容SPA泰式SPA被動式瑜伽",22.673627991543,120.496947979786
"1207","燕林健康休閒養生館","421台灣台中市后里區甲后路一段623-3號","全身按摩半身按摩肩頸按摩背部按摩指壓油壓泰式按摩中式按摩休閒舒壓經絡按摩中式推拿拔罐刮痧精油按摩局部護理臉部護膚芳療SPA美容SPA泰式SPA被動式瑜伽",24.309566444918,120.717882699881
"1208","佳樂男女整復經絡推拿","421台灣台中市后里區公安路一段25號","全身按摩半身按摩腳底按摩肩頸按摩背部按摩指壓油壓泰式按摩越式按摩中式按摩休閒舒壓經絡按摩中式推拿拔罐刮痧精油按摩局部護理芳療SPA美容SPA泰式SPA被動式瑜伽",24.303002997443,120.721709970721
"1209","逍遙泰式養生館","421台灣台中市后里區三豐路三段623號","全身按摩半身按摩肩頸按摩背部按摩指壓油壓泰式按摩泰式古法越式按摩中式按摩休閒舒壓經絡按摩中式推拿刮痧精油按摩局部護理芳療SPA泰式SPA被動式瑜伽全身去角質",24.299238097993,120.72298779186
"1210","雅筑美容芳香工作室","421台灣台中市后里區甲后路一段261巷118弄12號","全身按摩油壓泰式按摩歐式按摩中式按摩休閒舒壓經絡按摩中式推拿精油按摩臉部護膚水療SPA芳療SPA美容SPA泰式SPA歐式SPA薰香耳燭",24.30645898185,120.726641966368
"1211","彩雅男女健康養生館","421台灣台中市后里區成功路52- 1號","全身按摩半身按摩腳底按摩肩頸按摩背部按摩指壓油壓泰式按摩泰式古法越式按摩中式按摩休閒舒壓經絡按摩中式推拿拔罐刮痧精油按摩局部護理足湯芳療SPA泰式SPA被動式瑜伽",24.312418012094,120.721707037055
"1212","愛麗傳統整復推拿館","421台灣台中市后里區三豐路三段193號","全身按摩半身按摩肩頸按摩背部按摩指壓油壓泰式按摩中式按摩休閒舒壓經絡按摩中式推拿拔罐刮痧精油按摩局部護理修凍甲芳療SPA泰式SPA被動式瑜伽全身去角質",24.288834898867,120.723051997238
"1213","巧千時尚館(舊水立方)","108台灣台北市萬華區和平西路三段261-11號","全身按摩半身按摩肩頸按摩背部按摩指壓油壓泰式按摩越式按摩中式按摩休閒舒壓經絡按摩中式推拿刮痧精油按摩局部護理芳療SPA泰式SPA被動式瑜伽",25.035611006914,121.493937979217
"1214","大愛養生會館","10491台灣台北市中山區民生東路一段 47號","全身按摩半身按摩肩頸按摩背部按摩指壓油壓泰式按摩越式按摩中式按摩休閒舒壓經絡按摩中式推拿刮痧精油按摩局部護理芳療SPA泰式SPA被動式瑜伽",25.058195919291,121.52615742829
"1215","168 SPA 按摩館 – 左營店","813台灣高雄市左營區左營大路575號","全身按摩半身按摩肩頸按摩背部按摩指壓油壓泰式按摩越式按摩中式按摩休閒舒壓經絡按摩中式推拿刮痧局部護理芳療SPA泰式SPA被動式瑜伽",22.691407014006,120.297530014206
"1216","冠群養生館","429台灣台中市神岡區社口街78號","全身按摩腳底按摩肩頸按摩背部按摩指壓油壓中式按摩休閒舒壓經絡按摩中式推拿拔罐刮痧精油按摩",24.249443180975,120.686586108378
"1217","足軒養身會館","404台灣台中市北區中清路一段395號","全身按摩半身按摩腳底按摩肩頸按摩背部按摩指壓油壓中式按摩經絡按摩中式推拿精油按摩足湯",24.163498582395,120.674116937758
"1218","阡慧美體養生館","438台灣台中市外埔區甲后路五段173號","全身按摩半身按摩肩頸按摩背部按摩指壓油壓泰式按摩越式按摩中式按摩休閒舒壓經絡按摩中式推拿刮痧精油按摩局部護理芳療SPA泰式SPA被動式瑜伽",24.343930196177,120.635088365821
"1219","水悅SPA養生會館(舊米樂)","800台灣高雄市新興區林森一路137號","全身按摩半身按摩肩頸按摩背部按摩指壓油壓泰式按摩越式按摩台式按摩中式按摩休閒舒壓經絡按摩中式推拿刮痧精油按摩局部護理芳療SPA泰式SPA被動式瑜伽踩背",22.629029980222,120.304341986917
"1220","宏展盲人按摩","422台灣台中市石岡區萬仙街28號","全身按摩肩頸按摩背部按摩指壓油壓中式按摩經絡按摩中式推拿刮痧精油按摩局部護理",24.270972979381,120.791037027161
"1221","夢菲舒活館","422台灣台中市石岡區明德路68-11號","全身按摩肩頸按摩背部按摩指壓油壓泰式按摩中式按摩休閒舒壓經絡按摩中式推拿刮痧精油按摩局部護理芳療SPA泰式SPA",24.274230983236,120.778871029978
"1222","隨意來養生館","523台灣彰化縣埤頭鄉斗苑東路80號","全身按摩半身按摩肩頸按摩背部按摩指壓油壓泰式按摩越式按摩中式按摩休閒舒壓經絡按摩中式推拿拔罐刮痧精油按摩局部護理芳療SPA泰式SPA被動式瑜伽",23.884305979071,120.496273990952
"1223","毓濤推拿館","523台灣彰化縣埤頭鄉斗苑西路432號","全身按摩半身按摩肩頸按摩背部按摩指壓油壓泰式按摩越式按摩中式按摩休閒舒壓經絡按摩中式推拿拔罐刮痧精油按摩局部護理芳療SPA泰式SPA被動式瑜伽",23.892590987446,120.45538203812
"1224","金愛來養生館","523台灣彰化縣埤頭鄉和苑東路62-2號","全身按摩半身按摩肩頸按摩背部按摩指壓油壓泰式按摩越式按摩中式按摩休閒舒壓經絡按摩中式推拿刮痧精油按摩局部護理臉部護膚芳療SPA美容SPA泰式SPA被動式瑜伽",23.8794157,120.474866
"1225","新玥泰式養生會館","523台灣彰化縣埤頭鄉斗苑西路429-7號","全身按摩肩頸按摩背部按摩指壓油壓泰式按摩泰式古法越式按摩中式按摩休閒舒壓經絡按摩中式推拿刮痧精油按摩局部護理芳療SPA泰式SPA被動式瑜伽踩背",23.892280018838,120.45505397043
"1226","足洹泡腳養生會館","523台灣彰化縣埤頭鄉斗苑東路305號","全身按摩腳底按摩肩頸按摩背部按摩指壓油壓中式按摩休閒舒壓經絡按摩中式推拿精油按摩局部護理足湯",23.888030016743,120.487080971006
"1227","美甜芳香精油館","522台灣彰化縣田尾鄉中山路一段364號","全身按摩肩頸按摩背部按摩油壓泰式按摩歐式按摩中式按摩芳香療法按摩深層組織按摩休閒舒壓經絡按摩中式推拿精油按摩芳療SPA歐式SPA",23.889750989103,120.526741035528
"1228","泰美村泰式按摩","516台灣彰化縣埔鹽鄉彰水路一段95號","全身按摩半身按摩肩頸按摩背部按摩指壓油壓泰式按摩泰式古法越式按摩中式按摩休閒舒壓經絡按摩中式推拿刮痧精油按摩局部護理芳療SPA泰式SPA被動式瑜伽踩背",23.983685008243,120.479860967249
"1229","超群傳統整復推拿館","516台灣彰化縣埔鹽鄉員鹿路二段62-1號","半身按摩肩頸按摩背部按摩台式按摩中式按摩運動按摩穴道按摩理療按摩經絡按摩中式推拿局部護理筋骨整復",24.000770009123,120.46298098772
"1230","美安按摩店","516台灣彰化縣埔鹽鄉彰水路二段224-7號","全身按摩半身按摩肩頸按摩背部按摩指壓油壓泰式按摩泰式古法越式按摩台式按摩中式按摩休閒舒壓經絡按摩中式推拿精油按摩局部護理修凍甲芳療SPA泰式SPA被動式瑜伽",24.007701004859,120.48451996431
"1231","緹靜經絡按摩館","516台灣彰化縣埔鹽鄉中正路185-20號","全身按摩肩頸按摩背部按摩指壓油壓泰式按摩台式按摩中式按摩休閒舒壓經絡按摩中式推拿精油按摩局部護理臉部護膚芳療SPA泰式SPA歐式SPA被動式瑜伽",23.999780986458,120.46481100864
"1232","泰天使SPA會館","247台灣新北市蘆洲區和平路33號","全身按摩肩頸按摩背部按摩指壓油壓泰式按摩泰式古法越式按摩中式按摩休閒舒壓經絡按摩刮痧精油按摩局部護理芳療SPA泰式SPA被動式瑜伽全身去角質踩背",25.079229006115,121.471844036817
"1233","孟茹專業按摩館","509台灣彰化縣伸港鄉新港路178號","全身按摩半身按摩腳底按摩肩頸按摩背部按摩指壓中式按摩放鬆按摩經絡按摩中式推拿局部護理",24.146187018671,120.486983992386
"1234","奇緣SPA","710台灣台南市永康區永大路二段1121號","全身按摩半身按摩肩頸按摩背部按摩指壓油壓泰式按摩越式按摩台式按摩中式按摩休閒舒壓經絡按摩中式推拿刮痧精油按摩局部護理芳療SPA泰式SPA被動式瑜伽",23.026978519292,120.260506561147
"1235","金旺來舒壓養生館","528台灣彰化縣芳苑鄉三合村斗苑路三合段121號","全身按摩半身按摩肩頸按摩背部按摩指壓油壓泰式按摩台式按摩中式按摩休閒舒壓經絡按摩中式推拿刮痧精油按摩芳療SPA泰式SPA被動式瑜伽",23.901225018269,120.357691040429
"1236","奇緣養生館","702台灣台南市南區夏林路7-1號","全身按摩半身按摩肩頸按摩背部按摩指壓油壓泰式按摩越式按摩台式按摩中式按摩休閒舒壓經絡按摩中式推拿刮痧精油按摩局部護理芳療SPA泰式SPA被動式瑜伽",22.985115020063,120.195182031111
"1237","果漾美容生活館(舊靚妹)","640台灣雲林縣斗六市雲林縣斗六市大學路一段398號","全身按摩半身按摩肩頸按摩背部按摩指壓油壓泰式按摩越式按摩中式按摩休閒舒壓經絡按摩中式推拿刮痧精油按摩局部護理芳療SPA泰式SPA被動式瑜伽",23.7052212114,120.554675404241
"1238","香緹健康美容養生坊","640台灣雲林縣斗六市文化路601號","全身按摩半身按摩肩頸按摩背部按摩指壓油壓泰式按摩越式按摩台式按摩中式按摩休閒舒壓經絡按摩中式推拿刮痧精油按摩局部護理芳療SPA泰式SPA被動式瑜伽",23.715306987853,120.56318596963
"1239","佳惠按摩職人工坊","640台灣雲林縣斗六市大學路一段595號","全身按摩半身按摩腳底按摩肩頸按摩背部按摩指壓油壓泰式按摩歐式按摩台式按摩中式按摩休閒舒壓經絡按摩中式推拿刮痧精油按摩局部護理芳療SPA美容SPA歐式SPA被動式瑜伽全身去角質",23.704218987238,120.554804988464
"1240","今生經絡保養","640台灣雲林縣斗六市明德北路二段90號","全身按摩半身按摩肩頸按摩背部按摩指壓油壓泰式按摩台式按摩中式按摩休閒舒壓經絡按摩中式推拿刮痧精油按摩局部護理芳療SPA泰式SPA被動式瑜伽踩背",23.718060401137,120.540502863257
"1241","維娜斯養生館","640台灣雲林縣斗六市雲林路二段227號","全身按摩半身按摩肩頸按摩背部按摩指壓油壓泰式按摩越式按摩中式按摩休閒舒壓經絡按摩中式推拿刮痧精油按摩局部護理芳療SPA泰式SPA被動式瑜伽踩背",23.703332014244,120.531949969256
"1242","清境養生會館 – 大同店","640台灣雲林縣斗六市大同路105號","全身按摩腳底按摩肩頸按摩背部按摩指壓油壓台式按摩中式按摩足反射按摩休閒舒壓經絡按摩中式推拿拔罐刮痧精油按摩修凍甲修腳皮足湯",23.709651005319,120.545138977722
"1243","清境養生會館 – 西平店","640台灣雲林縣斗六市西平路299號","全身按摩腳底按摩肩頸按摩背部按摩指壓油壓中式按摩足反射按摩休閒舒壓經絡按摩中式推拿拔罐刮痧精油按摩修凍甲修腳皮足湯",23.715299988964,120.530504007139
"1244","靚庭SPA養生館","220台灣新北市板橋區重慶路98號","全身按摩腳底按摩肩頸按摩頸胸按摩背部按摩指壓油壓泰式按摩泰式古法越式按摩台式按摩中式按摩休閒舒壓經絡按摩中式推拿精油按摩局部護理臉部護膚足湯芳療SPA美容SPA泰式SPA被動式瑜伽踩背",25.00595398946,121.461841995577
"1245","心情時尚工作室","640台灣雲林縣斗六市大學路二段29號","全身按摩半身按摩肩頸按摩背部按摩指壓油壓泰式按摩越式按摩台式按摩中式按摩休閒舒壓經絡按摩中式推拿刮痧精油按摩局部護理臉部護膚芳療SPA美容SPA泰式SPA被動式瑜伽踩背",23.701917987178,120.552774975334
"1246","俏妹美容生活館","640台灣雲林縣斗六市大學路二段113、115號","全身按摩半身按摩肩頸按摩背部按摩指壓油壓泰式按摩越式按摩中式按摩休閒舒壓經絡按摩中式推拿刮痧精油按摩局部護理芳療SPA泰式SPA被動式瑜伽",23.70125300889,120.551331024874
"1247","家旺足體會館","640台灣雲林縣斗六市武昌路141-11號","全身按摩腳底按摩肩頸按摩背部按摩指壓油壓泰式按摩台式按摩中式按摩休閒舒壓經絡按摩中式推拿拔罐刮痧精油按摩局部護理足湯芳療SPA泰式SPA被動式瑜伽",23.712976986409,120.541847991078
"1248","美心按摩坊","640台灣雲林縣斗六市大智街50號","全身按摩半身按摩肩頸按摩背部按摩指壓油壓泰式按摩越式按摩台式按摩中式按摩休閒舒壓經絡按摩中式推拿刮痧精油按摩局部護理芳療SPA泰式SPA被動式瑜伽",23.701341396059,120.540152164428
"1249","金鎂儷養生館(舊双姑娘)","640台灣雲林縣斗六市西平路440-1號","全身按摩半身按摩腳底按摩肩頸按摩背部按摩指壓油壓泰式按摩越式按摩台式按摩中式按摩休閒舒壓經絡按摩中式推拿拔罐刮痧精油按摩局部護理修凍甲修腳皮足湯芳療SPA泰式SPA被動式瑜伽",23.718833003062,120.527834035702
"1250","悠閒美學SPA館","807台灣高雄市三民區大豐二路166號","全身按摩肩頸按摩背部按摩指壓油壓泰式按摩東方指壓歐式按摩中式按摩芳香療法按摩休閒舒壓經絡按摩中式推拿刮痧精油按摩芳香按摩芳療SPA泰式SPA歐式SPA被動式瑜伽岩盤浴全身去角質",22.64554300003,120.330999959414
"1251","微美時尚舒壓館","220台灣新北市板橋區四維路282號","全身按摩肩頸按摩背部按摩指壓油壓泰式按摩泰式古法歐式按摩中式按摩休閒舒壓經絡按摩精油按摩芳療SPA泰式SPA歐式SPA被動式瑜伽",25.028916003662,121.463162983518
"1252","妍盈美容美體","640台灣雲林縣斗六市成功路166號","全身按摩肩頸按摩背部按摩指壓油壓歐式按摩中式按摩芳香療法按摩深層組織按摩穴道按摩休閒舒壓經絡按摩中式推拿精油按摩臉部護膚芳療SPA美容SPA歐式SPA全身去角質",23.706854509053,120.548706483351
"1253","愛玉養生館","640台灣雲林縣斗六市明德北路二段371號","全身按摩半身按摩肩頸按摩背部按摩指壓油壓泰式按摩越式按摩台式按摩中式按摩休閒舒壓經絡按摩中式推拿刮痧精油按摩局部護理芳療SPA泰式SPA被動式瑜伽",23.714405681805,120.534640727814
"1254","琦夢男女生活館","640台灣雲林縣斗六市文化路631-4號","全身按摩半身按摩肩頸按摩背部按摩指壓油壓泰式按摩越式按摩中式按摩休閒舒壓經絡按摩中式推拿刮痧精油按摩局部護理芳療SPA泰式SPA被動式瑜伽",23.716009014154,120.564325992281
"1255","雙美SPA養生會館","640台灣雲林縣斗六市文化路671-3號B棟","全身按摩半身按摩肩頸按摩背部按摩指壓油壓泰式按摩越式按摩中式按摩休閒舒壓經絡按摩中式推拿刮痧精油按摩局部護理芳療SPA泰式SPA被動式瑜伽",23.718101011458,120.571109969435
"1256","健康奇肌氧身會館","640台灣雲林縣斗六市永安路85號","全身按摩中式按摩能量按摩深層組織按摩運動按摩經絡按摩中式推拿精油按摩臉部護膚孕婦按摩芳療SPA美容SPA",23.708898017047,120.547951022418
"1257","情意美容美體工作坊(舊紅葉)","640台灣雲林縣斗六市明德北路三段222號","全身按摩半身按摩肩頸按摩背部按摩指壓油壓泰式按摩越式按摩台式按摩中式按摩休閒舒壓經絡按摩中式推拿拔罐刮痧精油按摩熱石按摩局部護理臉部護膚芳療SPA美容SPA泰式SPA被動式瑜伽全身去角質",23.708651002361,120.529860025519
"1258","甜蜜養生館","612台灣嘉義縣太保市後潭442號","全身按摩半身按摩肩頸按摩背部按摩指壓油壓泰式按摩越式按摩台式按摩中式按摩休閒舒壓經絡按摩中式推拿刮痧精油按摩局部護理芳療SPA泰式SPA被動式瑜伽",23.472515,120.3445162
"1259","采媚養生坊","622台灣嘉義縣大林鎮忠孝路561號","全身按摩半身按摩肩頸按摩背部按摩指壓泰式按摩越式按摩台式按摩中式按摩休閒舒壓經絡按摩中式推拿拔罐刮痧精油按摩局部護理芳療SPA泰式SPA被動式瑜伽",23.605988991263,120.452459017026
"1260","御前殿養生會館","802台灣高雄市苓雅區三多一路91號","全身按摩半身按摩肩頸按摩背部按摩指壓油壓泰式按摩越式按摩台式按摩中式按摩休閒舒壓經絡按摩中式推拿刮痧精油按摩局部護理芳療SPA泰式SPA被動式瑜伽踩背",22.62348199851,120.333406990549
"1261","宮城養生館","622台灣嘉義縣大林鎮忠孝路219號","全身按摩半身按摩肩頸按摩背部按摩指壓油壓泰式按摩越式按摩台式按摩中式按摩休閒舒壓經絡按摩中式推拿刮痧精油按摩局部護理芳療SPA泰式SPA被動式瑜伽",23.601226980612,120.445387959688
"1262","三七養生館","606台灣嘉義縣中埔鄉大義路351號","全身按摩半身按摩肩頸按摩背部按摩指壓油壓泰式按摩越式按摩台式按摩中式按摩休閒舒壓經絡按摩中式推拿刮痧精油按摩局部護理芳療SPA泰式SPA被動式瑜伽",23.456028990194,120.475003989635
"1263","夜都養生館","606台灣嘉義縣中埔鄉中山路五段407號","全身按摩半身按摩腳底按摩肩頸按摩背部按摩指壓油壓泰式按摩越式按摩台式按摩中式按摩休閒舒壓經絡按摩中式推拿拔罐刮痧精油按摩局部護理芳療SPA泰式SPA被動式瑜伽踩背",23.451467307029,120.471884664368
"1264","君臨天下SPA時尚會館(舊彩色世界)","302台灣新竹縣竹北市光明六路305號","全身按摩半身按摩肩頸按摩背部按摩指壓油壓泰式按摩越式按摩台式按摩中式按摩休閒舒壓經絡按摩中式推拿拔罐刮痧精油按摩局部護理芳療SPA泰式SPA被動式瑜伽全身去角質",24.830456005796,121.00375103811
"1265","輕鬆養生館","613台灣嘉義縣朴子市海通路13-5號","全身按摩半身按摩肩頸按摩背部按摩指壓油壓泰式按摩越式按摩中式按摩休閒舒壓經絡按摩中式推拿刮痧精油按摩局部護理芳療SPA美容SPA泰式SPA被動式瑜伽",23.463801990013,120.245998995493
"1266","香香泰式按摩","613台灣嘉義縣朴子市海通路2-97號","全身按摩半身按摩肩頸按摩背部按摩指壓油壓泰式按摩泰式古法越式按摩中式按摩休閒舒壓經絡按摩中式推拿拔罐刮痧精油按摩局部護理芳療SPA泰式SPA被動式瑜伽踩背",23.464172302496,120.248611467075
"1267","依蝶泰式指壓SPA","613台灣嘉義縣朴子市文化北路278號","全身按摩半身按摩腳底按摩肩頸按摩背部按摩指壓油壓泰式按摩泰式古法越式按摩台式按摩中式按摩休閒舒壓經絡按摩刮痧精油按摩局部護理修凍甲修腳皮足湯芳療SPA泰式SPA被動式瑜伽",23.471171401195,120.243105981612
"1268","甜心養生館男女按摩","613台灣嘉義縣朴子市山通路24-12號","全身按摩半身按摩腳底按摩肩頸按摩背部按摩指壓油壓泰式按摩越式按摩台式按摩中式按摩休閒舒壓經絡按摩中式推拿拔罐刮痧精油按摩局部護理臉部護膚修凍甲足湯芳療SPA美容SPA泰式SPA掏耳朵被動式瑜伽洗頭",23.467214011339,120.249213036266
"1269","泰妃殿男女瘦身美容館","613台灣嘉義縣朴子市四維路二段416號","全身按摩半身按摩肩頸按摩背部按摩指壓油壓泰式按摩泰式古法越式按摩中式按摩休閒舒壓經絡按摩中式推拿刮痧精油按摩局部護理芳療SPA泰式SPA被動式瑜伽踩背",23.462744780566,120.236651580891
"1270","怡妃養生館","108台灣台北市萬華區康定路314號","全身按摩半身按摩肩頸按摩背部按摩指壓油壓泰式按摩越式按摩台式按摩中式按摩休閒舒壓經絡按摩中式推拿刮痧精油按摩局部護理芳療SPA泰式SPA被動式瑜伽",25.035932997724,121.501236018492
"1271","嬡妮養生館","613台灣嘉義縣朴子市八德路356號","全身按摩半身按摩肩頸按摩背部按摩指壓油壓泰式按摩越式按摩台式按摩中式按摩休閒舒壓經絡按摩中式推拿刮痧精油按摩局部護理芳療SPA泰式SPA被動式瑜伽",23.462597007613,120.235342998167
"1272","雲琇養生館","613台灣嘉義縣朴子市應菜埔529號","全身按摩半身按摩肩頸按摩背部按摩指壓油壓泰式按摩越式按摩台式按摩中式按摩休閒舒壓經絡按摩中式推拿拔罐刮痧精油按摩局部護理芳療SPA泰式SPA被動式瑜伽",23.443836,120.2412399
"1273","丹麥美容名店","900台灣屏東縣屏東市瑞光路三段217號","全身按摩半身按摩肩頸按摩背部按摩指壓油壓泰式按摩越式按摩台式按摩中式按摩休閒舒壓經絡按摩中式推拿刮痧精油按摩局部護理芳療SPA泰式SPA被動式瑜伽踩背",22.689617980593,120.503110019724
"1274","泰月美容養生館(舊時萌)","247台灣新北市蘆洲區中正路22號","全身按摩半身按摩肩頸按摩背部按摩指壓油壓泰式按摩越式按摩台式按摩中式按摩休閒舒壓經絡按摩中式推拿刮痧精油按摩局部護理芳療SPA泰式SPA被動式瑜伽全身去角質",25.082227590066,121.47138931857
"1275","茵悅SPA生活會館(舊樂樂美容美體)","247台灣新北市蘆洲區中山二路116號","全身按摩半身按摩腳底按摩肩頸按摩背部按摩指壓油壓泰式按摩越式按摩休閒舒壓經絡按摩刮痧精油按摩局部護理臉部護膚足湯芳療SPA美容SPA掏耳朵被動式瑜伽踩背洗頭",25.081762981173,121.47215198794
"1276","香玉養生館","621台灣嘉義縣民雄鄉建國路一段970號","全身按摩半身按摩肩頸按摩背部按摩指壓油壓泰式按摩越式按摩台式按摩中式按摩休閒舒壓經絡按摩中式推拿刮痧精油按摩局部護理修凍甲修腳皮足湯芳療SPA泰式SPA被動式瑜伽踩背洗頭",23.576392281603,120.438871616702
"1277","優的健康養生","621台灣嘉義縣民雄鄉北斗村北勢子95-10號","全身按摩半身按摩腳底按摩肩頸按摩背部按摩指壓油壓台式按摩中式按摩穴道按摩休閒舒壓經絡按摩中式推拿拔罐刮痧精油按摩局部護理芳療SPA",23.541563,120.4395341
"1278","意中人養生館","621台灣嘉義縣民雄鄉建國路二段175-11號","全身按摩半身按摩肩頸按摩背部按摩指壓油壓泰式按摩越式按摩中式按摩休閒舒壓經絡按摩中式推拿刮痧精油按摩局部護理芳療SPA泰式SPA被動式瑜伽",23.538443214976,120.43516061289
"1279","喜來登養生會館","621台灣嘉義縣民雄鄉建國路二段348-3號","全身按摩半身按摩肩頸按摩背部按摩指壓油壓泰式按摩越式按摩台式按摩中式按摩休閒舒壓經絡按摩中式推拿刮痧精油按摩局部護理芳療SPA美容SPA泰式SPA被動式瑜伽踩背",23.55085209876,120.433850302291
"1280","小蘋果養生館","621台灣嘉義縣民雄鄉建國路二段49號","全身按摩半身按摩肩頸按摩背部按摩指壓油壓泰式按摩越式按摩台式按摩中式按摩休閒舒壓經絡按摩中式推拿刮痧精油按摩局部護理芳療SPA泰式SPA被動式瑜伽",23.533109013705,120.436630966345
"1281","荷園經絡館","621台灣嘉義縣民雄鄉建國路三段243-3號","全身按摩半身按摩肩頸按摩背部按摩指壓油壓泰式按摩越式按摩台式按摩中式按摩休閒舒壓經絡按摩中式推拿刮痧精油按摩局部護理芳療SPA泰式SPA被動式瑜伽",23.525479302521,120.438828617539
"1282","月亮養生會館","621台灣嘉義縣民雄鄉頭橋文化路557-108號","全身按摩半身按摩肩頸按摩背部按摩指壓油壓泰式按摩越式按摩中式按摩休閒舒壓經絡按摩中式推拿刮痧精油按摩局部護理芳療SPA泰式SPA被動式瑜伽",23.492460010337,120.444714976682
"1283","欣意男女按摩","700台灣台南市中西區武聖路69巷30弄1號","全身按摩半身按摩肩頸按摩背部按摩指壓油壓泰式按摩越式按摩中式按摩休閒舒壓經絡按摩中式推拿刮痧精油按摩局部護理芳療SPA泰式SPA被動式瑜伽",23.005153007342,120.190976997926
"1284","夢都男女SPA會館 – 正勤會館","806台灣高雄市前鎮區正勤路35號","全身按摩肩頸按摩背部按摩美胸按摩指壓油壓泰式按摩峇里島式按摩歐式按摩瑞典式按摩台式按摩中式按摩芳香療法按摩休閒舒壓經絡按摩中式推拿刮痧精油按摩局部護理臉部護膚臉部按摩芳療SPA美容SPA泰式SPA歐式SPA薰香耳燭掏耳朵被動式瑜伽全身去角質除毛",22.602534993832,120.303958011933
"1285","來來養生館","621台灣嘉義縣民雄鄉建國路二段159號","全身按摩半身按摩肩頸按摩背部按摩指壓油壓泰式按摩越式按摩中式按摩休閒舒壓經絡按摩中式推拿刮痧精油按摩局部護理芳療SPA泰式SPA被動式瑜伽踩背",23.537764197,120.435539726371
"1286","艾莉萊養生館","621台灣嘉義縣民雄鄉福樂村埤角2-83號","全身按摩半身按摩肩頸按摩背部按摩指壓油壓泰式按摩越式按摩中式按摩休閒舒壓經絡按摩中式推拿刮痧精油按摩局部護理芳療SPA泰式SPA被動式瑜伽踩背",23.541563,120.4395341
"1287","名家鄉養生館","621台灣嘉義縣民雄鄉建國路二段496-1號","全身按摩半身按摩肩頸按摩背部按摩指壓油壓泰式按摩越式按摩台式按摩中式按摩休閒舒壓經絡按摩中式推拿刮痧精油按摩芳療SPA泰式SPA被動式瑜伽",23.553761017301,120.434211027079
"1288","太陽SPA養身館","621台灣嘉義縣民雄鄉建國路二段153-6號","全身按摩半身按摩肩頸按摩背部按摩指壓油壓泰式按摩越式按摩台式按摩中式按摩休閒舒壓經絡按摩中式推拿刮痧精油按摩局部護理芳療SPA泰式SPA被動式瑜伽踩背",23.537456203968,120.435703592578
"1289","品喻芳香養生會館","723台灣台南市西港區中山路中州25-8號","全身按摩肩頸按摩背部按摩指壓油壓泰式按摩中式按摩休閒舒壓經絡按摩中式推拿刮痧精油按摩局部護理芳療SPA泰式SPA被動式瑜伽",23.116476583814,120.203469805514
"1290","沛宜男女養生館","723台灣台南市西港區文化路西港2-9號","全身按摩半身按摩肩頸按摩背部按摩指壓油壓泰式按摩越式按摩台式按摩中式按摩休閒舒壓經絡按摩中式推拿刮痧精油按摩局部護理芳療SPA泰式SPA被動式瑜伽",23.122640006767,120.203545997014
"1291","妤彤美容美體","648台灣雲林縣西螺鎮大同路112號","全身按摩肩頸按摩背部按摩指壓油壓泰式按摩越式按摩台式按摩中式按摩休閒舒壓經絡按摩中式推拿拔罐刮痧精油按摩臉部護膚芳療SPA美容SPA泰式SPA被動式瑜伽",23.801525716577,120.464910418012
"1292","佳妤養生館","622台灣嘉義縣大林鎮忠孝路583號","全身按摩半身按摩肩頸按摩背部按摩指壓油壓泰式按摩越式按摩中式按摩休閒舒壓經絡按摩中式推拿刮痧精油按摩局部護理芳療SPA泰式SPA被動式瑜伽",23.606058016236,120.452938964801
"1293","嘉鑫越式養生館","744台灣台南市新市區中山路176號","全身按摩半身按摩肩頸按摩背部按摩指壓油壓越式按摩中式按摩休閒舒壓經絡按摩中式推拿刮痧精油按摩局部護理芳療SPA泰式SPA被動式瑜伽",23.072420713991,120.298336604749
"1294","喵喵養生館","744台灣台南市新市區中山路244號","全身按摩半身按摩肩頸按摩背部按摩指壓油壓泰式按摩越式按摩台式按摩中式按摩休閒舒壓經絡按摩中式推拿刮痧精油按摩局部護理芳療SPA泰式SPA被動式瑜伽",23.068423007181,120.291755972566
"1295","康辰按摩館","744台灣台南市新市區三舍里三舍6號","全身按摩半身按摩肩頸按摩背部按摩指壓油壓中式按摩休閒舒壓經絡按摩中式推拿刮痧精油按摩泰式SPA被動式瑜伽",23.0822234,120.292017
"1296","月彩養身館(舊思涵)","744台灣台南市新市區中山路231號","全身按摩半身按摩肩頸按摩背部按摩指壓油壓泰式按摩越式按摩台式按摩中式按摩休閒舒壓經絡按摩中式推拿刮痧精油按摩局部護理芳療SPA泰式SPA被動式瑜伽踩背",23.064874989476,120.28954558088
"1297","儷水軒養生會館(舊月海)","717台灣台南市仁德區中正路三段725號","全身按摩半身按摩肩頸按摩背部按摩指壓油壓泰式按摩越式按摩中式按摩休閒舒壓經絡按摩中式推拿刮痧精油按摩局部護理芳療SPA泰式SPA被動式瑜伽踩背",22.993200581052,120.256241429716
"1298","田野健康會館","247台灣新北市蘆洲區長樂路45號","全身按摩腳底按摩肩頸按摩背部按摩指壓油壓泰式按摩歐式按摩越式按摩中式按摩休閒舒壓經絡按摩中式推拿精油按摩足湯芳療SPA泰式SPA歐式SPA",25.085837005212,121.462991992693
"1299","妙吉祥健康平衡中心","717台灣台南市仁德區中正路二段139號","全身按摩半身按摩腳底按摩肩頸按摩指壓台式按摩中式按摩運動按摩理療按摩醫療按摩經絡按摩中式推拿局部護理筋骨整復",22.946840819412,120.251014307258
"1300","媜越越式養生館","717台灣台南市仁德區中正路三段41號","全身按摩半身按摩肩頸按摩背部按摩指壓油壓泰式按摩越式按摩中式按摩休閒舒壓經絡按摩中式推拿刮痧精油按摩局部護理芳療SPA泰式SPA被動式瑜伽",22.973127683146,120.252216104535
"1301","小慧美甲SPA美容","247台灣新北市蘆洲區三民路110巷8-1號","全身按摩半身按摩肩頸按摩背部按摩指壓油壓泰式按摩越式按摩中式按摩休閒舒壓經絡按摩中式推拿精油按摩局部護理臉部護膚芳療SPA美容SPA泰式SPA",25.087166919879,121.47205676952
"1302","筱姗養生館","717台灣台南市仁德區中山路609號","全身按摩半身按摩肩頸按摩背部按摩指壓油壓泰式按摩越式按摩台式按摩中式按摩休閒舒壓經絡按摩中式推拿刮痧精油按摩局部護理芳療SPA泰式SPA被動式瑜伽",22.971445099903,120.252135470627
"1303","君悅養生會館","812台灣高雄市小港區中安路616-1號","全身按摩半身按摩肩頸按摩背部按摩指壓油壓泰式按摩越式按摩台式按摩中式按摩休閒舒壓經絡按摩中式推拿刮痧精油按摩局部護理芳療SPA泰式SPA被動式瑜伽踩背",22.584715989691,120.357737979087
"1304","柔情養生館(舊心愛)","717台灣台南市仁德區中山路551號","全身按摩半身按摩肩頸按摩背部按摩指壓油壓泰式按摩越式按摩中式按摩休閒舒壓經絡按摩中式推拿刮痧精油按摩局部護理芳療SPA泰式SPA被動式瑜伽踩背",22.971281107967,120.253250515206
"1305","宜樂養生館","717台灣台南市仁德區太子路609號","全身按摩半身按摩肩頸按摩背部按摩指壓油壓泰式按摩泰式古法越式按摩台式按摩中式按摩休閒舒壓經絡按摩中式推拿刮痧精油按摩局部護理芳療SPA泰式SPA被動式瑜伽",22.991310294248,120.256125507996
"1306","晶漾養生館","717台灣台南市仁德區中正路三段709-1號","全身按摩半身按摩肩頸按摩背部按摩指壓油壓泰式按摩越式按摩中式按摩休閒舒壓經絡按摩中式推拿刮痧精油按摩局部護理芳療SPA泰式SPA被動式瑜伽",22.992281086274,120.255867261559
"1307","芳菲養生坊","717台灣台南市仁德區太子路573號","全身按摩半身按摩肩頸按摩背部按摩指壓油壓泰式按摩越式按摩台式按摩中式按摩休閒舒壓經絡按摩中式推拿刮痧精油按摩局部護理芳療SPA泰式SPA被動式瑜伽",22.991261092476,120.25718732749
"1308","桃花園養生會館","717台灣台南市仁德區中正路三段100號","全身按摩半身按摩肩頸按摩背部按摩指壓油壓泰式按摩越式按摩台式按摩中式按摩休閒舒壓經絡按摩中式推拿刮痧精油按摩局部護理芳療SPA泰式SPA被動式瑜伽踩背",22.974183006666,120.252972990392
"1309","香妮男女養生館","717台灣台南市仁德區大同路三段581號","全身按摩半身按摩肩頸按摩背部按摩指壓油壓泰式按摩越式按摩中式按摩休閒舒壓經絡按摩中式推拿刮痧精油按摩局部護理芳療SPA泰式SPA被動式瑜伽踩背",22.949774192157,120.219148825956
"1310","清荷御泰式舒壓推拿養生館","730台灣台南市新營區復興路502號","全身按摩半身按摩腳底按摩肩頸按摩背部按摩指壓油壓泰式按摩泰式古法休閒舒壓經絡按摩精油按摩局部護理足湯芳療SPA泰式SPA被動式瑜伽踩背",23.305365998906,120.2986940091
"1311","虹妃足體養生館","730台灣台南市新營區新進路230號","全身按摩腳底按摩肩頸按摩背部按摩指壓油壓泰式按摩中式按摩休閒舒壓經絡按摩中式推拿拔罐刮痧精油按摩局部護理足湯",23.301971998672,120.318726003318
"1312","徐氏按摩","730台灣台南市新營區中正路37巷21號","全身按摩半身按摩腳底按摩肩頸按摩背部按摩指壓台式按摩中式按摩運動按摩穴道按摩足反射按摩經絡按摩中式推拿局部護理",23.313160288759,120.315621765477
"1313","鳳草健康美容養生館","730台灣台南市新營區長榮路二段5號","全身按摩半身按摩肩頸按摩背部按摩指壓油壓泰式按摩越式按摩台式按摩中式按摩休閒舒壓經絡按摩中式推拿刮痧精油按摩局部護理芳療SPA泰式SPA被動式瑜伽",23.31967009386,120.315859140975
"1314","萌SPA健康美學館","730台灣台南市新營區延平路65號","全身按摩肩頸按摩背部按摩指壓油壓泰式按摩歐式按摩中式按摩休閒舒壓經絡按摩中式推拿精油按摩局部護理臉部護膚修腳皮芳療SPA美容SPA泰式SPA歐式SPA全身去角質",23.300821792009,120.313624525589
"1315","Brenna Beauty Skin","320台灣桃園市中壢區興建街10號2樓","全身按摩半身按摩肩頸按摩背部按摩指壓油壓泰式按摩越式按摩中式按摩能量按摩休閒舒壓經絡按摩中式推拿精油按摩熱石按摩局部護理臉部護膚芳療SPA美容SPA泰式SPA薰香耳燭掏耳朵全身去角質",24.953775007722,121.224196013633
"1316","丰康足體按摩養生會館-新營店","730台灣台南市新營區金華路二段278號","全身按摩肩頸按摩背部按摩指壓油壓泰式按摩台式按摩中式按摩休閒舒壓經絡按摩中式推拿精油按摩局部護理芳療SPA被動式瑜伽",23.306255121132,120.297937578149
"1317","沐容經絡體雕美學會館","730台灣台南市新營區長榮路二段775號","全身按摩半身按摩肩頸按摩背部按摩指壓中式按摩經絡按摩中式推拿局部護理東方易筋被動式瑜伽",23.313830296189,120.300683621457
"1318","小鈴子養生館","351台灣苗栗縣頭份市民族路238號","全身按摩半身按摩肩頸按摩背部按摩指壓油壓泰式按摩越式按摩中式按摩休閒舒壓經絡按摩中式推拿刮痧精油按摩局部護理芳療SPA泰式SPA被動式瑜伽",24.684964020124,120.901890965599
"1319","101男女足體養生館","730台灣台南市新營區民生路365號","全身按摩腳底按摩肩頸按摩背部按摩指壓油壓台式按摩中式按摩穴道按摩足反射按摩休閒舒壓經絡按摩中式推拿刮痧精油按摩局部護理足湯芳療SPA",23.313030117803,120.30512343175
"1320","511養生館","730台灣台南市新營區復興路511巷16號","全身按摩腳底按摩肩頸按摩背部按摩指壓油壓泰式按摩越式按摩台式按摩中式按摩休閒舒壓經絡按摩中式推拿刮痧精油按摩局部護理足湯芳療SPA泰式SPA被動式瑜伽踩背",23.3051440042,120.297291968156
"1321","皇侍SPA足體美容-桃鶯一館","330台灣桃園市桃園區桃鶯路409號","全身按摩半身按摩腳底按摩肩頸按摩背部按摩指壓油壓泰式按摩泰式古法東方指壓峇里島式按摩中式按摩深層組織按摩休閒舒壓經絡按摩精油按摩臉部護膚足湯芳療SPA美容SPA泰式SPA被動式瑜伽全身去角質踩背",24.979879313605,121.320554623995
"1322","悠然舒活館","730台灣台南市新營區長榮路一段547號","全身按摩半身按摩肩頸按摩背部按摩指壓油壓泰式按摩越式按摩台式按摩中式按摩休閒舒壓經絡按摩中式推拿刮痧精油按摩局部護理芳療SPA泰式SPA被動式瑜伽",23.319729982559,120.317440973743
"1323","寶貝男女養身館","741台灣台南市善化區中正路206號","全身按摩半身按摩肩頸按摩背部按摩指壓油壓泰式按摩泰式古法越式按摩中式按摩休閒舒壓經絡按摩中式推拿刮痧精油按摩局部護理芳療SPA泰式SPA被動式瑜伽踩背",23.124876214715,120.294218324262
"1324","妙善經絡推拿 Miao Shan Main Meridians Massage Studio","741台灣台南市善化區胡厝里興農路410號","全身按摩半身按摩肩頸按摩背部按摩指壓中式按摩能量按摩運動按摩穴道按摩足反射按摩經絡按摩中式推拿局部護理東方易筋",23.131142693167,120.271276803814
"1325","摩力推拿館","741台灣台南市善化區中正路609號","全身按摩半身按摩腳底按摩肩頸按摩背部按摩指壓油壓泰式按摩台式按摩中式按摩休閒舒壓經絡按摩中式推拿刮痧精油按摩局部護理芳療SPA泰式SPA被動式瑜伽踩背",23.135276983089,120.29348700321
"1326","越來香養生館(舊越柔)","741台灣台南市善化區光復路500號","全身按摩半身按摩肩頸按摩背部按摩指壓油壓泰式按摩越式按摩台式按摩中式按摩休閒舒壓經絡按摩中式推拿刮痧精油按摩局部護理芳療SPA泰式SPA被動式瑜伽踩背",23.129813993876,120.285518998413
"1327","芭達泰-皇室宮廷美學","741台灣台南市善化區光復路130號3樓(近麥當勞)","全身按摩腳底按摩肩頸按摩背部按摩美胸按摩指壓油壓泰式按摩泰式古法峇里島式按摩台式按摩中式按摩芳香療法按摩深層組織按摩休閒舒壓經絡按摩中式推拿精油按摩局部護理臉部護膚足湯芳療SPA美容SPA泰式SPA歐式SPA薰香耳燭掏耳朵被動式瑜伽全身去角質美甲美睫洗頭",23.128241004016,120.291273594038
"1328","小美指油壓養生館","221台灣新北市汐止區中正路312號","全身按摩半身按摩腳底按摩肩頸按摩背部按摩指壓油壓泰式按摩越式按摩中式按摩休閒舒壓經絡按摩中式推拿拔罐刮痧精油按摩局部護理芳療SPA泰式SPA被動式瑜伽美甲",25.067963392971,121.656096122067
"1329","金利養生館","721台灣台南市麻豆區新生北路32-1號","全身按摩半身按摩肩頸按摩背部按摩指壓油壓泰式按摩越式按摩中式按摩休閒舒壓經絡按摩中式推拿拔罐刮痧精油按摩局部護理泰式SPA被動式瑜伽",23.18578499052,120.241245031469
"1330","凱利養生館","721台灣台南市麻豆區巷口里新生南路674號","全身按摩半身按摩肩頸按摩背部按摩指壓油壓泰式按摩越式按摩中式按摩休閒舒壓經絡按摩中式推拿拔罐刮痧精油按摩局部護理芳療SPA泰式SPA被動式瑜伽",23.176313020837,120.245497003312
"1331","紫萱養生館","721台灣台南市麻豆區麻學路一段33號","全身按摩半身按摩腳底按摩肩頸按摩背部按摩指壓油壓泰式按摩越式按摩台式按摩中式按摩休閒舒壓經絡按摩中式推拿刮痧精油按摩局部護理臉部護膚芳療SPA美容SPA泰式SPA掏耳朵",23.185576616407,120.240202993266
"1332","5乘7男女養生館","721台灣台南市麻豆區興南路145號","全身按摩半身按摩肩頸按摩背部按摩指壓油壓泰式按摩越式按摩中式按摩休閒舒壓經絡按摩中式推拿刮痧精油按摩局部護理芳療SPA泰式SPA被動式瑜伽",23.183113597445,120.252198307958
"1333","摩卡登護膚SPA館","721台灣台南市麻豆區新生北路88號","全身按摩半身按摩肩頸按摩背部按摩指壓油壓泰式按摩越式按摩台式按摩中式按摩休閒舒壓經絡按摩中式推拿刮痧精油按摩芳香按摩局部護理水療SPA芳療SPA泰式SPA被動式瑜伽踩背",23.186838009016,120.241258023419
"1334","元鼎足體養生會館","721台灣台南市麻豆區興南路106號","全身按摩半身按摩腳底按摩肩頸按摩背部按摩指壓中式按摩經絡按摩中式推拿拔罐刮痧修凍甲修腳皮足湯",23.182970305524,120.251222932828
"1335","星聚緣養生館","721台灣台南市麻豆區興民街65-1號","全身按摩腳底按摩肩頸按摩背部按摩指壓台式按摩中式按摩休閒舒壓經絡按摩中式推拿拔罐刮痧修凍甲修腳皮足湯上海式泡腳",23.184853006706,120.24389396433
"1336","歐怡時尚SPA會館","710台灣台南市永康區永大路三段385號","全身按摩半身按摩肩頸按摩背部按摩指壓油壓泰式按摩越式按摩中式按摩休閒舒壓經絡按摩中式推拿刮痧精油按摩局部護理芳療SPA泰式SPA歐式SPA被動式瑜伽",23.036026197037,120.259069902943
"1337","越樂越式養生館","721台灣台南市麻豆區麻佳路二段87號","全身按摩半身按摩肩頸按摩背部按摩指壓油壓泰式按摩越式按摩台式按摩中式按摩休閒舒壓經絡按摩中式推拿刮痧精油按摩局部護理芳療SPA泰式SPA被動式瑜伽踩背",23.177085586622,120.220174577518
"1338","月紅推拿會館(舊雅綾)","721台灣台南市麻豆區麻佳路一段525號","全身按摩半身按摩肩頸按摩背部按摩指壓油壓泰式按摩越式按摩台式按摩中式按摩休閒舒壓經絡按摩中式推拿刮痧精油按摩局部護理芳療SPA泰式SPA被動式瑜伽踩背",23.181480428826,120.233646307736
"1339","紅朵養生館","721台灣台南市麻豆區新生北路28號","全身按摩半身按摩肩頸按摩背部按摩指壓油壓泰式按摩越式按摩中式按摩休閒舒壓經絡按摩中式推拿刮痧精油按摩局部護理芳療SPA泰式SPA被動式瑜伽踩背",23.185663997748,120.241289036461
"1340","玫瑰舒壓館","260台灣宜蘭縣宜蘭市農權路65號","全身按摩肩頸按摩背部按摩指壓油壓泰式按摩泰式古法越式按摩中式按摩休閒舒壓經絡按摩中式推拿刮痧精油按摩局部護理足湯芳療SPA泰式SPA被動式瑜伽踩背",24.747934995567,121.755044991968
"1341","金沙按摩坊","721台灣台南市麻豆區新生南路203號","全身按摩半身按摩肩頸按摩背部按摩指壓油壓泰式按摩越式按摩台式按摩中式按摩休閒舒壓經絡按摩中式推拿刮痧精油按摩局部護理芳療SPA泰式SPA被動式瑜伽",23.179728814019,120.241656499096
"1342","曼鈴美容美體養生館","722台灣台南市佳里區佳東路221號","全身按摩半身按摩肩頸按摩背部按摩指壓油壓泰式按摩泰式古法越式按摩台式按摩中式按摩休閒舒壓經絡按摩中式推拿刮痧精油按摩局部護理芳療SPA泰式SPA被動式瑜伽踩背",23.157281406763,120.183344185438
"1343","如意養生館","722台灣台南市佳里區麻佳路三段40-79號","全身按摩半身按摩肩頸按摩背部按摩指壓油壓泰式按摩越式按摩中式按摩休閒舒壓經絡按摩中式推拿刮痧精油按摩芳香按摩局部護理芳療SPA泰式SPA被動式瑜伽",23.175226399924,120.208755540175
"1344","越美美養生館(舊熱情)","722台灣台南市佳里區佳東路571號","全身按摩半身按摩肩頸按摩背部按摩指壓油壓泰式按摩泰式古法越式按摩台式按摩中式按摩休閒舒壓經絡按摩中式推拿刮痧精油按摩芳香按摩局部護理芳療SPA泰式SPA被動式瑜伽踩背",23.16663012056,120.181924710135
"1345","越浪漫越式舒壓養生會館","722台灣台南市佳里區佳東路323號","全身按摩半身按摩肩頸按摩背部按摩指壓油壓泰式按摩越式按摩台式按摩中式按摩休閒舒壓經絡按摩中式推拿刮痧精油按摩局部護理芳療SPA泰式SPA被動式瑜伽",23.160831980948,120.182800032284
"1346","陽光健康名店","722台灣台南市佳里區佳東路25號","全身按摩半身按摩腳底按摩肩頸按摩背部按摩指壓油壓泰式按摩越式按摩台式按摩中式按摩休閒舒壓經絡按摩中式推拿刮痧精油按摩局部護理芳療SPA泰式SPA歐式SPA被動式瑜伽踩背",23.152719807417,120.184019515377
"1347","伊貝兒養生館","722台灣台南市佳里區佳南路40號","全身按摩半身按摩肩頸按摩背部按摩指壓油壓泰式按摩越式按摩中式按摩休閒舒壓經絡按摩中式推拿刮痧精油按摩局部護理芳療SPA泰式SPA被動式瑜伽踩背",23.15134999489,120.183591032486
"1348","芙樂SPA會館(舊南京)","710台灣台南市永康區中華路196號2樓","全身按摩半身按摩肩頸按摩背部按摩指壓油壓泰式按摩越式按摩台式按摩中式按摩休閒舒壓經絡按摩中式推拿精油按摩局部護理芳療SPA泰式SPA被動式瑜伽踩背",23.004550599961,120.235527064761
"1349","彩真美體養生館","722台灣台南市佳里區光復路409號","全身按摩半身按摩肩頸按摩背部按摩指壓油壓泰式按摩越式按摩台式按摩中式按摩休閒舒壓經絡按摩中式推拿刮痧精油按摩局部護理芳療SPA泰式SPA被動式瑜伽",23.165314497037,120.174713507376
"1350","舒康男女養生館","722台灣台南市佳里區佳北路305號","全身按摩半身按摩肩頸按摩背部按摩指壓油壓泰式按摩越式按摩台式按摩中式按摩休閒舒壓經絡按摩中式推拿刮痧精油按摩局部護理芳療SPA泰式SPA被動式瑜伽",23.171138704368,120.174786262296
"1351","婷婷養生館","722台灣台南市佳里區佳南路30號","全身按摩半身按摩肩頸按摩背部按摩指壓油壓泰式按摩越式按摩中式按摩休閒舒壓經絡按摩中式推拿刮痧精油按摩局部護理芳療SPA泰式SPA被動式瑜伽踩背",23.151479998208,120.183701003056
"1352","霓霓男女養生館","722台灣台南市佳里區進學路42號","全身按摩半身按摩肩頸按摩背部按摩指壓油壓泰式按摩越式按摩中式按摩休閒舒壓經絡按摩中式推拿刮痧精油按摩局部護理芳療SPA泰式SPA歐式SPA被動式瑜伽踩背",23.164150879329,120.182843701999
"1353","文竹美容養生館","722台灣台南市佳里區佳西路158-2號","全身按摩半身按摩肩頸按摩背部按摩指壓油壓泰式按摩越式按摩台式按摩中式按摩芳香療法按摩休閒舒壓經絡按摩中式推拿拔罐刮痧精油按摩局部護理臉部護膚芳療SPA美容SPA泰式SPA",23.162450987456,120.167749989856
"1354","333養生會館","722台灣台南市佳里區佳東路321號","全身按摩半身按摩肩頸按摩背部按摩指壓油壓泰式按摩越式按摩台式按摩中式按摩休閒舒壓經絡按摩中式推拿刮痧精油按摩局部護理芳療SPA泰式SPA被動式瑜伽踩背",23.160783994552,120.182799026455
"1355","美香健康館","235台灣新北市中和區中正路594號","全身按摩半身按摩肩頸按摩背部按摩指壓油壓泰式按摩越式按摩台式按摩中式按摩休閒舒壓經絡按摩中式推拿刮痧精油按摩局部護理芳療SPA泰式SPA被動式瑜伽踩背",24.995174987705,121.485878024942
"1356","法拉利美容養生館","722台灣台南市佳里區佳東路239號","全身按摩半身按摩肩頸按摩背部按摩指壓油壓泰式按摩越式按摩中式按摩休閒舒壓經絡按摩中式推拿刮痧精油按摩芳香按摩局部護理芳療SPA泰式SPA被動式瑜伽踩背",23.157852591555,120.18332750545
"1357","168順發養生館","722台灣台南市佳里區佳東路251號","全身按摩半身按摩肩頸按摩背部按摩指壓油壓泰式按摩越式按摩台式按摩中式按摩芳香療法按摩休閒舒壓經絡按摩中式推拿刮痧精油按摩局部護理芳療SPA泰式SPA被動式瑜伽踩背",23.158094702828,120.183289703067
"1358","露比Ruby泰式精油按摩(舊朵拉)","807台灣高雄市三民區九如二路289號","全身按摩半身按摩肩頸按摩背部按摩指壓油壓泰式按摩泰式古法越式按摩台式按摩中式按摩芳香療法按摩休閒舒壓經絡按摩中式推拿刮痧精油按摩局部護理芳療SPA泰式SPA被動式瑜伽踩背",22.640832999088,120.305640008443
"1359","晴一館男女養生館","241台灣新北市三重區正義北路378號","全身按摩肩頸按摩背部按摩指壓油壓泰式按摩歐式按摩中式按摩芳香療法按摩休閒舒壓經絡按摩中式推拿精油按摩芳香按摩芳療SPA泰式SPA被動式瑜伽",25.071436015457,121.493341020072
"1360","川島美容SPA會館","807台灣高雄市三民區九如二路283號","全身按摩半身按摩肩頸按摩背部按摩指壓油壓泰式按摩越式按摩台式按摩中式按摩休閒舒壓經絡按摩精油按摩局部護理芳療SPA泰式SPA歐式SPA被動式瑜伽雙人四手",22.640822982714,120.305775962912
"1361","遇見男女美容養身館","260台灣宜蘭縣宜蘭市宜興路三段57號","全身按摩半身按摩肩頸按摩背部按摩指壓油壓泰式按摩越式按摩台式按摩中式按摩休閒舒壓經絡按摩中式推拿刮痧精油按摩局部護理臉部護膚芳療SPA美容SPA泰式SPA被動式瑜伽全身去角質踩背",24.767283990405,121.760414020047
"1362","名悅養生館","708台灣台南市安平區怡平路434號","全身按摩半身按摩腳底按摩肩頸按摩背部按摩指壓油壓中式按摩經絡按摩中式推拿刮痧精油按摩局部護理芳療SPA",22.993876791091,120.173912197432
"1363","逸足軒養生館","700台灣台南市中西區民權路四段305號","全身按摩腳底按摩肩頸按摩背部按摩指壓油壓中式按摩休閒舒壓經絡按摩中式推拿精油按摩局部護理臉部護膚足湯芳療SPA美容SPA",22.999049012083,120.178009020247
"1364","紅上養生館","235台灣新北市中和區仁愛街61號","全身按摩半身按摩腳底按摩肩頸按摩背部按摩指壓油壓泰式按摩越式按摩中式按摩休閒舒壓經絡按摩中式推拿刮痧精油按摩芳香按摩局部護理芳療SPA泰式SPA被動式瑜伽全身去角質踩背",24.987731019495,121.511450960073
"1365","晶華養生館","708台灣台南市安平區永華路二段495號","全身按摩腳底按摩肩頸按摩背部按摩指壓油壓泰式按摩中式按摩經絡按摩中式推拿刮痧精油按摩局部護理修凍甲修腳皮芳療SPA泰式SPA被動式瑜伽",22.99026699876,120.175732998259
"1366","金蘋果養生會館","248台灣新北市五股區四維路132號","全身按摩半身按摩肩頸按摩背部按摩指壓油壓泰式按摩越式按摩台式按摩中式按摩休閒舒壓經絡按摩中式推拿刮痧精油按摩局部護理芳療SPA泰式SPA被動式瑜伽",25.075019781978,121.468035300015
"1367","活力189舒活養生會館","708台灣台南市安平區華平路565號2樓","全身按摩半身按摩腳底按摩肩頸按摩背部按摩指壓油壓中式按摩休閒舒壓經絡按摩中式推拿拔罐刮痧精油按摩臉部護膚修凍甲修腳皮足湯",22.994997200088,120.175509033806
"1368","鴻賓盲人按摩","702台灣台南市南區金華路二段81巷13號","全身按摩腳底按摩肩頸按摩背部按摩指壓油壓台式按摩中式按摩經絡按摩中式推拿精油按摩局部護理筋骨整復",22.979094005646,120.190415997147
"1369","金泰養生會館","268台灣宜蘭縣五結鄉中正路一段182號","全身按摩半身按摩肩頸按摩背部按摩指壓油壓泰式按摩泰式古法越式按摩台式按摩中式按摩休閒舒壓經絡按摩中式推拿刮痧精油按摩局部護理芳療SPA泰式SPA被動式瑜伽踩背",24.691219015369,121.770256972765
"1370","雅軒舒壓館","268台灣宜蘭縣五結鄉中正路二段70號","全身按摩半身按摩肩頸按摩背部按摩指壓油壓泰式按摩越式按摩台式按摩中式按摩休閒舒壓經絡按摩中式推拿拔罐刮痧精油按摩局部護理芳療SPA泰式SPA被動式瑜伽",24.696453010988,121.769356001992
"1371","健康230足體養生館","702台灣台南市南區健康路二段230號","全身按摩半身按摩腳底按摩肩頸按摩背部按摩指壓台式按摩中式按摩足反射按摩休閒舒壓經絡按摩中式推拿拔罐刮痧局部護理修凍甲修腳皮足湯",22.981723282943,120.191184785306
"1372","越彩鳳養生館","702台灣台南市南區文南路288號","全身按摩半身按摩肩頸按摩背部按摩指壓油壓泰式按摩越式按摩中式按摩芳香療法按摩足反射按摩休閒舒壓經絡按摩中式推拿刮痧精油按摩局部護理芳療SPA泰式SPA被動式瑜伽踩背",22.986572088202,120.190195217817
"1373","潔凌養生館(舊欣怡)","702台灣台南市南區夏林路54號","全身按摩半身按摩肩頸按摩背部按摩指壓油壓泰式按摩越式按摩中式按摩休閒舒壓經絡按摩中式推拿刮痧精油按摩局部護理芳療SPA泰式SPA被動式瑜伽踩背",22.983538216438,120.194753799678
"1374","悠然時光泰式按摩","700台灣台南市中西區西門路一段485號","全身按摩腳底按摩肩頸按摩背部按摩指壓油壓泰式按摩泰式古法越式按摩中式按摩休閒舒壓經絡按摩中式推拿刮痧精油按摩芳香按摩局部護理修凍甲修腳皮足湯芳療SPA泰式SPA被動式瑜伽踩背",22.982243715312,120.19741907725
"1375","夢時代養生會館","710台灣台南市永康區永大路三段461號","全身按摩半身按摩肩頸按摩背部按摩指壓油壓泰式按摩越式按摩台式按摩中式按摩芳香療法按摩休閒舒壓經絡按摩中式推拿刮痧精油按摩局部護理芳療SPA泰式SPA被動式瑜伽踩背",23.038172006159,120.258757006497
"1376","伊之撰足體養生館","709台灣台南市安南區北安路二段658號","全身按摩腳底按摩肩頸按摩背部按摩指壓油壓泰式按摩台式按摩中式按摩休閒舒壓經絡按摩中式推拿拔罐刮痧精油按摩修凍甲修腳皮足湯芳療SPA泰式SPA被動式瑜伽",23.038635693043,120.202629435902
"1377","迎新越式養生館","709台灣台南市安南區安和路五段368號","全身按摩半身按摩肩頸按摩背部按摩指壓油壓泰式按摩越式按摩台式按摩中式按摩休閒舒壓經絡按摩中式推拿刮痧精油按摩局部護理芳療SPA泰式SPA被動式瑜伽踩背",23.070038996204,120.215925984185
"1378","愛上腳足養生館","702台灣台南市南區健康路二段491號","全身按摩半身按摩腳底按摩肩頸按摩背部按摩指壓油壓中式按摩休閒舒壓經絡按摩中式推拿拔罐刮痧精油按摩局部護理修腳皮足湯",22.982244385864,120.183827569794
"1379","泰晶男女健康館","10491台灣台北市中山區農安街121號","全身按摩腳底按摩肩頸按摩背部按摩指壓油壓泰式按摩泰式古法休閒舒壓經絡按摩精油按摩芳香按摩局部護理足湯芳療SPA泰式SPA被動式瑜伽踩背",25.064921013575,121.529712025788
"1380","吸引力養生館","721台灣台南市麻豆區新生南路209號","全身按摩半身按摩肩頸按摩背部按摩指壓油壓泰式按摩越式按摩中式按摩休閒舒壓經絡按摩中式推拿精油按摩芳香按摩局部護理芳療SPA泰式SPA被動式瑜伽",23.179521990558,120.24170201283
"1381","不老村足體養生會館","702台灣台南市南區金華路二段333號","全身按摩腳底按摩肩頸按摩背部按摩指壓油壓中式按摩經絡按摩中式推拿刮痧精油按摩局部護理修凍甲修腳皮足湯芳療SPA",22.985378002275,120.191637994811
"1382","甄養生會館","702台灣台南市南區文南一街10號","全身按摩半身按摩肩頸按摩背部按摩指壓油壓泰式按摩越式按摩中式按摩休閒舒壓經絡按摩中式推拿刮痧精油按摩局部護理芳療SPA泰式SPA被動式瑜伽",22.985605193761,120.18959331335
"1383","足匠心足體養生館","702台灣台南市南區文南路86號","全身按摩半身按摩腳底按摩肩頸按摩背部按摩指壓油壓中式按摩休閒舒壓經絡按摩中式推拿拔罐刮痧精油按摩局部護理修凍甲修腳皮足湯芳療SPA薰香耳燭",22.984077591907,120.189997991635
"1384","如億泰中式養生會館","108台灣台北市萬華區長沙街二段161號","全身按摩半身按摩肩頸按摩背部按摩指壓油壓泰式按摩越式按摩台式按摩中式按摩休閒舒壓經絡按摩中式推拿刮痧精油按摩芳香按摩局部護理芳療SPA泰式SPA被動式瑜伽踩背",25.040625983402,121.502396995901
"1385","滿越養身會館","108台灣台北市萬華區長沙街二段153號","全身按摩半身按摩肩頸按摩背部按摩指壓油壓泰式按摩越式按摩台式按摩中式按摩休閒舒壓經絡按摩中式推拿刮痧精油按摩芳香按摩局部護理足湯芳療SPA泰式SPA被動式瑜伽",25.040610979796,121.502632024466
"1386","欣艾莉養生館","105台灣台北市松山區復興北路455號","全身按摩腳底按摩肩頸按摩背部按摩指壓油壓泰式按摩泰式古法峇里島式按摩越式按摩台式按摩中式按摩芳香療法按摩休閒舒壓經絡按摩中式推拿精油按摩芳香按摩局部護理足湯芳療SPA泰式SPA被動式瑜伽全身去角質",25.064088020038,121.544489991639
"1387","九皇養生館","702台灣台南市南區中華南路一段10號","全身按摩半身按摩肩頸按摩背部按摩指壓油壓泰式按摩泰式古法越式按摩台式按摩中式按摩休閒舒壓經絡按摩中式推拿精油按摩局部護理芳療SPA泰式SPA被動式瑜伽踩背",22.972558007097,120.214410033177
"1388","那麼旺養生館","702台灣台南市南區國民路182號","全身按摩半身按摩腳底按摩肩頸按摩背部按摩指壓油壓中式按摩經絡按摩中式推拿刮痧精油按摩局部護理",22.967738915685,120.211486425349
"1389","欣欣SPA男女養生館(開欣)","702台灣台南市南區新興路292號","全身按摩半身按摩肩頸按摩背部按摩指壓油壓泰式按摩越式按摩台式按摩中式按摩休閒舒壓經絡按摩中式推拿刮痧精油按摩芳香按摩局部護理芳療SPA泰式SPA被動式瑜伽踩背",22.975779884949,120.19149432899
"1390","夜歡養生館","701台灣台南市東區東門路三段226巷2號","全身按摩半身按摩肩頸按摩背部按摩指壓油壓泰式按摩越式按摩台式按摩中式按摩休閒舒壓經絡按摩中式推拿刮痧精油按摩局部護理芳療SPA泰式SPA被動式瑜伽",22.977160007217,120.234444961061
"1391","濟元堂太極勁氣功推拿","701台灣台南市東區裕農路109號","穴道按摩理療按摩經絡按摩中式推拿",22.986279308324,120.227563502373
"1392","天生麗姿仕女養生會館","701台灣台南市東區龍山街73號","全身按摩肩頸按摩背部按摩指壓油壓泰式按摩峇里島式按摩歐式按摩中式按摩芳香療法按摩深層組織按摩休閒舒壓經絡按摩中式推拿精油按摩芳香按摩臉部護膚芳療SPA美容SPA歐式SPA太空艙",22.982949094373,120.222491361304
"1393","愛自己純男女經絡舒壓坊","540台灣南投縣南投市成功三路135號","全身按摩半身按摩肩頸按摩背部按摩指壓油壓泰式按摩歐式按摩台式按摩中式按摩深層組織按摩休閒舒壓經絡按摩中式推拿刮痧精油按摩芳香按摩局部護理芳療SPA泰式SPA歐式SPA全身去角質",23.931663312917,120.669617532133
"1394","席隆泰式按摩","701台灣台南市東區東門路二段365巷32弄1號2樓","全身按摩指壓油壓泰式按摩泰式古法深層組織按摩運動按摩休閒舒壓經絡按摩精油按摩芳療SPA泰式SPA被動式瑜伽全身去角質除毛",22.983216979999,120.228285016598
"1395","伊荳足體養生會館","701台灣台南市東區中華東路三段381號","全身按摩腳底按摩肩頸按摩背部按摩指壓中式按摩穴道按摩足反射按摩休閒舒壓經絡按摩中式推拿拔罐刮痧足湯",22.973609013936,120.221320996164
"1396","水仙越式推拿","701台灣台南市東區中華東路二段251號","全身按摩半身按摩肩頸按摩背部按摩指壓油壓泰式按摩越式按摩中式按摩休閒舒壓經絡按摩中式推拿刮痧精油按摩局部護理芳療SPA泰式SPA被動式瑜伽踩背",22.983227792654,120.231460332978
"1397","如意樓美容(舊花草巷)","700台灣台南市中西區河中街12號","全身按摩半身按摩肩頸按摩背部按摩指壓油壓泰式按摩越式按摩台式按摩中式按摩休閒舒壓經絡按摩中式推拿精油按摩芳香按摩局部護理芳療SPA泰式SPA歐式SPA被動式瑜伽踩背",22.994710287542,120.193159310237
"1398","水伊人會館","802台灣高雄市苓雅區憲政路176號","全身按摩肩頸按摩背部按摩指壓油壓泰式按摩歐式按摩台式按摩中式按摩芳香療法按摩深層組織按摩休閒舒壓經絡按摩中式推拿精油按摩局部護理臉部護膚臉部按摩芳療SPA美容SPA泰式SPA歐式SPA薰香耳燭掏耳朵雙人四手全身去角質除毛",22.636359619273,120.322911758126
"1399","泰皇谷中泰式養生館","701台灣台南市東區大同路二段347號","全身按摩腳底按摩肩頸按摩背部按摩指壓油壓泰式按摩泰式古法中式按摩休閒舒壓經絡按摩中式推拿刮痧精油按摩局部護理足湯芳療SPA泰式SPA太空艙被動式瑜伽踩背",22.973371009796,120.214800629865
"1400","琳琳美容坊","745台灣台南市安定區海寮7-17號","全身按摩半身按摩肩頸按摩背部按摩指壓油壓泰式按摩越式按摩台式按摩中式按摩休閒舒壓經絡按摩中式推拿刮痧精油按摩芳香按摩局部護理芳療SPA泰式SPA被動式瑜伽",23.100827,120.2236725
"1401","湯悅麗緻足體養生館","701台灣台南市東區凱旋路12號","全身按摩腳底按摩肩頸按摩背部按摩指壓油壓東方指壓台式按摩中式按摩穴道按摩休閒舒壓經絡按摩中式推拿精油按摩修凍甲修腳皮足湯芳療SPA被動式瑜伽",22.993003019594,120.232921969254
"1402","頂紅泰式養生館","807台灣高雄市三民區博愛一路75號","全身按摩半身按摩肩頸按摩背部按摩指壓油壓泰式按摩越式按摩台式按摩中式按摩休閒舒壓經絡按摩中式推拿拔罐刮痧精油按摩局部護理芳療SPA泰式SPA被動式瑜伽踩背",22.64329400968,120.302656972922
"1403","日月星養生美容舒活館","700台灣台南市中西區康樂街195號","全身按摩半身按摩肩頸按摩背部按摩指壓油壓泰式按摩越式按摩中式按摩休閒舒壓經絡按摩中式推拿刮痧精油按摩局部護理臉部護膚芳療SPA美容SPA泰式SPA被動式瑜伽踩背",22.994527897329,120.194746926518
"1404","艾莉健康養生館","701台灣台南市東區中華東路二段215號","全身按摩半身按摩腳底按摩肩頸按摩背部按摩指壓油壓泰式按摩越式按摩中式按摩休閒舒壓經絡按摩中式推拿拔罐刮痧精油按摩局部護理芳療SPA泰式SPA被動式瑜伽踩背",22.983939500052,120.23207137372
"1405","晶鑽養生館","701台灣台南市東區東門路三段73號","全身按摩半身按摩腳底按摩肩頸按摩背部按摩指壓油壓泰式按摩越式按摩台式按摩中式按摩休閒舒壓經絡按摩中式推拿拔罐刮痧精油按摩局部護理足湯芳療SPA泰式SPA被動式瑜伽踩背",22.97985801612,120.231599975485
"1406","忙見客視障按摩","701台灣台南市東區中華東路二段341號","全身按摩腳底按摩肩頸按摩背部按摩指壓油壓台式按摩中式按摩穴道按摩休閒舒壓經絡按摩中式推拿精油按摩局部護理",22.981416589106,120.229891073066
"1407","富昱視障按摩","701台灣台南市東區崇明路294號","全身按摩半身按摩腳底按摩肩頸按摩背部按摩指壓中式按摩經絡按摩中式推拿局部護理足湯",22.977709985793,120.219559958307
"1408","足旺養生館-文化店","701台灣台南市東區中華東路三段312號","全身按摩腳底按摩肩頸按摩指壓油壓中式按摩休閒舒壓經絡按摩中式推拿拔罐刮痧精油按摩修凍甲修腳皮足湯芳療SPA",22.974803979963,120.223215976834
"1409","杏芸養生館","269台灣宜蘭縣冬山鄉冬山路五段305號","全身按摩半身按摩肩頸按摩背部按摩指壓油壓泰式按摩越式按摩中式按摩休閒舒壓經絡按摩中式推拿刮痧精油按摩局部護理芳療SPA泰式SPA被動式瑜伽",24.667375015406,121.768822996769
"1410","夜香養生館","268台灣宜蘭縣五結鄉中正路二段72-1號","全身按摩半身按摩肩頸按摩背部按摩指壓油壓泰式按摩越式按摩中式按摩休閒舒壓經絡按摩中式推拿刮痧精油按摩芳香按摩局部護理芳療SPA泰式SPA被動式瑜伽踩背",24.696663019572,121.769366982286
"1411","不老泉養生館","701台灣台南市東區裕農路10號","全身按摩腳底按摩肩頸按摩指壓油壓台式按摩中式按摩經絡按摩中式推拿拔罐刮痧精油按摩局部護理修腳皮足湯芳療SPA被動式瑜伽",22.984966995653,120.224822033301
"1412","朵拉SPA男女養生館","701台灣台南市東區東門路三段45號","全身按摩半身按摩肩頸按摩背部按摩指壓油壓泰式按摩越式按摩中式按摩休閒舒壓經絡按摩中式推拿刮痧精油按摩局部護理芳療SPA泰式SPA被動式瑜伽踩背",22.980197986113,120.231127990517
"1413","湧泉穴道養生館","701台灣台南市東區府連路350號","全身按摩腳底按摩肩頸按摩指壓油壓中式按摩穴道按摩足反射按摩休閒舒壓經絡按摩中式推拿精油按摩局部護理足湯芳療SPA",22.984751999837,120.216164030235
"1414","愛妮越式養生館","701台灣台南市東區裕豐街127號","全身按摩半身按摩肩頸按摩背部按摩指壓油壓泰式按摩越式按摩中式按摩休閒舒壓經絡按摩中式推拿刮痧精油按摩芳香按摩局部護理芳療SPA泰式SPA被動式瑜伽踩背",22.987020017107,120.226970985637
"1415","足湛養生館","701台灣台南市東區東和路9號","全身按摩腳底按摩肩頸按摩背部按摩指壓油壓中式按摩休閒舒壓經絡按摩中式推拿拔罐刮痧精油按摩局部護理修凍甲修腳皮足湯芳療SPA",22.998704012948,120.230341013628
"1416","大唐足體養生會館","701台灣台南市東區大同路二段137號","全身按摩腳底按摩肩頸按摩背部按摩指壓油壓中式按摩足反射按摩休閒舒壓經絡按摩中式推拿拔罐刮痧精油按摩臉部護膚修腳皮足湯芳療SPA美容SPA掏耳朵",22.977560285003,120.213847775112
"1417","足體小舖美學","701台灣台南市東區崇學路88號2樓","全身按摩半身按摩肩頸按摩背部按摩指壓油壓泰式按摩泰式古法中式按摩休閒舒壓經絡按摩中式推拿拔罐刮痧精油按摩足湯芳療SPA泰式SPA被動式瑜伽踩背",22.978866017879,120.222704010188
"1418","湯之村足體養生會館","700台灣台南市中西區府前路二段300號","全身按摩腳底按摩肩頸按摩背部按摩指壓油壓泰式按摩東方指壓台式按摩中式按摩深層組織按摩休閒舒壓經絡按摩中式推拿精油按摩局部護理足湯芳療SPA泰式SPA",22.992437995501,120.189419975593
"1419","芭達雅越式養生館","700台灣台南市中西區西門路二段431號","全身按摩半身按摩腳底按摩肩頸按摩背部按摩指壓油壓泰式按摩泰式古法越式按摩中式按摩休閒舒壓經絡按摩刮痧精油按摩局部護理足湯芳療SPA泰式SPA被動式瑜伽踩背",22.999456582125,120.200974680577
"1420","尊皇泰式養生館","514台灣彰化縣溪湖鎮二溪路一段293號","全身按摩半身按摩肩頸按摩背部按摩指壓油壓泰式按摩泰式古法越式按摩中式按摩休閒舒壓經絡按摩中式推拿刮痧精油按摩局部護理芳療SPA泰式SPA被動式瑜伽踩背",23.959205995295,120.473072966781
"1421","健康美容養生會館(健康47)","702台灣台南市南區健康路二段47號","全身按摩半身按摩肩頸按摩背部按摩指壓油壓泰式按摩越式按摩中式按摩休閒舒壓經絡按摩中式推拿精油按摩芳香按摩局部護理芳療SPA泰式SPA被動式瑜伽踩背",22.981266008216,120.196319036277
"1422","新國按摩中心","700台灣台南市中西區衛民街106-19號","全身按摩半身按摩腳底按摩肩頸按摩背部按摩指壓中式按摩經絡按摩中式推拿局部護理",22.993254979604,120.208980990671
"1423","華泰按摩中心","700台灣台南市中西區西門路二段307巷15號","全身按摩半身按摩腳底按摩肩頸按摩背部按摩指壓中式按摩穴道按摩足反射按摩理療按摩經絡按摩中式推拿局部護理",22.996922481338,120.199409779254
"1424","121養生館","700台灣台南市中西區樹林街二段121號","全身按摩腳底按摩肩頸按摩背部按摩指壓油壓中式按摩經絡按摩中式推拿拔罐刮痧精油按摩局部護理足湯",22.985954719123,120.203059092259
"1425","山林美容養生館","807台灣高雄市三民區建工路713號","全身按摩半身按摩腳底按摩肩頸按摩背部按摩指壓油壓泰式按摩歐式按摩越式按摩台式按摩中式按摩芳香療法按摩休閒舒壓經絡按摩中式推拿拔罐刮痧精油按摩局部護理臉部護膚足湯芳療SPA美容SPA泰式SPA歐式SPA薰香耳燭被動式瑜伽",22.647650000941,120.316665982975
"1426","皇室泰式養生館","500台灣彰化縣彰化市辭修路193-2號","全身按摩半身按摩肩頸按摩背部按摩指壓油壓泰式按摩泰式古法越式按摩中式按摩休閒舒壓經絡按摩中式推拿刮痧精油按摩局部護理臉部護膚芳療SPA美容SPA泰式SPA被動式瑜伽",24.083954991812,120.537499040616
"1427","和風養生會館","700台灣台南市中西區西和路56號","全身按摩半身按摩肩頸按摩背部按摩指壓油壓泰式按摩越式按摩中式按摩休閒舒壓經絡按摩中式推拿刮痧精油按摩局部護理芳療SPA泰式SPA被動式瑜伽踩背",22.999882005621,120.188442980958
"1428","媚女人男女養生館","700台灣台南市中西區西和路122號","全身按摩肩頸按摩背部按摩指壓油壓泰式按摩越式按摩中式按摩休閒舒壓經絡按摩中式推拿精油按摩局部護理臉部護膚芳療SPA美容SPA泰式SPA被動式瑜伽",23.000846008305,120.1897049603
"1429","水戀越式養生館","700台灣台南市中西區西和路116號","全身按摩半身按摩肩頸按摩背部按摩指壓油壓泰式按摩越式按摩中式按摩休閒舒壓經絡按摩中式推拿刮痧精油按摩局部護理芳療SPA泰式SPA被動式瑜伽踩背",23.000763991382,120.189575040801
"1430","521男女舒壓時尚會館","220台灣新北市板橋區板新路94號","全身按摩肩頸按摩背部按摩指壓油壓泰式按摩越式按摩中式按摩休閒舒壓經絡按摩中式推拿拔罐刮痧精油按摩局部護理芳療SPA泰式SPA被動式瑜伽",25.014756999451,121.472550966531
"1431","泰逍遙好自在養生館","700台灣台南市中西區西門路二段103號","全身按摩腳底按摩肩頸按摩背部按摩指壓油壓泰式按摩泰式古法越式按摩中式按摩休閒舒壓經絡按摩中式推拿刮痧精油按摩局部護理足湯芳療SPA泰式SPA被動式瑜伽踩背",22.992298813999,120.198290124628
"1432","越妃閣男女美容","608台灣嘉義縣水上鄉外林街148號","全身按摩半身按摩肩頸按摩背部按摩指壓油壓泰式按摩泰式古法越式按摩中式按摩休閒舒壓經絡按摩中式推拿刮痧精油按摩局部護理芳療SPA泰式SPA被動式瑜伽踩背",23.42555398281,120.397754023037
"1433","KoChi Spa 歌姬女子舒壓館","700台灣台南市中西區永福路一段66號2樓","全身按摩半身按摩肩頸按摩背部按摩指壓油壓泰式按摩越式按摩台式按摩中式按摩芳香療法按摩休閒舒壓經絡按摩中式推拿刮痧精油按摩芳香按摩局部護理臉部護膚孕婦按摩芳療SPA泰式SPA被動式瑜伽踩背",22.986961888609,120.20027152272
"1434","有空SPA概念館","402台灣台中市南區工學二街115巷5號","全身按摩肩頸按摩背部按摩指壓油壓中式按摩芳香療法按摩休閒舒壓經絡按摩中式推拿拔罐刮痧精油按摩局部護理芳療SPA",24.116145816686,120.664209276747
"1435","享瘦美容按摩工作室","506台灣彰化縣福興鄉彰鹿路七段549號","全身按摩半身按摩肩頸按摩背部按摩指壓油壓泰式按摩越式按摩台式按摩中式按摩休閒舒壓經絡按摩中式推拿拔罐刮痧精油按摩局部護理芳療SPA泰式SPA被動式瑜伽",24.048381985188,120.442348011044
"1436","玉文養生館","700台灣台南市中西區成功路301-1號","全身按摩半身按摩肩頸按摩背部按摩指壓油壓泰式按摩越式按摩中式按摩休閒舒壓經絡按摩中式推拿刮痧精油按摩局部護理芳療SPA泰式SPA被動式瑜伽踩背",22.999746009242,120.20073898146
"1437","仙竹SPA美容工作室","701台灣台南市東區裕豐街37號","全身按摩半身按摩肩頸按摩背部按摩指壓油壓泰式按摩越式按摩中式按摩芳香療法按摩休閒舒壓經絡按摩中式推拿精油按摩局部護理臉部護膚芳療SPA美容SPA泰式SPA",22.984566005405,120.226533031197
"1438","泰輕鬆養生美容館(泰紓壓)","700台灣台南市中西區臨安路一段19號","全身按摩半身按摩腳底按摩肩頸按摩背部按摩指壓油壓泰式按摩泰式古法越式按摩台式按摩中式按摩休閒舒壓經絡按摩中式推拿刮痧精油按摩局部護理芳療SPA泰式SPA被動式瑜伽踩背",22.998021013568,120.189345963387
"1439","佳祿指壓按摩中心","704台灣台南市北區佑民街31號","全身按摩半身按摩腳底按摩肩頸按摩背部按摩指壓穴道按摩經絡按摩中式推拿刮痧局部護理",22.998923995997,120.205768039546
"1440","劉活水按摩","704台灣台南市北區公園路597巷46號","全身按摩腳底按摩肩頸按摩背部按摩指壓中式按摩經絡按摩中式推拿局部護理",23.014253993991,120.21173997792
"1441","麗麗家庭按摩","704台灣台南市北區康樂街467號","全身按摩肩頸按摩背部按摩指壓中式按摩經絡按摩中式推拿局部護理",23.002075004858,120.197868011984
"1442","新幹線養生館","116台灣台北市文山區景後街162號","全身按摩半身按摩肩頸按摩背部按摩指壓油壓泰式按摩越式按摩中式按摩休閒舒壓經絡按摩中式推拿刮痧精油按摩局部護理芳療SPA泰式SPA被動式瑜伽踩背",24.990948999762,121.542246994349
"1443","湯村足體養生會館","704台灣台南市北區北安路一段227號","全身按摩腳底按摩肩頸按摩背部按摩指壓油壓台式按摩中式按摩休閒舒壓經絡按摩中式推拿刮痧精油按摩局部護理修凍甲修腳皮足湯芳療SPA",23.018542720479,120.20707570026
"1444","花漾年華精品養生會館","30350台灣新竹縣湖口鄉三民南路113號","全身按摩半身按摩肩頸按摩背部按摩指壓油壓泰式按摩越式按摩中式按摩休閒舒壓經絡按摩中式推拿刮痧精油按摩局部護理芳療SPA泰式SPA被動式瑜伽踩背",24.865266091593,120.995709104927
"1445","傅馬養生館","704台灣台南市北區長榮路四段126號","全身按摩腳底按摩指壓中式按摩經絡按摩中式推拿拔罐刮痧修凍甲修腳皮足湯",23.005928291476,120.222198832884
"1446","君悦舒SPA館","970台灣花蓮縣花蓮市富安路78號","全身按摩半身按摩肩頸按摩背部按摩指壓油壓泰式按摩越式按摩中式按摩休閒舒壓經絡按摩中式推拿刮痧精油按摩局部護理芳療SPA被動式瑜伽",23.994707001371,121.599401012808
"1447","銓信物理治療所","70443台灣台南市北區裕民街41號","運動按摩足反射按摩理療按摩醫療按摩經絡按摩中式推拿",22.999645007308,120.20463799136
"1448","庭軒泰式推拿","900台灣屏東縣屏東市信義路120號","全身按摩半身按摩肩頸按摩背部按摩指壓油壓泰式按摩越式按摩中式按摩休閒舒壓經絡按摩中式推拿刮痧精油按摩局部護理臉部護膚芳療SPA美容SPA泰式SPA被動式瑜伽全身去角質美甲",22.676523017081,120.488568004448
"1449","怡香SPA時尚會館","108台灣台北市萬華區西園路一段137 號","全身按摩半身按摩腳底按摩肩頸按摩頸胸按摩背部按摩指壓油壓泰式按摩東方指壓越式按摩台式按摩中式按摩熱油按摩放鬆按摩休閒舒壓經絡按摩中式推拿刮痧精油按摩局部護理芳療SPA泰式SPA被動式瑜伽雙人四手踩背",25.037648018933,121.499688970623
"1450","清邁男女泰式桑拿","704台灣台南市北區北門路三段18號","全身按摩半身按摩腳底按摩肩頸按摩背部按摩指壓油壓泰式按摩泰式古法越式按摩中式按摩休閒舒壓經絡按摩中式推拿拔罐刮痧精油按摩局部護理臉部護膚足湯美容SPA泰式SPA被動式瑜伽踩背",23.013303108985,120.217225933549
"1451","玉蘭花泰式養生館","704台灣台南市北區臨安路二段90巷8號","全身按摩半身按摩腳底按摩肩頸按摩背部按摩指壓油壓泰式按摩泰式古法越式按摩中式按摩休閒舒壓經絡按摩中式推拿刮痧精油按摩局部護理足湯芳療SPA泰式SPA被動式瑜伽踩背",23.002891695594,120.197814032528
"1452","彤研養生館","704台灣台南市北區和緯路四段223號","全身按摩肩頸按摩背部按摩指壓油壓泰式按摩越式按摩台式按摩中式按摩休閒舒壓經絡按摩中式推拿刮痧精油按摩局部護理芳療SPA泰式SPA被動式瑜伽",23.007669003218,120.188626963733
"1453","欣緣舒活館","704台灣台南市北區公園路1038號","全身按摩半身按摩肩頸按摩背部按摩指壓油壓泰式按摩越式按摩中式按摩休閒舒壓經絡按摩中式推拿刮痧精油按摩局部護理芳療SPA泰式SPA被動式瑜伽踩背",23.017539993402,120.215545026686
"1454","天足養生館","704台灣台南市北區臨安路二段94號","全身按摩腳底按摩肩頸按摩背部按摩指壓油壓泰式按摩越式按摩中式按摩休閒舒壓經絡按摩中式推拿刮痧精油按摩局部護理被動式瑜伽",23.00306599727,120.197983430791
"1455","普吉島養身館","704台灣台南市北區文賢路214號","全身按摩腳底按摩肩頸按摩背部按摩指壓油壓泰式按摩泰式古法越式按摩中式按摩休閒舒壓經絡按摩刮痧精油按摩局部護理足湯芳療SPA泰式SPA被動式瑜伽踩背",23.003784996925,120.193877974615
"1456","易SPA","704台灣台南市北區文成一路191號","全身按摩肩頸按摩背部按摩指壓油壓歐式按摩中式按摩芳香療法按摩休閒舒壓經絡按摩中式推拿拔罐刮痧精油按摩熱石按摩芳香按摩臉部護膚芳療SPA美容SPA歐式SPA",23.013849986258,120.203380035331
"1457","和悦SPA養生會館","236台灣新北市土城區中華路一段117號","全身按摩半身按摩肩頸按摩背部按摩指壓油壓泰式按摩越式按摩台式按摩中式按摩休閒舒壓經絡按摩中式推拿刮痧精油按摩局部護理芳療SPA泰式SPA被動式瑜伽踩背",24.98680951306,121.444537891748
"1458","薇雅養生館(唯雅)","236台灣新北市土城區中華路一段167號","全身按摩半身按摩肩頸按摩背部按摩指壓油壓泰式按摩越式按摩中式按摩休閒舒壓經絡按摩中式推拿刮痧精油按摩局部護理芳療SPA泰式SPA被動式瑜伽踩背",24.985943704371,121.443861136885
"1459","足青養生館(舊足夏)","704台灣台南市北區海安路三段132號","全身按摩半身按摩腳底按摩肩頸按摩背部按摩指壓油壓台式按摩中式按摩休閒舒壓經絡按摩中式推拿拔罐精油按摩局部護理修凍甲修腳皮足湯芳療SPA",23.004463595806,120.200291639287
"1460","嘉璦男女生活會館","412台灣台中市大里區國光路二段280號","全身按摩半身按摩肩頸按摩背部按摩指壓油壓泰式按摩越式按摩台式按摩中式按摩休閒舒壓經絡按摩中式推拿刮痧精油按摩局部護理芳療SPA泰式SPA被動式瑜伽踩背",24.106556584177,120.680884234924
"1461","沐風足體養生會館","700台灣台南市中西區臨安路一段215號","全身按摩腳底按摩肩頸按摩背部按摩指壓油壓台式按摩中式按摩足反射按摩休閒舒壓經絡按摩中式推拿拔罐刮痧精油按摩臉部護膚修凍甲修腳皮足湯",23.00129481731,120.192997958601
"1462","沐足閣養身會館","701台灣台南市東區東光路二段20號","全身按摩半身按摩腳底按摩肩頸按摩背部按摩指壓油壓中式按摩經絡按摩中式推拿刮痧精油按摩局部護理臉部護膚修凍甲修腳皮足湯",22.995816992128,120.231625037376
"1463","足屋足體養生館","704台灣台南市北區北門路三段58號","全身按摩腳底按摩肩頸按摩背部按摩指壓中式按摩穴道按摩經絡按摩中式推拿拔罐刮痧足湯",23.014179395053,120.21740153442
"1464","健康屋足體養生館","704台灣台南市北區中華北路一段638號","全身按摩腳底按摩肩頸按摩背部按摩指壓油壓台式按摩中式按摩休閒舒壓經絡按摩中式推拿精油按摩局部護理足湯芳療SPA",23.01775398339,120.192844988868
"1465","太上皇古式養生館","220台灣新北市板橋區中山路二段252號","全身按摩腳底按摩肩頸按摩背部按摩指壓油壓泰式按摩泰式古法休閒舒壓經絡按摩精油按摩局部護理足湯芳療SPA泰式SPA被動式瑜伽踩背",25.018176983585,121.478791963998
"1466","秋櫻美容舒活館","900台灣屏東縣屏東市自由路753號","全身按摩半身按摩肩頸按摩背部按摩指壓油壓泰式按摩越式按摩台式按摩中式按摩穴道按摩休閒舒壓經絡按摩中式推拿拔罐刮痧精油按摩熱石按摩局部護理臉部護膚芳療SPA美容SPA泰式SPA被動式瑜伽",22.68213700628,120.47909301728
"1467","艾尚足體SPA舒活會館","704台灣台南市北區和緯路四段109號","全身按摩腳底按摩肩頸按摩背部按摩指壓油壓中式按摩經絡按摩中式推拿拔罐刮痧精油按摩局部護理臉部護膚修凍甲修腳皮足湯薰香耳燭掏耳朵太空艙全身去角質",23.008742683106,120.191185791134
"1468","水鑽泰式養生會館(舊金鑽)","806台灣高雄市前鎮區二聖路216號","全身按摩半身按摩肩頸按摩背部按摩指壓油壓泰式按摩泰式古法越式按摩台式按摩中式按摩休閒舒壓經絡按摩中式推拿刮痧精油按摩局部護理芳療SPA泰式SPA被動式瑜伽踩背",22.612195011513,120.329407984544
"1469","越彩虹養生會館","704台灣台南市北區臨安路二段277號","全身按摩半身按摩肩頸按摩背部按摩指壓油壓泰式按摩越式按摩台式按摩中式按摩休閒舒壓經絡按摩中式推拿刮痧精油按摩局部護理芳療SPA泰式SPA被動式瑜伽踩背",23.004604998512,120.201530987491
"1470","168視障專業按摩","704台灣台南市北區公園路924-1號","全身按摩半身按摩腳底按摩肩頸按摩背部按摩指壓中式按摩經絡按摩中式推拿局部護理",23.015270006384,120.213678963582
"1471","美鳳按摩坊","710台灣台南市永康區中華路234號","全身按摩半身按摩肩頸按摩背部按摩指壓油壓泰式按摩越式按摩台式按摩中式按摩休閒舒壓經絡按摩中式推拿刮痧精油按摩局部護理芳療SPA泰式SPA被動式瑜伽踩背",23.005516195207,120.235581379494
"1472","雲之鄉養生館(舊悠䒳)","710台灣台南市永康區中華路372號","全身按摩半身按摩肩頸按摩背部按摩指壓油壓泰式按摩越式按摩中式按摩休閒舒壓經絡按摩中式推拿刮痧精油按摩局部護理芳療SPA泰式SPA被動式瑜伽",23.0091725071,120.233721183722
"1473","珊珊健康養生館","920台灣屏東縣潮州鎮介壽路175-9號","全身按摩半身按摩肩頸按摩背部按摩指壓油壓泰式按摩越式按摩台式按摩中式按摩休閒舒壓經絡按摩中式推拿刮痧精油按摩局部護理芳療SPA泰式SPA被動式瑜伽踩背",22.540578983045,120.534964017819
"1474","金士美美容養生館","710台灣台南市永康區西勢路726號","全身按摩半身按摩肩頸按摩背部按摩指壓油壓泰式按摩越式按摩中式按摩休閒舒壓經絡按摩中式推拿刮痧精油按摩局部護理芳療SPA美容SPA泰式SPA被動式瑜伽踩背",23.020636980897,120.26402100933
"1475","舒緹亞SPA養生館","710台灣台南市永康區永華路163號","全身按摩半身按摩腳底按摩肩頸按摩背部按摩指壓油壓泰式按摩泰式古法越式按摩台式按摩中式按摩休閒舒壓經絡按摩中式推拿刮痧精油按摩局部護理臉部護膚芳療SPA美容SPA泰式SPA薰香耳燭掏耳朵被動式瑜伽踩背",23.009601912,120.259490506844
"1476","鐿千養生館","813台灣高雄市左營區華夏路559號","全身按摩半身按摩肩頸按摩背部按摩指壓油壓泰式按摩越式按摩台式按摩中式按摩休閒舒壓經絡按摩中式推拿拔罐刮痧精油按摩局部護理芳療SPA泰式SPA被動式瑜伽踩背",22.675752007717,120.300093032559
"1477","泰金讚泰式按摩","401台灣台中市東區旱溪東路一段317號","全身按摩腳底按摩肩頸按摩背部按摩指壓油壓泰式按摩泰式古法休閒舒壓經絡按摩精油按摩局部護理足湯芳療SPA泰式SPA被動式瑜伽踩背",24.136288996849,120.70126097682
"1478","樂活泰式舒壓館","710台灣台南市永康區中山南路603號","全身按摩半身按摩腳底按摩肩頸按摩背部按摩指壓油壓泰式按摩泰式古法越式按摩台式按摩中式按摩休閒舒壓經絡按摩中式推拿刮痧精油按摩局部護理芳療SPA泰式SPA被動式瑜伽踩背",23.024684811488,120.254012933119
"1479","玉琳越式按摩","710台灣台南市永康區永大路三段105號","全身按摩半身按摩肩頸按摩背部按摩指壓油壓泰式按摩越式按摩台式按摩中式按摩休閒舒壓經絡按摩中式推拿刮痧精油按摩局部護理芳療SPA泰式SPA被動式瑜伽踩背",23.030308397967,120.259920582296
"1480","足心養生小棧","710台灣台南市永康區中華路595號","全身按摩半身按摩腳底按摩肩頸按摩背部按摩指壓油壓台式按摩中式按摩休閒舒壓經絡按摩中式推拿精油按摩局部護理足湯",23.013123317162,120.230765137929
"1481","丰悅SPA養生館","235台灣新北市中和區中正路727號","全身按摩半身按摩肩頸按摩背部按摩指壓油壓泰式按摩越式按摩台式按摩中式按摩休閒舒壓經絡按摩中式推拿刮痧精油按摩局部護理芳療SPA泰式SPA被動式瑜伽踩背",24.998982006218,121.484869011438
"1482","小桃紅養生會館","710台灣台南市永康區永大路二段323號","全身按摩半身按摩肩頸按摩背部按摩指壓油壓泰式按摩越式按摩中式按摩休閒舒壓經絡按摩刮痧精油按摩局部護理被動式瑜伽踩背",23.010415291884,120.262715024996
"1483","巧伊養生舒活會館","710台灣台南市永康區永大路三段376號","全身按摩肩頸按摩背部按摩指壓油壓泰式按摩越式按摩中式按摩休閒舒壓經絡按摩中式推拿刮痧精油按摩局部護理芳療SPA泰式SPA被動式瑜伽",23.033986796175,120.259839864569
"1484","憶仁越式養生會館","710台灣台南市永康區中華路642號","全身按摩半身按摩肩頸按摩背部按摩指壓油壓泰式按摩越式按摩中式按摩休閒舒壓經絡按摩中式推拿刮痧精油按摩局部護理芳療SPA泰式SPA被動式瑜伽踩背",23.014631011996,120.230231126878
"1485","康悅泰式按摩","710台灣台南市永康區永大路三段618巷9號","全身按摩半身按摩肩頸按摩背部按摩指壓油壓泰式按摩泰式古法台式按摩中式按摩休閒舒壓經絡按摩中式推拿刮痧精油按摩局部護理芳療SPA泰式SPA被動式瑜伽踩背",23.038785980567,120.259068980934
"1486","美莉嘉養生館","710台灣台南市永康區忠孝路37號","全身按摩半身按摩肩頸按摩背部按摩指壓油壓泰式按摩越式按摩中式按摩休閒舒壓經絡按摩中式推拿刮痧精油按摩局部護理芳療SPA泰式SPA被動式瑜伽踩背",22.99965351494,120.239830501489
"1487","翠花谷SPA會館","710台灣台南市永康區忠孝路7號","全身按摩半身按摩肩頸按摩背部按摩指壓油壓泰式按摩越式按摩台式按摩中式按摩休閒舒壓經絡按摩刮痧精油按摩局部護理芳療SPA泰式SPA被動式瑜伽踩背",22.999253907706,120.239814240597
"1488","芊芊越式舒壓養生會館","710台灣台南市永康區永大路三段546號","全身按摩半身按摩肩頸按摩背部按摩指壓油壓泰式按摩越式按摩台式按摩中式按摩休閒舒壓經絡按摩中式推拿刮痧精油按摩局部護理芳療SPA泰式SPA被動式瑜伽踩背",23.037347520253,120.259266290934
"1489","真好養生館","710台灣台南市永康區中山南路648號","全身按摩半身按摩肩頸按摩背部按摩指壓油壓泰式按摩越式按摩台式按摩中式按摩休閒舒壓經絡按摩中式推拿刮痧精油按摩局部護理芳療SPA泰式SPA被動式瑜伽踩背",23.019879005393,120.242989976072
"1490","新晴男女養身館","200台灣基隆市仁愛區仁一路147號","全身按摩半身按摩腳底按摩肩頸按摩背部按摩指壓油壓泰式按摩越式按摩台式按摩中式按摩休閒舒壓經絡按摩中式推拿刮痧精油按摩局部護理足湯芳療SPA泰式SPA被動式瑜伽踩背",25.127787005681,121.752185002785
"1491","燕欣泰式推拿坊","710台灣台南市永康區埔園街428號","全身按摩半身按摩腳底按摩肩頸按摩背部按摩指壓油壓泰式按摩泰式古法越式按摩台式按摩中式按摩休閒舒壓經絡按摩中式推拿刮痧精油按摩局部護理芳療SPA泰式SPA被動式瑜伽踩背",23.033062020798,120.251316977782
"1492","越美麗養生館(舊越精靈泰式)","710台灣台南市永康區永大路三段437號","全身按摩半身按摩肩頸按摩背部按摩指壓油壓泰式按摩泰式古法越式按摩中式按摩休閒舒壓經絡按摩中式推拿刮痧精油按摩局部護理芳療SPA泰式SPA被動式瑜伽踩背",23.037666116393,120.258846273766
"1493","芬芳養生館","710台灣台南市永康區中山南路542號","全身按摩半身按摩肩頸按摩背部按摩指壓油壓泰式按摩越式按摩中式按摩休閒舒壓經絡按摩中式推拿刮痧精油按摩局部護理芳療SPA泰式SPA被動式瑜伽踩背",23.018515018289,120.240647988506
"1494","快樂養生館","710台灣台南市永康區永大路三段410號","全身按摩半身按摩肩頸按摩背部按摩指壓油壓泰式按摩越式按摩中式按摩休閒舒壓經絡按摩中式推拿刮痧精油按摩局部護理芳療SPA泰式SPA被動式瑜伽踩背",23.034967395028,120.259614391373
"1495","花朵養身館","710台灣台南市永康區永大路一段290號","全身按摩半身按摩肩頸按摩背部按摩指壓油壓泰式按摩越式按摩中式按摩休閒舒壓經絡按摩中式推拿刮痧精油按摩局部護理芳療SPA泰式SPA被動式瑜伽踩背",22.998796088155,120.258864630134
"1496","寶貝SPA養生館(舊越好美)","710台灣台南市永康區永大路二段285號","全身按摩半身按摩肩頸按摩背部按摩指壓油壓泰式按摩越式按摩台式按摩中式按摩休閒舒壓經絡按摩中式推拿刮痧精油按摩局部護理芳療SPA泰式SPA被動式瑜伽踩背",23.009648892567,120.262497933704
"1497","909養生館","710台灣台南市永康區中華路909號","全身按摩半身按摩肩頸按摩背部按摩指壓油壓泰式按摩越式按摩中式按摩休閒舒壓經絡按摩中式推拿刮痧精油按摩局部護理芳療SPA泰式SPA被動式瑜伽",23.021448013848,120.221258970081
"1498","沁沁養生館(舊瑤瑤)","710台灣台南市永康區永大路二段299號","全身按摩半身按摩肩頸按摩背部按摩指壓油壓泰式按摩泰式古法越式按摩中式按摩休閒舒壓經絡按摩中式推拿刮痧精油按摩局部護理芳療SPA泰式SPA被動式瑜伽踩背",23.009915604726,120.262572532642
"1499","足元養生館","710台灣台南市永康區國光六街9號","全身按摩半身按摩腳底按摩肩頸按摩背部按摩指壓中式按摩經絡按摩中式推拿刮痧精油按摩局部護理臉部護膚修凍甲修腳皮足湯",23.006954404063,120.26141792548
"1500","晶紅越式養生館(舊緣緣越式)","710台灣台南市永康區大安街472號","全身按摩半身按摩肩頸按摩背部按摩指壓油壓泰式按摩越式按摩台式按摩中式按摩休閒舒壓經絡按摩中式推拿刮痧精油按摩局部護理芳療SPA泰式SPA被動式瑜伽踩背",23.013583986561,120.264132991556
"1501","藍月養生會館(舊紫水滴)","710台灣台南市永康區永大路三段399號","全身按摩半身按摩肩頸按摩背部按摩指壓油壓泰式按摩泰式古法越式按摩台式按摩中式按摩休閒舒壓經絡按摩中式推拿刮痧精油按摩局部護理芳療SPA泰式SPA被動式瑜伽踩背",23.036290981358,120.259032184379
"1502","心寬足體養生館(舊勇足)","710台灣台南市永康區中正南路768號","全身按摩半身按摩腳底按摩肩頸按摩背部按摩指壓油壓中式按摩經絡按摩中式推拿刮痧精油按摩局部護理修凍甲修腳皮足湯",23.040652001761,120.236693993321
"1503","越滿意養生會館","710台灣台南市永康區甲頂路72號","全身按摩半身按摩肩頸按摩背部按摩指壓油壓泰式按摩泰式古法越式按摩中式按摩休閒舒壓經絡按摩中式推拿刮痧精油按摩局部護理芳療SPA泰式SPA被動式瑜伽踩背",23.02012941475,120.220334194703
"1504","古早人健康理容","710台灣台南市永康區中華路249號","全身按摩半身按摩腳底按摩肩頸按摩背部按摩指壓油壓泰式按摩越式按摩台式按摩中式按摩休閒舒壓經絡按摩中式推拿拔罐刮痧精油按摩局部護理芳療SPA泰式SPA被動式瑜伽踩背",23.005893213212,120.235125403961
"1505","春風園美容養生會館(舊越妃)","710台灣台南市永康區永大路二段1123號","全身按摩半身按摩肩頸按摩背部按摩指壓油壓泰式按摩越式按摩中式按摩休閒舒壓經絡按摩中式推拿刮痧精油按摩局部護理芳療SPA泰式SPA被動式瑜伽踩背",23.027019087703,120.260506393509
"1506","莎瓦迪卡泰式古法養生館","807台灣高雄市三民區大順二路710號","全身按摩腳底按摩肩頸按摩背部按摩指壓油壓泰式按摩泰式古法休閒舒壓經絡按摩精油按摩足湯芳療SPA泰式SPA被動式瑜伽踩背",22.653492983735,120.319426981881
"1507","芭達雅泰式推拿","807台灣高雄市三民區九如一路103號","全身按摩腳底按摩肩頸按摩背部按摩指壓油壓泰式按摩泰式古法休閒舒壓經絡按摩精油按摩足湯芳療SPA泰式SPA被動式瑜伽踩背",22.636594983114,120.341350017274
"1508","河堤園SPA館","807台灣高雄市三民區河堤路250號","全身按摩肩頸按摩背部按摩指壓油壓中式按摩休閒舒壓經絡按摩中式推拿拔罐刮痧精油按摩臉部護膚芳療SPA美容SPA",22.659319999003,120.312476037216
"1509","東方美美容SPA會館","600台灣嘉義市西區世賢路一段610號","全身按摩腳底按摩肩頸按摩指壓油壓泰式按摩越式按摩台式按摩中式按摩休閒舒壓經絡按摩中式推拿刮痧精油按摩局部護理臉部護膚芳療SPA美容SPA泰式SPA除毛",23.493593778191,120.430580436438
"1510","宮廷泰式養生館","807台灣高雄市三民區民族一路585號","全身按摩腳底按摩肩頸按摩背部按摩指壓油壓泰式按摩泰式古法休閒舒壓經絡按摩刮痧精油按摩局部護理芳療SPA泰式SPA被動式瑜伽踩背",22.667830983488,120.316705964653
"1511","紫妃SPA會館","825台灣高雄市橋頭區成功路109號","全身按摩半身按摩肩頸按摩背部按摩指壓油壓泰式按摩越式按摩台式按摩中式按摩休閒舒壓經絡按摩中式推拿刮痧精油按摩芳療SPA泰式SPA被動式瑜伽",22.7585929971,120.309789972524
"1512","夢萱養生會館","330台灣桃園市桃園區莊二街34號","全身按摩半身按摩肩頸按摩背部按摩指壓油壓泰式按摩越式按摩中式按摩休閒舒壓經絡按摩中式推拿拔罐刮痧精油按摩局部護理芳療SPA泰式SPA被動式瑜伽踩背",25.024935982667,121.296144007377
"1513","雪妮兒SPA生活館","807台灣高雄市三民區建國一路446號","全身按摩半身按摩腳底按摩肩頸按摩指壓油壓泰式按摩越式按摩台式按摩中式按摩休閒舒壓經絡按摩中式推拿精油按摩局部護理臉部護膚臉部按摩足湯芳療SPA美容SPA泰式SPA美甲",22.634732985233,120.317227989583
"1514","悅都泰式SPA養生館","807台灣高雄市三民區九如一路92號","全身按摩半身按摩肩頸按摩背部按摩指壓油壓泰式按摩泰式古法越式按摩中式按摩休閒舒壓經絡按摩中式推拿拔罐刮痧精油按摩局部護理泰式SPA被動式瑜伽",22.636983987241,120.34168797561
"1515","妃菲時尚會館","220台灣新北市板橋區四川路二段84號","全身按摩半身按摩肩頸按摩背部按摩指壓油壓泰式按摩越式按摩台式按摩中式按摩休閒舒壓經絡按摩中式推拿刮痧精油按摩局部護理芳療SPA泰式SPA被動式瑜伽踩背",24.994859995784,121.452000970697
"1516","真情SPA美容會館","404台灣台中市北區五權路227號","全身按摩半身按摩肩頸按摩背部按摩指壓油壓泰式按摩越式按摩台式按摩中式按摩休閒舒壓經絡按摩刮痧精油按摩局部護理芳療SPA泰式SPA被動式瑜伽踩背",24.150005017477,120.675640013384
"1517","清萊泰式養生會館 Ching Rai Thai SPA","510台灣彰化縣員林市雙平路133號","全身按摩半身按摩腳底按摩肩頸按摩背部按摩指壓油壓泰式按摩泰式古法越式按摩台式按摩中式按摩休閒舒壓經絡按摩刮痧精油按摩芳香按摩局部護理足湯芳療SPA泰式SPA被動式瑜伽全身去角質",23.96439099869,120.567941023301
"1518","愛尚休閒養生館","510台灣彰化縣員林市雙平路127號","全身按摩半身按摩肩頸按摩背部按摩指壓油壓泰式按摩越式按摩台式按摩中式按摩休閒舒壓經絡按摩中式推拿刮痧精油按摩局部護理芳療SPA泰式SPA被動式瑜伽",23.96439699175,120.568081001084
"1519","世達養生館","807台灣高雄市三民區九如一路421號","全身按摩半身按摩肩頸按摩背部按摩指壓油壓泰式按摩泰式古法越式按摩台式按摩中式按摩休閒舒壓經絡按摩中式推拿刮痧精油按摩局部護理芳療SPA泰式SPA被動式瑜伽踩背",22.638480995148,120.330939022978
"1520","皇廷養身館","807台灣高雄市三民區大豐二路25號、27號","全身按摩腳底按摩肩頸按摩背部按摩指壓油壓泰式按摩泰式古法越式按摩中式按摩休閒舒壓經絡按摩精油按摩局部護理足湯芳療SPA泰式SPA被動式瑜伽踩背",22.646496506407,120.326220997765
"1521","真心越式養生館","500台灣彰化縣彰化市中華西路415號","全身按摩半身按摩肩頸按摩背部按摩指壓油壓泰式按摩越式按摩台式按摩中式按摩休閒舒壓經絡按摩中式推拿刮痧精油按摩局部護理芳療SPA泰式SPA被動式瑜伽",24.067787515962,120.52595657321
"1522","金鑽會館","833台灣高雄市鳥松區神農路743-1號","全身按摩半身按摩腳底按摩肩頸按摩背部按摩指壓油壓泰式按摩越式按摩台式按摩中式按摩休閒舒壓經絡按摩中式推拿刮痧精油按摩局部護理芳療SPA泰式SPA被動式瑜伽踩背",22.648672006395,120.395226963048
"1523","真美泰式SPA養生館","807台灣高雄市三民區九如二路170號","全身按摩半身按摩肩頸按摩背部按摩指壓油壓泰式按摩泰式古法越式按摩中式按摩休閒舒壓經絡按摩中式推拿刮痧精油按摩局部護理芳療SPA泰式SPA被動式瑜伽",22.641110984907,120.308095989892
"1524","成銘時尚美學SPA館","814台灣高雄市仁武區仁光路17號","全身按摩腳底按摩指壓油壓泰式按摩歐式按摩瑞典式按摩台式按摩中式按摩能量按摩芳香療法按摩休閒舒壓經絡按摩拔罐刮痧精油按摩臉部護膚孕婦按摩修凍甲修腳皮足湯芳療SPA美容SPA泰式SPA歐式SPA薰香耳燭掏耳朵岩盤浴全身去角質除毛美甲",22.681851015744,120.351392962202
"1525","泰妃泰式養生館","807台灣高雄市三民區建國一路413-3號","全身按摩半身按摩肩頸按摩背部按摩指壓油壓泰式按摩泰式古法越式按摩中式按摩休閒舒壓經絡按摩中式推拿刮痧精油按摩局部護理芳療SPA泰式SPA被動式瑜伽踩背",22.634172990282,120.317323962374
"1526","金采SPA養生館","807台灣高雄市三民區九如二路63-1號","全身按摩半身按摩肩頸按摩背部按摩指壓油壓泰式按摩越式按摩中式按摩休閒舒壓經絡按摩中式推拿刮痧精油按摩局部護理芳療SPA泰式SPA被動式瑜伽踩背",22.640448982194,120.311883017566
"1527","優嘉SPA健康養生館","807台灣高雄市三民區大順二路243號","全身按摩半身按摩肩頸按摩背部按摩指壓油壓泰式按摩越式按摩台式按摩中式按摩休閒舒壓經絡按摩中式推拿刮痧精油按摩局部護理芳療SPA泰式SPA被動式瑜伽",22.644734020645,120.325877024013
"1528","溫馨男女養生館(舊薇玲)","807台灣高雄市三民區九如二路506號","全身按摩半身按摩肩頸按摩背部按摩指壓油壓泰式按摩越式按摩台式按摩中式按摩休閒舒壓經絡按摩中式推拿刮痧精油按摩局部護理芳療SPA泰式SPA被動式瑜伽",22.641793984287,120.297745010023
"1529","珍純泰式養生館","807台灣高雄市三民區鼎金後路93號","全身按摩半身按摩腳底按摩肩頸按摩背部按摩指壓油壓泰式按摩泰式古法越式按摩台式按摩中式按摩休閒舒壓經絡按摩刮痧精油按摩局部護理足湯芳療SPA泰式SPA被動式瑜伽",22.66908600585,120.325502017665
"1530","按摩道-鼎中店","807台灣高雄市三民區鼎中路787號","全身按摩半身按摩腳底按摩肩頸按摩背部按摩指壓油壓中式按摩運動按摩穴道按摩足反射按摩經絡按摩中式推拿拔罐刮痧精油按摩足湯",22.675967003534,120.322583019884
"1531","泰式達人養生館","807台灣高雄市三民區覺民路500號","全身按摩腳底按摩肩頸按摩背部按摩指壓油壓泰式按摩泰式古法越式按摩中式按摩休閒舒壓經絡按摩中式推拿刮痧精油按摩局部護理足湯芳療SPA泰式SPA被動式瑜伽",22.640900012404,120.331714013746
"1532","信安按摩 – 高雄林森一店","807台灣高雄市三民區林森一路293號","半身按摩腳底按摩肩頸按摩背部按摩指壓中式按摩穴道按摩足反射按摩經絡按摩中式推拿局部護理",22.636969989462,120.305028967701
"1533","儷人男女健康生活館","807台灣高雄市三民區九如二路188號","全身按摩半身按摩肩頸按摩背部按摩指壓油壓泰式按摩越式按摩台式按摩中式按摩休閒舒壓經絡按摩中式推拿刮痧精油按摩局部護理芳療SPA泰式SPA被動式瑜伽",22.641066015997,120.307620987439
"1534","悦涵庭工作室","900台灣屏東縣屏東市自由路371-1號","全身按摩肩頸按摩背部按摩指壓油壓越式按摩中式按摩休閒舒壓經絡按摩中式推拿拔罐刮痧精油按摩局部護理踩背",22.680104981493,120.496077016227
"1535","金順藝SPA養生會館","269台灣宜蘭縣冬山鄉冬山路五段215號","全身按摩半身按摩肩頸按摩背部按摩指壓油壓泰式按摩越式按摩台式按摩中式按摩休閒舒壓經絡按摩中式推拿刮痧精油按摩局部護理芳療SPA泰式SPA被動式瑜伽",24.666755215575,121.770808082898
"1536","星星按摩會館(舊紅緣養生館)","807台灣高雄市三民區九如二路183號","全身按摩半身按摩肩頸按摩背部按摩指壓油壓泰式按摩越式按摩台式按摩中式按摩休閒舒壓經絡按摩中式推拿刮痧精油按摩局部護理芳療SPA泰式SPA被動式瑜伽",22.640675000213,120.308564035366
"1537","小蘋果養生館","807台灣高雄市三民區九如二路185號","全身按摩半身按摩肩頸按摩背部按摩指壓油壓泰式按摩越式按摩台式按摩中式按摩休閒舒壓經絡按摩中式推拿刮痧精油按摩局部護理芳療SPA泰式SPA被動式瑜伽",22.64067701187,120.308527993182
"1538","向虹推拿養生館","807台灣高雄市三民區民族一路804號","全身按摩半身按摩腳底按摩肩頸按摩背部按摩指壓油壓泰式按摩泰式古法越式按摩台式按摩中式按摩休閒舒壓經絡按摩中式推拿刮痧精油按摩局部護理芳療SPA泰式SPA被動式瑜伽",22.666326012773,120.316893970741
"1539","馨嬅SPA館","807台灣高雄市三民區九如二路451號","全身按摩半身按摩肩頸按摩背部按摩指壓油壓泰式按摩越式按摩中式按摩休閒舒壓經絡按摩中式推拿刮痧精油按摩局部護理被動式瑜伽踩背",22.641159013212,120.299951965129
"1540","極光SPA會館","928台灣屏東縣東港鎮船頭路25-236號","全身按摩半身按摩肩頸按摩背部按摩指壓油壓泰式按摩越式按摩台式按摩中式按摩休閒舒壓經絡按摩中式推拿刮痧精油按摩局部護理芳療SPA泰式SPA被動式瑜伽踩背",22.462577997922,120.463865027048
"1541","五行足道養生概念館","807台灣高雄市三民區明誠二路12號","全身按摩半身按摩腳底按摩肩頸按摩背部按摩指壓油壓台式按摩中式按摩休閒舒壓經絡按摩中式推拿拔罐刮痧精油按摩局部護理足湯",22.659929992007,120.31531599365
"1542","金禾健康養生館","807台灣高雄市三民區九如一路207號","全身按摩半身按摩肩頸按摩背部按摩指壓油壓泰式按摩越式按摩台式按摩中式按摩休閒舒壓經絡按摩中式推拿刮痧精油按摩局部護理芳療SPA泰式SPA被動式瑜伽",22.636994003615,120.338808959508
"1543","元氣足養生會館(建興店)","807台灣高雄市三民區建興路46號","腳底按摩肩頸按摩背部按摩台式按摩中式按摩經絡按摩中式推拿局部護理修腳皮足湯",22.642248995901,120.330429989998
"1544","白宮休閒會館","807台灣高雄市三民區九如二路446號","全身按摩半身按摩肩頸按摩背部按摩指壓油壓泰式按摩越式按摩台式按摩中式按摩休閒舒壓經絡按摩中式推拿精油按摩局部護理芳療SPA泰式SPA被動式瑜伽踩背",22.641726007053,120.299639990693
"1545","伊緹SPA美學館(舊桃花)","802台灣高雄市苓雅區建國一路110號","全身按摩半身按摩肩頸按摩背部按摩指壓油壓泰式按摩越式按摩台式按摩中式按摩休閒舒壓經絡按摩中式推拿刮痧精油按摩局部護理芳療SPA泰式SPA被動式瑜伽踩背",22.632094990756,120.331824990144
"1546","瑪加富泰式SPA養生館","807台灣高雄市三民區九如二路315號","全身按摩半身按摩肩頸按摩背部按摩指壓油壓泰式按摩泰式古法越式按摩中式按摩休閒舒壓經絡按摩中式推拿刮痧精油按摩局部護理芳療SPA泰式SPA被動式瑜伽踩背",22.640892007687,120.30507498435
"1547","亞足養生館","807台灣高雄市三民區義華路80號","全身按摩半身按摩腳底按摩肩頸按摩背部按摩指壓油壓台式按摩中式按摩休閒舒壓經絡按摩中式推拿拔罐刮痧精油按摩局部護理修凍甲修腳皮足湯芳療SPA",22.642498986163,120.343358991828
"1548","品美泰式養生館","807台灣高雄市三民區九如二路313號","全身按摩半身按摩肩頸按摩背部按摩指壓油壓泰式按摩泰式古法越式按摩中式按摩休閒舒壓經絡按摩中式推拿精油按摩局部護理泰式SPA被動式瑜伽",22.640879979656,120.30511999517
"1549","足頂真視障按摩養生館","807台灣高雄市三民區鼎中路104號","全身按摩半身按摩腳底按摩指壓油壓台式按摩中式按摩經絡按摩中式推拿精油按摩局部護理",22.660740983049,120.319235036298
"1550","青松按摩館","807台灣高雄市三民區大順二路38號","全身按摩半身按摩肩頸按摩背部按摩指壓油壓台式按摩中式按摩經絡按摩中式推拿拔罐刮痧精油按摩局部護理",22.640254019126,120.327836964432
"1551","心悅氧身坊","806台灣高雄市前鎮區瑞興街199-2號","全身按摩半身按摩肩頸按摩背部按摩指壓油壓泰式按摩越式按摩台式按摩中式按摩休閒舒壓理療按摩經絡按摩中式推拿刮痧精油按摩芳療SPA泰式SPA太空艙踩背",22.610911993594,120.32802497052
"1552","金順SPA養生館","807台灣高雄市三民區大順三路352號","全身按摩半身按摩肩頸按摩背部按摩指壓油壓泰式按摩越式按摩台式按摩中式按摩休閒舒壓經絡按摩中式推拿刮痧精油按摩局部護理芳療SPA泰式SPA被動式瑜伽",22.637839989102,120.327861020494
"1553","泰金典SPA指油壓美妍會館","807台灣高雄市三民區覺民路60號","全身按摩半身按摩肩頸按摩背部按摩指壓油壓泰式按摩泰式古法越式按摩中式按摩休閒舒壓經絡按摩中式推拿拔罐刮痧精油按摩局部護理芳療SPA泰式SPA被動式瑜伽",22.639089018404,120.342726996328
"1554","愛戀養生會館","807台灣高雄市三民區九如二路494號","全身按摩肩頸按摩背部按摩指壓油壓越式按摩中式按摩休閒舒壓經絡按摩中式推拿精油按摩局部護理",22.641781998166,120.298010967811
"1555","和平會館","337台灣桃園市大園區和平西路89號","全身按摩半身按摩肩頸按摩背部按摩指壓油壓泰式按摩越式按摩台式按摩中式按摩休閒舒壓經絡按摩中式推拿刮痧精油按摩局部護理芳療SPA泰式SPA被動式瑜伽踩背",25.057581986793,121.197408037818
"1556","舒苑泰式按摩","807台灣高雄市三民區鼎金中街11-3號","全身按摩腳底按摩肩頸按摩背部按摩指壓油壓泰式按摩泰式古法休閒舒壓經絡按摩中式推拿刮痧精油按摩局部護理足湯泰式SPA被動式瑜伽",22.664158997435,120.325876018184
"1557","美麗吳哥窟泰式養生館","807台灣高雄市三民區建國一路502號","全身按摩半身按摩腳底按摩肩頸按摩背部按摩指壓油壓泰式按摩泰式古法越式按摩中式按摩休閒舒壓經絡按摩中式推拿刮痧精油按摩局部護理足湯芳療SPA泰式SPA被動式瑜伽全身去角質踩背",22.636866011953,120.314688021464
"1558","小雅筋絡足體工作室","330台灣桃園市桃園區中正五街273巷19號(入口在愛一街)","全身按摩半身按摩腳底按摩肩頸按摩背部按摩指壓油壓中式按摩經絡按摩中式推拿拔罐刮痧精油按摩局部護理",25.002749001143,121.303166030582
"1559","狀元地養生會館","807台灣高雄市三民區九如ㄧ路69號","全身按摩肩頸按摩背部按摩指壓油壓泰式按摩台式按摩中式按摩休閒舒壓經絡按摩中式推拿刮痧精油按摩局部護理臉部按摩芳療SPA泰式SPA被動式瑜伽",22.65627,120.3231866
"1560","四季養生館(舊如意養生館)","830台灣高雄市鳳山區自由路55-1號","全身按摩半身按摩肩頸按摩背部按摩指壓油壓泰式按摩越式按摩台式按摩中式按摩休閒舒壓經絡按摩中式推拿刮痧精油按摩局部護理芳療SPA泰式SPA被動式瑜伽",22.625854999118,120.353903006927
"1561","芊好養生館","830台灣高雄市鳳山區瑞隆東路170號","全身按摩半身按摩腳底按摩肩頸按摩背部按摩指壓油壓泰式按摩越式按摩台式按摩中式按摩休閒舒壓經絡按摩中式推拿刮痧精油按摩局部護理芳療SPA泰式SPA被動式瑜伽",22.606510991513,120.34221603551
"1562","京璦養生館","830台灣高雄市鳳山區光復路169號","全身按摩半身按摩肩頸按摩背部按摩指壓油壓泰式按摩泰式古法越式按摩台式按摩中式按摩休閒舒壓經絡按摩中式推拿拔罐刮痧精油按摩局部護理芳療SPA泰式SPA被動式瑜伽踩背",22.628950016866,120.357661033216
"1563","悅美樂美容坊","830台灣高雄市鳳山區建國路三段72號","全身按摩半身按摩肩頸按摩背部按摩指壓油壓泰式按摩越式按摩中式按摩休閒舒壓經絡按摩中式推拿刮痧精油按摩局部護理芳療SPA泰式SPA被動式瑜伽踩背",22.636916010006,120.355116035955
"1564","夜甜蜜養生坊","830台灣高雄市鳳山區鳳林路89號","全身按摩半身按摩肩頸按摩背部按摩指壓油壓泰式按摩越式按摩台式按摩中式按摩休閒舒壓經絡按摩中式推拿拔罐刮痧精油按摩局部護理芳療SPA泰式SPA被動式瑜伽",22.622486982784,120.373616991739
"1565","虹美泰式養身館(舊鴻緣)","830台灣高雄市鳳山區自由路113號","全身按摩半身按摩腳底按摩肩頸按摩背部按摩指壓油壓泰式按摩泰式古法越式按摩台式按摩中式按摩休閒舒壓經絡按摩刮痧精油按摩局部護理芳療SPA泰式SPA被動式瑜伽踩背",22.625751985528,120.352642033413
"1566","麗加健康養生館","830台灣高雄市鳳山區建國路二段214號","全身按摩半身按摩肩頸按摩背部按摩指壓油壓中式按摩休閒舒壓經絡按摩中式推拿刮痧精油按摩局部護理",22.636359996459,120.358340973201
"1567","紅葉養生館","830台灣高雄市鳳山區忠義街210號","全身按摩半身按摩肩頸按摩背部按摩指壓油壓泰式按摩台式按摩中式按摩休閒舒壓經絡按摩中式推拿刮痧精油按摩局部護理芳療SPA泰式SPA",22.627829985054,120.349599989294
"1568","泰上園養生館","830台灣高雄市鳳山區鳳南路123號","全身按摩半身按摩肩頸按摩背部按摩指壓油壓泰式按摩泰式古法越式按摩中式按摩休閒舒壓經絡按摩中式推拿精油按摩局部護理足湯芳療SPA泰式SPA被動式瑜伽踩背",22.59872101834,120.337181026273
"1569","皇佳妃泰式SPA會館","830台灣高雄市鳳山區鳳南路45號","全身按摩半身按摩肩頸按摩背部按摩指壓油壓中式按摩經絡按摩中式推拿刮痧精油按摩局部護理",22.597506983484,120.338079985389
"1570","一新按摩院","830台灣高雄市鳳山區中山東路58巷51號","全身按摩半身按摩肩頸按摩背部按摩指壓油壓中式按摩經絡按摩中式推拿精油按摩局部護理",22.622587984718,120.370908966461
"1571","真輕鬆按摩養生館","830台灣高雄市鳳山區大東二路79號","全身按摩半身按摩腳底按摩肩頸按摩背部按摩指壓油壓中式按摩經絡按摩中式推拿精油按摩局部護理",22.619438987514,120.359458029438
"1572","永太養生館","830台灣高雄市鳳山區自立街38號","全身按摩肩頸按摩背部按摩指壓油壓中式按摩經絡按摩中式推拿拔罐刮痧精油按摩局部護理",22.628585990811,120.354930963533
"1573","尚好經絡男女舒壓","328台灣桃園市觀音區莊敬路476號","全身按摩半身按摩肩頸按摩背部按摩指壓油壓中式按摩經絡按摩中式推拿拔罐刮痧精油按摩局部護理",25.047556015219,121.138181007066
"1574","菲凡健康養生館","830台灣高雄市鳳山區善美路６號","全身按摩腳底按摩肩頸按摩背部按摩指壓油壓中式按摩經絡按摩中式推拿刮痧精油按摩局部護理",22.600564995129,120.334363030425
"1575","綠都美容名店","830台灣高雄市鳳山區光遠路21號","全身按摩半身按摩肩頸按摩背部按摩指壓油壓泰式按摩台式按摩中式按摩經絡按摩中式推拿刮痧精油按摩局部護理芳療SPA泰式SPA被動式瑜伽",22.623262015462,120.367225958205
"1576","舒安養身館","830台灣高雄市鳳山區南京路10號","全身按摩肩頸按摩背部按摩指壓油壓越式按摩中式按摩休閒舒壓經絡按摩中式推拿拔罐刮痧精油按摩局部護理臉部護膚",22.607091019213,120.345845986319
"1577","香的水養生館","830台灣高雄市鳳山區新富路8號","全身按摩肩頸按摩背部按摩指壓油壓中式按摩經絡按摩中式推拿刮痧精油按摩局部護理",22.61222300707,120.333198029703
"1578","欣雅養生館","830台灣高雄市鳳山區自由路370號","全身按摩半身按摩肩頸按摩背部按摩指壓油壓泰式按摩越式按摩中式按摩休閒舒壓經絡按摩中式推拿拔罐刮痧精油按摩局部護理",22.625270990015,120.346730025647
"1579","鐿莉養生會館(舊渝琳)","813台灣高雄市左營區文川路47號","全身按摩肩頸按摩背部按摩指壓油壓泰式按摩越式按摩台式按摩中式按摩休閒舒壓經絡按摩中式推拿拔罐刮痧精油按摩局部護理芳療SPA美容SPA泰式SPA被動式瑜伽",22.680479987841,120.307619981611
"1580","雅姿芳療SPA會館","804台灣高雄市鼓山區大順一路1005號","全身按摩半身按摩腳底按摩肩頸按摩背部按摩指壓油壓泰式按摩越式按摩台式按摩中式按摩芳香療法按摩休閒舒壓經絡按摩中式推拿拔罐刮痧精油按摩臉部護膚臉部按摩足湯芳療SPA美容SPA泰式SPA被動式瑜伽全身去角質",22.654377986982,120.296429973234
"1581","舒晴泰式養生館","813台灣高雄市左營區自由二路161號","全身按摩半身按摩肩頸按摩背部按摩指壓油壓泰式按摩泰式古法越式按摩中式按摩休閒舒壓經絡按摩中式推拿拔罐刮痧精油按摩局部護理芳療SPA泰式SPA被動式瑜伽踩背",22.660251018899,120.308675011764
"1582","佳期養生會館","220台灣新北市板橋區民生路三段170-2號","全身按摩半身按摩肩頸按摩背部按摩指壓油壓泰式按摩越式按摩中式按摩休閒舒壓經絡按摩中式推拿刮痧精油按摩局部護理芳療SPA泰式SPA被動式瑜伽",25.028346998165,121.465800014076
"1583","詩絜盲人按摩站","832台灣高雄市林園區港嘴二路15-1號2樓","全身按摩腳底按摩油壓台式按摩中式按摩穴道按摩足反射按摩經絡按摩中式推拿精油按摩熱石按摩局部護理",22.496696995803,120.384715972647
"1584","彩姿泰式養生會館","830台灣高雄市鳳山區五甲一路522號","全身按摩半身按摩肩頸按摩背部按摩指壓油壓泰式按摩泰式古法越式按摩台式按摩中式按摩休閒舒壓經絡按摩中式推拿刮痧精油按摩局部護理芳療SPA泰式SPA被動式瑜伽踩背",22.611985002929,120.349809033959
"1585","夜夜情美容坊","830台灣高雄市鳳山區建國路三段42號","全身按摩半身按摩肩頸按摩背部按摩指壓油壓泰式按摩越式按摩中式按摩休閒舒壓經絡按摩中式推拿刮痧精油按摩局部護理芳療SPA泰式SPA被動式瑜伽踩背",22.636812996416,120.355735961513
"1586","越如意瘦身美容坊","830台灣高雄市鳳山區建國路三段20號","全身按摩半身按摩肩頸按摩背部按摩指壓油壓泰式按摩越式按摩台式按摩中式按摩休閒舒壓經絡按摩中式推拿刮痧精油按摩局部護理芳療SPA泰式SPA被動式瑜伽",22.636742001696,120.35614399256
"1587","君儷男女養生館","830台灣高雄市鳳山區建國路三段22號","全身按摩半身按摩肩頸按摩背部按摩指壓油壓泰式按摩越式按摩台式按摩中式按摩休閒舒壓經絡按摩中式推拿刮痧精油按摩局部護理芳療SPA泰式SPA被動式瑜伽踩背",22.636750006413,120.356100993397
"1588","麗緻美容會館","830台灣高雄市鳳山區保泰路103號","全身按摩半身按摩肩頸按摩背部按摩指壓油壓泰式按摩越式按摩台式按摩中式按摩休閒舒壓經絡按摩中式推拿刮痧精油按摩局部護理芳療SPA泰式SPA被動式瑜伽",22.600000012945,120.328680016253
"1589","足滿意養生館","830台灣高雄市鳳山區鳳南路181號","全身按摩腳底按摩肩頸按摩背部按摩指壓油壓泰式按摩越式按摩台式按摩中式按摩休閒舒壓經絡按摩中式推拿精油按摩局部護理足湯芳療SPA泰式SPA",22.600131986011,120.336163966142
"1590","鴻錦養身館","830台灣高雄市鳳山區自由路376號","全身按摩肩頸按摩背部按摩指壓台式按摩中式按摩運動按摩理療按摩經絡按摩中式推拿拔罐刮痧局部護理筋骨整復",22.625259003893,120.3466250004
"1591","亞泰達泰式桑拿","830台灣高雄市鳳山區自由路207號","全身按摩腳底按摩肩頸按摩背部按摩指壓油壓泰式按摩泰式古法越式按摩休閒舒壓經絡按摩中式推拿拔罐刮痧精油按摩局部護理足湯芳療SPA泰式SPA被動式瑜伽踩背",22.625485985831,120.350586958393
"1592","新艷SPA養生會館","830台灣高雄市鳳山區建國路三段237號","全身按摩半身按摩肩頸按摩背部按摩指壓油壓中式按摩休閒舒壓經絡按摩中式推拿刮痧精油按摩局部護理",22.637018017767,120.352020012379
"1593","華妍男女泰式養生館","830台灣高雄市鳳山區鳳松路176-2號","全身按摩半身按摩肩頸按摩背部按摩指壓油壓泰式按摩泰式古法越式按摩中式按摩休閒舒壓經絡按摩刮痧精油按摩局部護理足湯芳療SPA泰式SPA被動式瑜伽踩背",22.636421980633,120.362494960596
"1594","巧蝶泰式養生館","830台灣高雄市鳳山區鳳松路155號","全身按摩肩頸按摩背部按摩指壓油壓中式按摩經絡按摩中式推拿刮痧精油按摩局部護理",22.642306998671,120.363962967118
"1595","越媚養生館","830台灣高雄市鳳山區南華路9號","全身按摩半身按摩肩頸按摩背部按摩指壓油壓泰式按摩越式按摩台式按摩中式按摩休閒舒壓經絡按摩中式推拿刮痧精油按摩局部護理芳療SPA泰式SPA被動式瑜伽踩背",22.599348990526,120.340456003482
"1596","樂妮養生舘(舊越式美)","830台灣高雄市鳳山區鳳南路271號","全身按摩半身按摩肩頸按摩背部按摩指壓油壓泰式按摩越式按摩中式按摩休閒舒壓經絡按摩中式推拿刮痧精油按摩局部護理",22.601690014173,120.33507599511
"1597","姍姍養生館(舊再相逢)","830台灣高雄市鳳山區建國路二段159號","全身按摩半身按摩肩頸按摩背部按摩指壓油壓泰式按摩越式按摩台式按摩中式按摩休閒舒壓經絡按摩中式推拿刮痧精油按摩局部護理芳療SPA泰式SPA被動式瑜伽",22.635882982349,120.358770964834
"1598","溫莎堡美容養生會館 – 鳳山店","830台灣高雄市鳳山區建國路三段160號","全身按摩半身按摩腳底按摩肩頸按摩背部按摩指壓油壓泰式按摩中式按摩休閒舒壓經絡按摩中式推拿拔罐刮痧精油按摩局部護理臉部護膚芳療SPA美容SPA",22.637231001927,120.353343011976
"1599","越女情美容塑身","830台灣高雄市鳳山區建國路三段130號","全身按摩半身按摩肩頸按摩背部按摩指壓油壓泰式按摩越式按摩中式按摩休閒舒壓經絡按摩中式推拿刮痧精油按摩局部護理",22.637127988337,120.353945000262
"1600","愛妃男女養生館(舊春風養生館)","830台灣高雄市鳳山區建國路三段132號","全身按摩半身按摩肩頸按摩背部按摩指壓油壓泰式按摩越式按摩中式按摩休閒舒壓經絡按摩中式推拿刮痧精油按摩局部護理芳療SPA泰式SPA被動式瑜伽",22.637132011651,120.353906024412
"1601","小紅按摩坊","830台灣高雄市鳳山區王生明路180號","全身按摩腳底按摩肩頸按摩背部按摩指壓油壓泰式按摩越式按摩中式按摩能量按摩休閒舒壓經絡按摩中式推拿刮痧精油按摩熱石按摩局部護理臉部護膚修凍甲修腳皮足湯芳療SPA美容SPA泰式SPA薰香耳燭被動式瑜伽全身去角質除毛",22.619977985797,120.362923024391
"1602","招美男女經絡養生館","830台灣高雄市鳳山區建國路一段544號","全身按摩半身按摩肩頸按摩背部按摩指壓油壓泰式按摩越式按摩台式按摩中式按摩休閒舒壓經絡按摩中式推拿刮痧精油按摩局部護理芳療SPA泰式SPA被動式瑜伽踩背",22.635340002661,120.364139992913
"1603","泰極殿泰式養身會館-二店","700台灣台南市中西區民生路二段455號","全身按摩腳底按摩肩頸按摩背部按摩指壓油壓泰式按摩泰式古法中式按摩休閒舒壓經絡按摩拔罐刮痧精油按摩局部護理足湯芳療SPA泰式SPA被動式瑜伽踩背",22.997501000295,120.188185572712
"1604","泰極殿泰式養身會館","708台灣台南市安平區建平十四街68號","全身按摩腳底按摩肩頸按摩背部按摩指壓油壓泰式按摩泰式古法中式按摩休閒舒壓經絡按摩拔罐刮痧精油按摩局部護理足湯芳療SPA泰式SPA被動式瑜伽踩背",22.995972015427,120.182922994803
"1605","佳林泰式養生館","830台灣高雄市鳳山區過埤路95號","全身按摩半身按摩肩頸按摩背部按摩指壓油壓泰式按摩泰式古法越式按摩中式按摩休閒舒壓經絡按摩中式推拿刮痧精油按摩局部護理足湯芳療SPA泰式SPA被動式瑜伽踩背",22.589805984213,120.365263000301
"1606","悅欣仙養生館","830台灣高雄市鳳山區南榮路268號","全身按摩半身按摩肩頸按摩背部按摩指壓油壓中式按摩經絡按摩中式推拿刮痧精油按摩局部護理",22.602139996645,120.337496018194
"1607","沐足園足體養生會館","830台灣高雄市鳳山區五甲二路315號","全身按摩半身按摩腳底按摩肩頸按摩背部按摩指壓油壓台式按摩中式按摩休閒舒壓經絡按摩中式推拿拔罐刮痧精油按摩局部護理臉部護膚臉部按摩孕婦按摩足湯掏耳朵筋骨整復",22.598726005572,120.336945997708
"1608","新悅養生館","830台灣高雄市鳳山區新富路24號","全身按摩半身按摩肩頸按摩背部按摩指壓油壓泰式按摩越式按摩台式按摩中式按摩休閒舒壓經絡按摩中式推拿刮痧精油按摩局部護理芳療SPA泰式SPA被動式瑜伽",22.612278998183,120.333535988039
"1609","常樂傳統整復推拿館","830台灣高雄市鳳山區光華東路26號","肩頸按摩背部按摩台式按摩中式按摩經絡按摩中式推拿局部護理筋骨整復",22.618929996443,120.35653098503
"1610","月亮養生館","830台灣高雄市鳳山區光遠路8號","全身按摩半身按摩肩頸按摩背部按摩指壓油壓泰式按摩越式按摩中式按摩休閒舒壓經絡按摩中式推拿刮痧精油按摩局部護理芳療SPA泰式SPA被動式瑜伽",22.623215998813,120.36784102226
"1611","于足同樂養生館","830台灣高雄市鳳山區文龍東路783號","全身按摩腳底按摩指壓油壓中式按摩經絡按摩中式推拿拔罐刮痧精油按摩局部護理臉部護膚",22.642806979196,120.352540025652
"1612","依樂亞養身館","830台灣高雄市鳳山區五甲一路574號","全身按摩半身按摩肩頸按摩背部按摩指壓油壓泰式按摩越式按摩台式按摩中式按摩休閒舒壓經絡按摩中式推拿刮痧精油按摩局部護理芳療SPA泰式SPA被動式瑜伽踩背",22.611002015234,120.349183995439
"1613","優璇養生館","830台灣高雄市鳳山區保泰路149號","全身按摩半身按摩肩頸按摩背部按摩指壓油壓泰式按摩台式按摩中式按摩休閒舒壓經絡按摩中式推拿刮痧精油按摩局部護理芳療SPA泰式SPA被動式瑜伽",22.600404984597,120.329543017004
"1614","香水泰式養生館","830台灣高雄市鳳山區保泰路130號","全身按摩半身按摩腳底按摩肩頸按摩背部按摩指壓油壓泰式按摩泰式古法越式按摩中式按摩休閒舒壓經絡按摩中式推拿刮痧精油按摩局部護理足湯芳療SPA泰式SPA被動式瑜伽踩背",22.600002988521,120.329576041703
"1615","喜圓美容名店","830台灣高雄市鳳山區中山東路359號","全身按摩半身按摩肩頸按摩背部按摩指壓油壓泰式按摩台式按摩中式按摩休閒舒壓經絡按摩中式推拿刮痧精油按摩局部護理芳療SPA泰式SPA被動式瑜伽",22.627145015927,120.377204027203
"1616","歡盈養生館","830台灣高雄市鳳山區中山東路345號","全身按摩半身按摩肩頸按摩背部按摩指壓油壓泰式按摩越式按摩中式按摩休閒舒壓經絡按摩中式推拿刮痧精油按摩局部護理芳療SPA泰式SPA被動式瑜伽",22.627008013719,120.376904038888
"1617","媗雅泰式按摩","830台灣高雄市鳳山區中山東路331號","全身按摩腳底按摩肩頸按摩背部按摩指壓油壓泰式按摩泰式古法越式按摩中式按摩休閒舒壓經絡按摩刮痧精油按摩局部護理芳療SPA泰式SPA被動式瑜伽",22.626895989583,120.376625005331
"1618","越玫瑰養生館","830台灣高雄市鳳山區鳳頂路530號","全身按摩半身按摩肩頸按摩背部按摩指壓油壓泰式按摩越式按摩中式按摩休閒舒壓經絡按摩中式推拿刮痧精油按摩局部護理芳療SPA泰式SPA被動式瑜伽踩背",22.595782993639,120.359732033852
"1619","桃子SPA養生館","830台灣高雄市鳳山區鳳頂路389號","全身按摩半身按摩肩頸按摩背部按摩指壓油壓泰式按摩越式按摩中式按摩休閒舒壓經絡按摩中式推拿刮痧精油按摩局部護理芳療SPA泰式SPA被動式瑜伽",22.594852015653,120.359028037805
"1620","鼎昇養生館(舊莉沐)","830台灣高雄市鳳山區鳳頂路510號","全身按摩半身按摩肩頸按摩背部按摩指壓油壓泰式按摩越式按摩台式按摩中式按摩休閒舒壓經絡按摩中式推拿刮痧精油按摩局部護理芳療SPA泰式SPA被動式瑜伽",22.595435018928,120.359618039969
"1621","安琪養生館","830台灣高雄市鳳山區中山西路117號","全身按摩半身按摩肩頸按摩背部按摩指壓油壓泰式按摩越式按摩中式按摩休閒舒壓經絡按摩中式推拿刮痧精油按摩局部護理芳療SPA泰式SPA被動式瑜伽",22.626952986525,120.352041972965
"1622","鑫緣養生館","830台灣高雄市鳳山區自由路348號","全身按摩半身按摩肩頸按摩背部按摩指壓油壓中式按摩休閒舒壓經絡按摩中式推拿拔罐刮痧精油按摩局部護理",22.62531901832,120.347129004238
"1623","泰梅兒泰式養生館","302台灣新竹縣竹北市自強北路107號","全身按摩腳底按摩肩頸按摩背部按摩指壓油壓泰式按摩泰式古法休閒舒壓經絡按摩精油按摩局部護理足湯芳療SPA泰式SPA被動式瑜伽踩背",24.822915017057,121.030553011704
"1624","桃花梅養生館","830台灣高雄市鳳山區新富路128號","全身按摩半身按摩肩頸按摩背部按摩指壓油壓泰式按摩越式按摩台式按摩中式按摩休閒舒壓經絡按摩中式推拿刮痧精油按摩局部護理芳療SPA泰式SPA被動式瑜伽踩背",22.612449989008,120.335903037496
"1625","楓蜜養生會館","830台灣高雄市鳳山區新富路56號","全身按摩半身按摩肩頸按摩背部按摩指壓油壓泰式按摩越式按摩中式按摩休閒舒壓經絡按摩中式推拿刮痧精油按摩局部護理芳療SPA泰式SPA被動式瑜伽",22.612296013447,120.334151974103
"1626","大玉兒養生館","830台灣高雄市鳳山區瑞隆東路201號","全身按摩半身按摩肩頸按摩背部按摩指壓油壓泰式按摩越式按摩台式按摩中式按摩休閒舒壓經絡按摩中式推拿刮痧精油按摩局部護理臉部護膚孕婦按摩芳療SPA美容SPA泰式SPA被動式瑜伽",22.605904979913,120.339352023014
"1627","萊紅按摩店","830台灣高雄市鳳山區大東二路163號3樓","全身按摩肩頸按摩頸胸按摩背部按摩指壓油壓中式按摩經絡按摩中式推拿刮痧精油按摩局部護理",22.618092979592,120.358301997352
"1628","果然美容瘦身養生館","830台灣高雄市鳳山區鳯南路199號","全身按摩半身按摩肩頸按摩背部按摩指壓油壓泰式按摩越式按摩台式按摩中式按摩休閒舒壓經絡按摩中式推拿刮痧精油按摩局部護理臉部護膚芳療SPA泰式SPA被動式瑜伽",22.616135,120.3571513
"1629","蓉琪泰式推拿養生館","830台灣高雄市鳳山區中山西路153號","全身按摩腳底按摩肩頸按摩背部按摩指壓油壓泰式按摩泰式古法越式按摩台式按摩中式按摩休閒舒壓經絡按摩中式推拿精油按摩局部護理足湯芳療SPA泰式SPA被動式瑜伽踩背",22.627324011469,120.351131027728
"1630","莉麗美容養生會館","830台灣高雄市鳳山區中山西路147號","全身按摩半身按摩肩頸按摩背部按摩指壓油壓泰式按摩越式按摩中式按摩休閒舒壓經絡按摩刮痧精油按摩局部護理臉部護膚芳療SPA泰式SPA被動式瑜伽",22.627252010921,120.351258013561
"1631","泰式風情SPA養生館","830台灣高雄市鳳山區鳳南路186號","全身按摩腳底按摩肩頸按摩背部按摩指壓油壓泰式按摩泰式古法越式按摩中式按摩休閒舒壓經絡按摩刮痧精油按摩局部護理足湯芳療SPA泰式SPA被動式瑜伽踩背",22.600583016221,120.336317019694
"1632","楓情泰式養生館","830台灣高雄市鳳山區鳳南路220號","全身按摩半身按摩腳底按摩肩頸按摩背部按摩指壓油壓泰式按摩泰式古法越式按摩中式按摩休閒舒壓經絡按摩中式推拿刮痧精油按摩局部護理足湯芳療SPA泰式SPA被動式瑜伽踩背",22.60108601423,120.335947964497
"1633","蓁美能量精油按摩","830台灣高雄市鳳山區鳳南路209號","全身按摩腳底按摩肩頸按摩背部按摩指壓油壓泰式按摩泰式古法越式按摩休閒舒壓經絡按摩拔罐刮痧精油按摩熱石按摩局部護理臉部護膚足湯芳療SPA泰式SPA被動式瑜伽踩背",22.600569982361,120.335843023069
"1634","湄南河SPA養生館","830台灣高雄市鳳山區鳳南路158號","全身按摩腳底按摩肩頸按摩背部按摩指壓油壓泰式按摩泰式古法休閒舒壓經絡按摩精油按摩局部護理足湯芳療SPA泰式SPA被動式瑜伽踩背",22.600024991017,120.336728990235
"1635","足滿足養生館","830台灣高雄市鳳山區鳳南路210號","全身按摩半身按摩腳底按摩肩頸按摩背部按摩指壓油壓台式按摩中式按摩經絡按摩中式推拿精油按摩局部護理足湯",22.600944988709,120.3360550014
"1636","時尚養生館","830台灣高雄市鳳山區瑞隆東路242號","全身按摩半身按摩腳底按摩肩頸按摩背部按摩指壓油壓泰式按摩越式按摩台式按摩中式按摩休閒舒壓經絡按摩中式推拿刮痧精油按摩局部護理足湯芳療SPA泰式SPA被動式瑜伽踩背",22.606261001251,120.339552015224
"1637","Angel SPA 天使會館","830台灣高雄市鳳山區建國路三段447號","全身按摩半身按摩肩頸按摩背部按摩指壓油壓泰式按摩越式按摩台式按摩中式按摩休閒舒壓經絡按摩中式推拿精油按摩局部護理芳療SPA泰式SPA被動式瑜伽踩背",22.637434011622,120.347152976481
"1638","糖果SPA會館(舊藏樸)","830台灣高雄市鳳山區建國路二段185號","全身按摩半身按摩肩頸按摩背部按摩指壓油壓泰式按摩越式按摩台式按摩中式按摩休閒舒壓經絡按摩中式推拿刮痧精油按摩局部護理芳療SPA泰式SPA被動式瑜伽",22.635974009817,120.358271990138
"1639","PP島泰式桑拿(皮皮島按摩店)","802台灣高雄市苓雅區和平一路43號","全身按摩腳底按摩肩頸按摩背部按摩指壓油壓泰式按摩泰式古法休閒舒壓經絡按摩精油按摩局部護理足湯芳療SPA泰式SPA被動式瑜伽踩背",22.620602018489,120.321547016651
"1640","曉青美容美體坊","741台灣台南市善化區什乃里什乃190號","全身按摩半身按摩肩頸按摩背部按摩指壓油壓泰式按摩越式按摩中式按摩休閒舒壓經絡按摩中式推拿刮痧精油按摩局部護理芳療SPA泰式SPA被動式瑜伽踩背",23.140691,120.3033872
"1641","金殿男女SPA會館","802台灣高雄市苓雅區三多三路110號","全身按摩半身按摩肩頸按摩背部按摩指壓油壓泰式按摩泰式古法越式按摩中式按摩休閒舒壓經絡按摩中式推拿刮痧精油按摩芳香按摩局部護理芳療SPA泰式SPA被動式瑜伽全身去角質踩背",22.616331019726,120.31100400738
"1642","艾媄美容養生館","802台灣高雄市苓雅區武廟路290號","全身按摩肩頸按摩背部按摩指壓油壓中式按摩經絡按摩中式推拿精油按摩局部護理臉部護膚美容SPA",22.632766004015,120.321590015814
"1643","美麗按摩工作室","600台灣嘉義市西區新民路864號附2","全身按摩半身按摩肩頸按摩背部按摩指壓油壓泰式按摩越式按摩中式按摩休閒舒壓經絡按摩中式推拿刮痧精油按摩局部護理芳療SPA泰式SPA被動式瑜伽",23.472099780791,120.439778706264
"1644","凱琳泰式SPA養生館","802台灣高雄市苓雅區三多三路106號","全身按摩半身按摩腳底按摩肩頸按摩背部按摩指壓油壓泰式按摩越式按摩中式按摩休閒舒壓經絡按摩中式推拿刮痧精油按摩局部護理足湯芳療SPA泰式SPA被動式瑜伽踩背",22.616352016393,120.311065027635
"1645","安達曼泰式養生館","802台灣高雄市苓雅區三多三路136-1號","全身按摩半身按摩肩頸按摩背部按摩指壓油壓泰式按摩泰式古法越式按摩中式按摩休閒舒壓經絡按摩刮痧精油按摩局部護理臉部護膚足湯芳療SPA泰式SPA被動式瑜伽踩背",22.616130985607,120.310403024922
"1646","巧可美容美體館","600台灣嘉義市西區友竹街60號","全身按摩半身按摩肩頸按摩背部按摩指壓油壓泰式按摩越式按摩中式按摩休閒舒壓經絡按摩中式推拿刮痧精油按摩芳香按摩局部護理芳療SPA美容SPA泰式SPA被動式瑜伽全身去角質",23.484164105488,120.437575523014
"1647","如意泰式養生館","802台灣高雄市苓雅區三多二路192號","全身按摩半身按摩腳底按摩肩頸按摩背部按摩指壓油壓泰式按摩泰式古法越式按摩中式按摩休閒舒壓經絡按摩中式推拿拔罐刮痧精油按摩局部護理足湯芳療SPA泰式SPA被動式瑜伽踩背",22.619181998362,120.320041962117
"1648","貴族足體按摩養生館","802台灣高雄市苓雅區正言路91號","全身按摩半身按摩腳底按摩肩頸按摩背部按摩指壓油壓中式按摩足反射按摩經絡按摩中式推拿精油按摩局部護理足湯",22.631971986327,120.330515988325
"1649","佳殿養生館SPA","800台灣高雄市新興區六合一路53-10號","全身按摩半身按摩腳底按摩肩頸按摩背部按摩指壓油壓泰式按摩泰式古法越式按摩中式按摩休閒舒壓經絡按摩中式推拿刮痧精油按摩局部護理足湯芳療SPA泰式SPA被動式瑜伽踩背",22.632402983789,120.308924038107
"1650","伊莉SPA養生館","333台灣桃園市龜山區文化三路103號","全身按摩半身按摩肩頸按摩背部按摩指壓油壓泰式按摩越式按摩中式按摩休閒舒壓經絡按摩中式推拿刮痧精油按摩局部護理芳療SPA泰式SPA被動式瑜伽踩背",25.057572012328,121.364015965426
"1651","金皇泰式養生館","802台灣高雄市苓雅區三多三路108號","全身按摩半身按摩腳底按摩肩頸按摩背部按摩指壓油壓泰式按摩泰式古法越式按摩中式按摩休閒舒壓經絡按摩刮痧精油按摩局部護理足湯芳療SPA泰式SPA被動式瑜伽踩背",22.616339988362,120.311028985451
"1652","金皇殿泰式按摩","802台灣高雄市苓雅區三多三路202","全身按摩半身按摩腳底按摩肩頸按摩背部按摩指壓油壓泰式按摩泰式古法越式按摩中式按摩休閒舒壓經絡按摩精油按摩局部護理足湯芳療SPA泰式SPA被動式瑜伽踩背",22.61560699093,120.30883896179
"1653","虹佳麗養生館","802台灣高雄市苓雅區三多二路154號","全身按摩半身按摩肩頸按摩背部按摩指壓油壓泰式按摩越式按摩中式按摩休閒舒壓經絡按摩中式推拿刮痧精油按摩局部護理芳療SPA美容SPA泰式SPA被動式瑜伽踩背",22.61947398196,120.320889037252
"1654","凱麗男女SPA","802台灣高雄市苓雅區三多二路225號","全身按摩半身按摩肩頸按摩背部按摩指壓油壓泰式按摩越式按摩中式按摩休閒舒壓經絡按摩中式推拿刮痧精油按摩局部護理芳療SPA泰式SPA被動式瑜伽",22.619266990861,120.321318023056
"1655","茉香泰式推拿養生館","802台灣高雄市苓雅區四維三路53號","全身按摩腳底按摩肩頸按摩背部按摩指壓油壓泰式按摩泰式古法峇里島式按摩越式按摩中式按摩芳香療法按摩休閒舒壓經絡按摩刮痧精油按摩芳香按摩局部護理足湯芳療SPA泰式SPA被動式瑜伽踩背",22.619054006701,120.310380980517
"1656","大唐養生會館","802台灣高雄市苓雅區林南街21號","全身按摩腳底按摩指壓油壓中式按摩休閒舒壓經絡按摩中式推拿拔罐刮痧精油按摩局部護理足湯",22.625652995252,120.315726958362
"1657","伊芳泰式養生會館","802台灣高雄市苓雅區和平一路40號","全身按摩半身按摩腳底按摩肩頸按摩背部按摩指壓油壓泰式按摩泰式古法越式按摩中式按摩休閒舒壓經絡按摩中式推拿刮痧精油按摩局部護理芳療SPA泰式SPA被動式瑜伽踩背",22.620907999864,120.321722030789
"1658","紫妍養生會館","600台灣嘉義市西區上海路216號","全身按摩半身按摩肩頸按摩背部按摩指壓油壓泰式按摩越式按摩中式按摩休閒舒壓經絡按摩中式推拿刮痧精油按摩局部護理芳療SPA泰式SPA被動式瑜伽",23.466979988602,120.433320030772
"1659","柏宏腳底按摩","802台灣高雄市苓雅區苓雅一路244號","腳底按摩指壓油壓中式按摩運動按摩穴道按摩足反射按摩經絡按摩中式推拿",22.621192984572,120.310537973563
"1660","吳神父足體養生館","802台灣高雄市苓雅區自強三路58號","半身按摩腳底按摩肩頸按摩背部按摩指壓中式按摩經絡按摩中式推拿拔罐刮痧局部護理修凍甲修腳皮足湯掏耳朵",22.612886015611,120.300247008121
"1661","宜絃美容SPA會館","105台灣台北市松山區塔悠路87號","全身按摩半身按摩肩頸按摩背部按摩指壓油壓泰式按摩峇里島式按摩歐式按摩中式按摩休閒舒壓經絡按摩中式推拿精油按摩局部護理臉部護膚芳療SPA美容SPA泰式SPA歐式SPA被動式瑜伽",25.052143011732,121.570494008051
"1662","莧鈺養生會館","802台灣高雄市苓雅區三多一路77號","全身按摩半身按摩肩頸按摩背部按摩指壓油壓泰式按摩越式按摩中式按摩休閒舒壓經絡按摩中式推拿刮痧精油按摩局部護理芳療SPA泰式SPA被動式瑜伽踩背",22.623531996563,120.333809992454
"1663","漫越美養生館(歇業)","510台灣彰化縣員林市中山路一段129號","全身按摩半身按摩肩頸按摩背部按摩指壓油壓泰式按摩越式按摩中式按摩休閒舒壓經絡按摩中式推拿刮痧精油按摩局部護理芳療SPA泰式SPA被動式瑜伽踩背",23.94501011071,120.562535198667
"1664","泰華泰式養生館","802台灣高雄市苓雅區三多二路267號","全身按摩半身按摩腳底按摩肩頸按摩背部按摩指壓油壓泰式按摩泰式古法越式按摩中式按摩休閒舒壓經絡按摩中式推拿刮痧精油按摩局部護理足湯芳療SPA泰式SPA被動式瑜伽踩背",22.618933013929,120.320327030644
"1665","泰越推拿","900台灣屏東縣屏東市復興路241-1號","全身按摩半身按摩腳底按摩肩頸按摩背部按摩指壓油壓泰式按摩泰式古法越式按摩中式按摩休閒舒壓經絡按摩中式推拿拔罐刮痧精油按摩局部護理臉部護膚修腳皮足湯芳療SPA美容SPA泰式SPA被動式瑜伽踩背",22.663788014401,120.48827002779
"1666","泰上皇SPA養生館","802台灣高雄市苓雅區復興二路126號","全身按摩半身按摩腳底按摩肩頸按摩背部按摩指壓油壓泰式按摩泰式古法越式按摩中式按摩休閒舒壓經絡按摩刮痧精油按摩局部護理芳療SPA泰式SPA被動式瑜伽踩背",22.620100990227,120.310461027692
"1667","888泰式推拿","900台灣屏東縣屏東市自由路299號","全身按摩半身按摩肩頸按摩背部按摩指壓油壓泰式按摩泰式古法越式按摩中式按摩休閒舒壓經絡按摩中式推拿刮痧精油按摩局部護理芳療SPA泰式SPA被動式瑜伽全身去角質踩背",22.677196000087,120.496872961753
"1668","金金殿泰式按摩","802台灣高雄市苓雅區林森二路5號","全身按摩半身按摩肩頸按摩背部按摩指壓油壓泰式按摩泰式古法越式按摩中式按摩休閒舒壓經絡按摩中式推拿刮痧精油按摩局部護理芳療SPA泰式SPA被動式瑜伽踩背",22.615659000639,120.308181988219
"1669","曼谷健康養生館","802台灣高雄市苓雅區正義路264號","全身按摩半身按摩腳底按摩肩頸按摩背部按摩指壓油壓泰式按摩泰式古法越式按摩休閒舒壓經絡按摩中式推拿刮痧精油按摩局部護理芳療SPA泰式SPA被動式瑜伽踩背",22.633363005069,120.341407014216
"1670","大總領養生會館 – 中清店","404台灣台中市北區中清路一段91號","全身按摩半身按摩肩頸按摩背部按摩指壓油壓泰式按摩越式按摩中式按摩休閒舒壓經絡按摩中式推拿刮痧精油按摩局部護理芳療SPA泰式SPA被動式瑜伽踩背",24.155213993115,120.676777018549
"1671","有你真好養生館","802台灣高雄市苓雅區自強三路20巷9號","全身按摩半身按摩肩頸按摩背部按摩指壓油壓泰式按摩越式按摩中式按摩休閒舒壓經絡按摩中式推拿刮痧精油按摩局部護理芳療SPA泰式SPA被動式瑜伽",22.611822980741,120.300965001947
"1672","風鈴美容養生舘","802台灣高雄市苓雅區凱旋三路513號","全身按摩半身按摩肩頸按摩背部按摩指壓油壓泰式按摩中式按摩休閒舒壓經絡按摩中式推拿刮痧精油按摩局部護理芳療SPA泰式SPA被動式瑜伽",22.614413994651,120.327165993083
"1673","纖姿美容養生會館","900台灣屏東縣屏東市中正路688巷2號","全身按摩半身按摩肩頸按摩背部按摩指壓油壓泰式按摩台式按摩中式按摩休閒舒壓經絡按摩中式推拿刮痧精油按摩局部護理芳療SPA泰式SPA被動式瑜伽踩背",22.688589982078,120.499032978201
"1674","佳麗養生會館","802台灣高雄市苓雅區建國一路139-4號","全身按摩半身按摩肩頸按摩背部按摩指壓油壓泰式按摩越式按摩中式按摩休閒舒壓經絡按摩中式推拿刮痧精油按摩局部護理芳療SPA泰式SPA被動式瑜伽踩背",22.632250014056,120.330395037462
"1675","足歡喜養生館","802台灣高雄市苓雅區正言路121號","全身按摩腳底按摩肩頸按摩背部按摩指壓油壓中式按摩經絡按摩中式推拿精油按摩局部護理",22.634337988046,120.331645030683
"1676","越佳人健康養生館","815台灣高雄市大社區三民路199號","全身按摩半身按摩肩頸按摩背部按摩指壓油壓泰式按摩越式按摩中式按摩休閒舒壓經絡按摩中式推拿刮痧精油按摩局部護理芳療SPA泰式SPA被動式瑜伽",22.724468006158,120.348769007413
"1677","明幸舒壓美容","236台灣新北市土城區中央路二段372號","全身按摩半身按摩腳底按摩肩頸按摩背部按摩指壓油壓泰式按摩越式按摩中式按摩休閒舒壓經絡按摩中式推拿拔罐刮痧精油按摩局部護理臉部護膚芳療SPA泰式SPA被動式瑜伽全身去角質",24.971464008545,121.439788034856
"1678","泰舒活足體時尚館","236台灣新北市土城區金城路三段255號","全身按摩腳底按摩肩頸按摩背部按摩指壓油壓泰式按摩泰式古法越式按摩中式按摩休閒舒壓經絡按摩中式推拿刮痧精油按摩局部護理芳療SPA泰式SPA被動式瑜伽踩背",24.990226018704,121.471900027931
"1679","小美美容舒壓會館(舊玉玲)","241台灣新北市三重區三和路四段167巷10號","全身按摩半身按摩腳底按摩肩頸按摩背部按摩指壓油壓泰式按摩越式按摩中式按摩休閒舒壓經絡按摩中式推拿拔罐刮痧精油按摩局部護理臉部護膚修腳皮芳療SPA美容SPA泰式SPA被動式瑜伽",25.078991001974,121.483253986334
"1680","星聚堡美容館(舊金巴黎)","108台灣台北市萬華區西園路一段41號","全身按摩半身按摩肩頸按摩背部按摩指壓油壓泰式按摩越式按摩中式按摩休閒舒壓經絡按摩中式推拿刮痧精油按摩局部護理芳療SPA泰式SPA被動式瑜伽踩背",25.040618984513,121.499999017222
"1681","信安按摩 – 高雄三多三店","802台灣高雄市苓雅區三多三路218-6號","半身按摩腳底按摩肩頸按摩背部按摩指壓中式按摩穴道按摩足反射按摩經絡按摩中式推拿局部護理",22.615024993483,120.30709896251
"1682","七龍精典泰式按摩","802台灣高雄市苓雅區216 三多三路","全身按摩半身按摩肩頸按摩背部按摩指壓油壓泰式按摩泰式古法越式按摩中式按摩休閒舒壓經絡按摩拔罐刮痧精油按摩熱石按摩局部護理足湯芳療SPA泰式SPA被動式瑜伽踩背",22.615165013175,120.307499030748
"1683","鉑倫SPA養生會館","302台灣新竹縣竹北市科大二街28號","全身按摩半身按摩肩頸按摩背部按摩指壓油壓泰式按摩中式按摩休閒舒壓經絡按摩中式推拿刮痧精油按摩局部護理芳療SPA美容SPA泰式SPA歐式SPA掏耳朵被動式瑜伽",24.821464989717,121.007312005855
"1684","大唐養生會館 – 四維店","802台灣高雄市苓雅區四維二路114號","全身按摩腳底按摩肩頸按摩背部按摩指壓油壓中式按摩休閒舒壓經絡按摩中式推拿精油按摩局部護理足湯",22.621760020322,120.316975023745
"1685","雅舍SPA養生館","262台灣宜蘭縣礁溪鄉德陽路159號","全身按摩腳底按摩肩頸按摩背部按摩指壓油壓泰式按摩中式按摩休閒舒壓經絡按摩中式推拿拔罐刮痧精油按摩熱石按摩局部護理芳療SPA泰式SPA全身去角質",24.828568987934,121.767251976657
"1686","鼎裕按摩工作室(櫻花SPA)","807台灣高雄市三民區昌裕街190巷2弄5號","全身按摩半身按摩肩頸按摩背部按摩指壓油壓泰式按摩越式按摩中式按摩休閒舒壓經絡按摩中式推拿拔罐刮痧精油按摩局部護理芳療SPA泰式SPA被動式瑜伽",22.653245005129,120.329188965414
"1687","今薇泰式養生館","802台灣高雄市苓雅區建國一路74-2號","全身按摩半身按摩肩頸按摩背部按摩指壓油壓泰式按摩泰式古法越式按摩中式按摩休閒舒壓經絡按摩中式推拿拔罐刮痧精油按摩局部護理臉部護膚芳療SPA泰式SPA被動式瑜伽踩背",22.631021017503,120.335230976499
"1688","月央雪SPA養生館(舊大鈺兒)","802台灣高雄市苓雅區建國一路74-13號","全身按摩半身按摩肩頸按摩背部按摩指壓油壓泰式按摩越式按摩台式按摩中式按摩休閒舒壓經絡按摩中式推拿拔罐刮痧精油按摩局部護理芳療SPA泰式SPA被動式瑜伽踩背",22.631193014156,120.334836021222
"1689","櫻花養生館","802台灣高雄市苓雅區建國一路74-20號","全身按摩半身按摩肩頸按摩背部按摩指壓油壓泰式按摩越式按摩中式按摩休閒舒壓經絡按摩中式推拿刮痧精油按摩局部護理芳療SPA泰式SPA被動式瑜伽踩背",22.631287981119,120.334539972402
"1690","順新泰式養生館","807台灣高雄市三民區九如二路397號","全身按摩半身按摩肩頸按摩背部按摩指壓油壓泰式按摩越式按摩中式按摩休閒舒壓經絡按摩中式推拿刮痧精油按摩局部護理芳療SPA泰式SPA被動式瑜伽踩背",22.64105101239,120.301334979153
"1691","雲頂健康會館","247台灣新北市蘆洲區長榮路21號2樓","全身按摩半身按摩肩頸按摩背部按摩指壓油壓泰式按摩越式按摩中式按摩休閒舒壓經絡按摩中式推拿刮痧精油按摩局部護理芳療SPA泰式SPA被動式瑜伽",25.082164013331,121.463420978497
"1692","日月明養生館(舊佳緣)","802台灣高雄市苓雅區建國一路228號","全身按摩半身按摩肩頸按摩背部按摩指壓油壓泰式按摩越式按摩台式按摩中式按摩休閒舒壓經絡按摩中式推拿刮痧精油按摩局部護理芳療SPA泰式SPA掏耳朵被動式瑜伽",22.633099980947,120.327625991929
"1693","152足體養生會館 – 蓮潭館","813台灣高雄市左營區崇德路540號","全身按摩半身按摩腳底按摩肩頸按摩背部按摩指壓油壓中式按摩經絡按摩中式推拿拔罐刮痧精油按摩局部護理臉部護膚修凍甲修腳皮足湯美容SPA掏耳朵",22.677724018077,120.301029961696
"1694","152足體養生會館 – 重愛館","813台灣高雄市左營區重愛路364號","全身按摩半身按摩腳底按摩肩頸按摩背部按摩指壓油壓中式按摩經絡按摩中式推拿拔罐刮痧精油按摩局部護理臉部護膚修凍甲修腳皮足湯美容SPA掏耳朵",22.687720988266,120.313171986636
"1695","優活男女養生館","813台灣高雄市左營區自由二路142-1號2樓","全身按摩腳底按摩肩頸按摩背部按摩指壓油壓越式按摩中式按摩休閒舒壓經絡按摩中式推拿拔罐刮痧精油按摩局部護理",22.661867007921,120.308833010639
"1696","優活美研館 – 富民分店","813台灣高雄市左營區富民路291號2樓","全身按摩肩頸按摩背部按摩指壓油壓泰式按摩越式按摩中式按摩休閒舒壓經絡按摩中式推拿精油按摩局部護理芳療SPA泰式SPA被動式瑜伽",22.663823008846,120.30490097604
"1697","媚麗登太極香薰館","813台灣高雄市左營區孟子路366號","全身按摩半身按摩肩頸按摩背部按摩指壓油壓峇里島式按摩歐式按摩芳香療法按摩深層組織按摩芳香按摩臉部護膚芳療SPA美容SPA",22.675285009982,120.308933006743
"1698","新金典男女SPA會館(舊晶典)","236台灣新北市土城區清水路322號","全身按摩半身按摩肩頸按摩背部按摩指壓油壓泰式按摩越式按摩台式按摩中式按摩休閒舒壓經絡按摩中式推拿刮痧精油按摩局部護理芳療SPA泰式SPA被動式瑜伽踩背",24.985244988923,121.463882989
"1699","奇蹟養生館","900台灣屏東縣屏東市和平路362號","全身按摩半身按摩肩頸按摩背部按摩指壓油壓泰式按摩越式按摩中式按摩休閒舒壓經絡按摩中式推拿刮痧精油按摩局部護理芳療SPA泰式SPA被動式瑜伽踩背",22.675672002451,120.478162961303
"1700","可采推拿指壓","900台灣屏東縣屏東市公園路68號","全身按摩半身按摩肩頸按摩背部按摩指壓油壓中式按摩經絡按摩中式推拿拔罐刮痧精油按摩",22.675438985543,120.486791040975
"1701","清邁泰式按摩","900台灣屏東縣屏東市復興南路一段671號","全身按摩腳底按摩肩頸按摩背部按摩指壓油壓泰式按摩泰式古法越式按摩中式按摩休閒舒壓經絡按摩精油按摩局部護理芳療SPA泰式SPA被動式瑜伽踩背",22.640409000516,120.485770041349
"1702","喜樂全身推拿","900台灣屏東縣屏東市大連路3-2號","全身按摩肩頸按摩背部按摩指壓油壓中式按摩經絡按摩中式推拿拔罐刮痧精油按摩局部護理",22.684177999703,120.510670999303
"1703","KH時尚舒壓會館","320台灣桃園市中壢區環北路180號","全身按摩半身按摩肩頸按摩背部按摩指壓油壓中式按摩休閒舒壓精油按摩芳療SPA",24.966016986857,121.22162696031
"1704","五星級時尚養生館","200台灣基隆市仁愛區仁三路11-11號","全身按摩半身按摩腳底按摩肩頸按摩背部按摩指壓油壓泰式按摩越式按摩中式按摩休閒舒壓經絡按摩中式推拿刮痧精油按摩局部護理芳療SPA泰式SPA被動式瑜伽踩背",25.12794898596,121.743833023004
"1705","真貞男女養生館","330台灣桃園市桃園區介壽路150號","全身按摩腳底按摩肩頸按摩背部按摩指壓油壓越式按摩中式按摩經絡按摩中式推拿拔罐刮痧精油按摩",24.983983512495,121.309844982489
"1706","泰SPA泰式推拿","813台灣高雄市左營區富民路122號","全身按摩腳底按摩肩頸按摩背部按摩指壓油壓泰式按摩泰式古法芳香療法按摩經絡按摩刮痧精油按摩局部護理臉部護膚孕婦按摩足湯泰式SPA被動式瑜伽踩背",22.660746012191,120.305427024283
"1707","明玥養生美妍館","813台灣高雄市左營區文自路682號","全身按摩半身按摩肩頸按摩背部按摩指壓油壓泰式按摩中式按摩休閒舒壓經絡按摩中式推拿精油按摩臉部護膚芳療SPA美容SPA泰式SPA",22.682037010175,120.312940981385
"1708","足天下養生館-曾子店","813台灣高雄市左營區曾子路7號","全身按摩半身按摩腳底按摩肩頸按摩背部按摩指壓油壓中式按摩穴道按摩經絡按摩中式推拿精油按摩足湯",22.676022994647,120.312155010324
"1709","越樂園養生館","900台灣屏東縣屏東市勝利里太原路20號","全身按摩半身按摩肩頸按摩背部按摩指壓油壓泰式按摩越式按摩中式按摩休閒舒壓經絡按摩中式推拿刮痧精油按摩局部護理芳療SPA泰式SPA被動式瑜伽踩背",22.683652999198,120.485270982834
"1710","巧緣泰式養生館(舊蘇菲亞泰式)","813台灣高雄市左營區左營大路507號","全身按摩肩頸按摩背部按摩指壓油壓泰式按摩泰式古法越式按摩中式按摩休閒舒壓經絡按摩刮痧精油按摩局部護理足湯泰式SPA被動式瑜伽",22.690614002147,120.296360990171
"1711","立㚹足體養生館","813台灣高雄市左營區民族一路949號","全身按摩半身按摩腳底按摩肩頸按摩背部按摩指壓油壓台式按摩中式按摩穴道按摩休閒舒壓經絡按摩中式推拿拔罐刮痧精油按摩局部護理足湯芳療SPA被動式瑜伽",22.682055995186,120.319323968291
"1712","身心靈足體養護館","813台灣高雄市左營區子華路38號","半身按摩腳底按摩肩頸按摩背部按摩指壓中式按摩運動按摩穴道按摩足反射按摩經絡按摩中式推拿",22.675116994733,120.311844963726
"1713","百合養生館","813台灣高雄市左營區軍校路206號","全身按摩半身按摩肩頸按摩背部按摩指壓油壓中式按摩休閒舒壓經絡按摩中式推拿刮痧精油按摩局部護理",22.692890988054,120.292644035207
"1714","知足養生館","813台灣高雄市左營區自由四路478號","全身按摩半身按摩腳底按摩肩頸按摩背部按摩指壓油壓中式按摩經絡按摩中式推拿拔罐刮痧精油按摩足湯",22.687116988323,120.31875701636
"1715","雪絨美容工作室","241台灣新北市三重區仁愛街357巷19號","全身按摩肩頸按摩背部按摩指壓油壓泰式按摩越式按摩中式按摩休閒舒壓經絡按摩中式推拿刮痧精油按摩局部護理芳療SPA泰式SPA",25.08027951004,121.492445916632
"1716","幸福小站芳療館","722台灣台南市佳里區義民街150號","全身按摩肩頸按摩背部按摩指壓中式按摩芳香療法按摩休閒舒壓經絡按摩中式推拿芳香按摩臉部護膚芳療SPA美容SPA",23.161715014447,120.177188096651
"1717","喜越男女養生會館(舊銀璽)","108台灣台北市萬華區和平西路三段57-1號","全身按摩半身按摩肩頸按摩背部按摩指壓油壓泰式按摩越式按摩台式按摩中式按摩休閒舒壓經絡按摩中式推拿拔罐刮痧精油按摩局部護理芳療SPA泰式SPA被動式瑜伽踩背",25.035352006105,121.502275961219
"1718","采新SPA生活館","812台灣高雄市小港區宏平路9號","全身按摩半身按摩肩頸按摩背部按摩指壓油壓泰式按摩越式按摩台式按摩中式按摩休閒舒壓經絡按摩中式推拿刮痧精油按摩局部護理芳療SPA泰式SPA被動式瑜伽踩背",22.572247992536,120.365415970034
"1719","越世界舒壓健康館","103台灣台北市大同區環河北路二段75號","全身按摩半身按摩腳底按摩肩頸按摩背部按摩指壓油壓泰式按摩越式按摩中式按摩休閒舒壓經絡按摩中式推拿精油按摩局部護理芳療SPA泰式SPA被動式瑜伽踩背",25.065519984376,121.508965977239
"1720","妙珊美體美容坊","640台灣雲林縣斗六市大學路一段593號","全身按摩半身按摩肩頸按摩背部按摩指壓油壓泰式按摩越式按摩中式按摩休閒舒壓經絡按摩中式推拿拔罐刮痧精油按摩局部護理芳療SPA泰式SPA被動式瑜伽踩背",23.704256999169,120.554822003727
"1721","雅姿養生館","813台灣高雄市左營區華夏路203號","全身按摩半身按摩肩頸按摩背部按摩指壓油壓泰式按摩越式按摩中式按摩休閒舒壓經絡按摩中式推拿刮痧精油按摩局部護理芳療SPA泰式SPA被動式瑜伽踩背",22.669641013569,120.296092014898
"1722","金喜泰式養生館","813台灣高雄市左營區明華一路170號","全身按摩半身按摩肩頸按摩背部按摩指壓油壓泰式按摩越式按摩中式按摩休閒舒壓經絡按摩中式推拿刮痧精油按摩局部護理芳療SPA泰式SPA被動式瑜伽踩背",22.663096004474,120.306799980023
"1723","好輕鬆養生館(舊亭亭養生館)","334台灣桃園市八德區介壽路二段75號","全身按摩半身按摩肩頸按摩背部按摩指壓油壓泰式按摩峇里島式按摩越式按摩中式按摩休閒舒壓經絡按摩中式推拿刮痧精油按摩局部護理芳療SPA泰式SPA被動式瑜伽",24.955942316426,121.299068369576
"1724","按摩道-高鐵華夏店","813台灣高雄市左營區華夏路971號","全身按摩半身按摩腳底按摩肩頸按摩背部按摩指壓油壓中式按摩運動按摩理療按摩經絡按摩中式推拿拔罐刮痧精油按摩足湯",22.680857005846,120.304433014386
"1725","龍池足體健康養生館","325台灣桃園市龍潭區龍元路105號","全身按摩半身按摩腳底按摩肩頸按摩背部按摩指壓油壓中式按摩經絡按摩中式推拿拔罐刮痧精油按摩修凍甲修腳皮足湯薰香耳燭",24.864120997891,121.210701987711
"1726","婰雅美容美體精油SPA會館","813台灣高雄市左營區左營大路569號","全身按摩半身按摩肩頸按摩背部按摩指壓油壓泰式按摩越式按摩中式按摩休閒舒壓經絡按摩中式推拿刮痧精油按摩局部護理修腳皮芳療SPA美容SPA泰式SPA被動式瑜伽",22.691283003749,120.29743102393
"1727","越豪美養生館","303台灣新竹縣湖口鄉新興路516號","全身按摩半身按摩肩頸按摩背部按摩指壓油壓泰式按摩泰式古法越式按摩中式按摩休閒舒壓經絡按摩中式推拿刮痧精油按摩局部護理芳療SPA泰式SPA被動式瑜伽踩背",24.877129329256,121.005102219205
"1728","村岡養生會館","813台灣高雄市左營區自由二路422號","全身按摩半身按摩腳底按摩肩頸按摩背部按摩指壓油壓泰式按摩泰式古法越式按摩中式按摩休閒舒壓經絡按摩精油按摩局部護理足湯芳療SPA泰式SPA被動式瑜伽踩背",22.667619005157,120.309587968658
"1729","Y.C’s Therapy Thai Massage。泰式筋絡調理館","241台灣新北市三重區和平街10號","全身按摩半身按摩肩頸按摩頸胸按摩背部按摩指壓油壓泰式按摩泰式古法東方指壓芳香療法按摩深層組織按摩放鬆按摩運動按摩經絡按摩精油按摩足湯泰式SPA被動式瑜伽",25.06261100297,121.500596982194
"1730","極掌養生館","813台灣高雄市左營區文自路266號","全身按摩半身按摩腳底按摩肩頸按摩背部按摩指壓油壓中式按摩經絡按摩中式推拿刮痧精油按摩足湯",22.674304997862,120.308355996529
"1731","華都泰式養生館","813台灣高雄市左營區自由二路276號","全身按摩半身按摩腳底按摩肩頸按摩背部按摩指壓油壓泰式按摩泰式古法越式按摩休閒舒壓經絡按摩中式推拿精油按摩局部護理足湯芳療SPA泰式SPA被動式瑜伽踩背",22.664164990496,120.308418022612
"1732","蘇菲亞泰式養生館(舊菁菁泰式)","813台灣高雄市左營區軍校路632號","全身按摩半身按摩腳底按摩肩頸按摩背部按摩指壓油壓泰式按摩泰式古法中式按摩經絡按摩拔罐刮痧精油按摩足湯泰式SPA被動式瑜伽踩背",22.706076015116,120.293086012962
"1733","花兒養生館(舊新雅築)","813台灣高雄市左營區軍校路13號","全身按摩肩頸按摩背部按摩指壓油壓泰式按摩越式按摩台式按摩中式按摩休閒舒壓經絡按摩中式推拿刮痧精油按摩熱石按摩局部護理芳療SPA泰式SPA被動式瑜伽",22.688821993158,120.292213037746
"1734","泰順殿養生館","237台灣新北市三峽區大成路63號","全身按摩腳底按摩肩頸按摩背部按摩指壓油壓泰式按摩泰式古法休閒舒壓經絡按摩精油按摩局部護理足湯泰式SPA被動式瑜伽踩背",24.945950794474,121.382142920691
"1735","信安按摩 – 高雄自由二店","813台灣高雄市左營區自由二路304號","全身按摩半身按摩腳底按摩肩頸按摩背部按摩指壓中式按摩穴道按摩足反射按摩經絡按摩中式推拿局部護理",22.664809014026,120.30865196153
"1736","萬合足體養生館","116台灣台北市文山區羅斯福路五段18號","全身按摩腳底按摩肩頸按摩背部按摩指壓油壓中式按摩經絡按摩中式推拿刮痧精油按摩局部護理足湯",25.009326993026,121.53733503145
"1737","禾雅推拿養生館","813台灣高雄市左營區華夏路1525號","全身按摩腳底按摩肩頸按摩背部按摩指壓油壓越式按摩中式按摩休閒舒壓經絡按摩中式推拿刮痧精油按摩足湯",22.688465007901,120.31472900897
"1738","裡享時光養生館","813台灣高雄市左營區文自路830號","全身按摩半身按摩肩頸按摩背部按摩指壓油壓中式按摩經絡按摩中式推拿拔罐刮痧精油按摩",22.684116979448,120.314882984532
"1739","春天養生館","813台灣高雄市左營區華夏路1293號","全身按摩半身按摩肩頸按摩背部按摩指壓油壓泰式按摩泰式古法中式按摩休閒舒壓經絡按摩中式推拿拔罐刮痧精油按摩局部護理芳療SPA泰式SPA被動式瑜伽踩背",22.685640013165,120.310860006283
"1740","水蜜桃養生館","813台灣高雄市左營區華夏路1289號","全身按摩半身按摩肩頸按摩背部按摩指壓油壓泰式按摩泰式古法中式按摩休閒舒壓經絡按摩中式推拿刮痧精油按摩局部護理芳療SPA泰式SPA被動式瑜伽踩背",22.685550997353,120.310822958271
"1741","鹿嶋足湯會館","813606台灣高雄市左營區南屏路307號","全身按摩腳底按摩肩頸按摩背部按摩指壓油壓中式按摩休閒舒壓經絡按摩中式推拿拔罐刮痧精油按摩局部護理修凍甲修腳皮足湯",22.668427984541,120.299363974621
"1742","中國人養生會館","813台灣高雄市左營區博愛三路321號","全身按摩肩頸按摩背部按摩指壓油壓中式按摩休閒舒壓經絡按摩中式推拿拔罐刮痧精油按摩踩背",22.676456003765,120.306030018398
"1743","新美奇按摩","811台灣高雄市楠梓區楠梓新路146號","全身按摩半身按摩肩頸按摩背部按摩指壓中式按摩經絡按摩中式推拿精油按摩",22.725635018538,120.324510019424
"1744","在地人健康養生館","811台灣高雄市楠梓區高楠公路1715號","全身按摩半身按摩肩頸按摩背部按摩指壓油壓中式按摩經絡按摩中式推拿拔罐刮痧精油按摩",22.727444000881,120.321165975333
"1745","8號泰式養生館","811台灣高雄市楠梓區新昌街8號","全身按摩腳底按摩頸胸按摩背部按摩指壓油壓泰式按摩泰式古法越式按摩中式按摩芳香療法按摩休閒舒壓經絡按摩中式推拿刮痧精油按摩芳香按摩局部護理足湯芳療SPA泰式SPA被動式瑜伽踩背",22.708701981562,120.298738014092
"1746","上豪養生館","811台灣高雄市楠梓區後昌路797巷116號","半身按摩肩頸按摩背部按摩指壓中式按摩穴道按摩足反射按摩經絡按摩中式推拿拔罐刮痧局部護理",22.708836008193,120.293898973751
"1747","薩拜迪泰式古法按摩","811台灣高雄市楠梓區楠梓新路152號","全身按摩肩頸按摩背部按摩指壓油壓泰式按摩泰式古法經絡按摩精油按摩足湯泰式SPA被動式瑜伽踩背",22.725729985501,120.324555030244
"1748","景安美容按摩館","235台灣新北市中和區230 景新街","全身按摩半身按摩肩頸按摩頸胸按摩背部按摩指壓油壓東方指壓日式按摩歐式按摩瑞典式按摩中式按摩能量按摩芳香療法按摩深層組織按摩放鬆按摩穴道按摩經絡按摩中式推拿拔罐刮痧精油按摩熱石按摩芳香按摩局部護理臉部護膚芳療SPA美容SPA薰香耳燭太空艙汗蒸全身去角質",24.994185001121,121.508317972304
"1749","金莎SPA養生會館","704台灣台南市北區西門路四段465號","全身按摩半身按摩肩頸按摩背部按摩指壓油壓泰式按摩泰式古法越式按摩中式按摩休閒舒壓經絡按摩中式推拿刮痧精油按摩局部護理芳療SPA泰式SPA被動式瑜伽踩背",23.018295999159,120.212130993703
"1750","沁芳苑護膚美容美療坊","600台灣嘉義市西區友和路91號","全身按摩半身按摩肩頸按摩背部按摩指壓油壓泰式按摩越式按摩中式按摩休閒舒壓經絡按摩中式推拿拔罐刮痧精油按摩臉部護膚芳療SPA美容SPA泰式SPA被動式瑜伽",23.480626020339,120.433609960803
"1751","沐蘭SPA養生會館","807台灣高雄市三民區建國二路49號","全身按摩半身按摩肩頸按摩背部按摩指壓油壓泰式按摩越式按摩中式按摩休閒舒壓經絡按摩中式推拿刮痧精油按摩局部護理芳療SPA泰式SPA被動式瑜伽踩背",22.637168011925,120.312058031704
"1752","曼谷泰式舒活館","807台灣高雄市三民區建工路629號","全身按摩半身按摩腳底按摩肩頸按摩背部按摩指壓油壓泰式按摩泰式古法越式按摩休閒舒壓經絡按摩刮痧精油按摩局部護理足湯芳療SPA泰式SPA被動式瑜伽踩背",22.648077016998,120.31869297862
"1753","美舒泰式養生館","247台灣新北市蘆洲區長榮路262號","全身按摩半身按摩腳底按摩肩頸按摩背部按摩指壓油壓泰式按摩泰式古法越式按摩中式按摩休閒舒壓經絡按摩中式推拿刮痧精油按摩局部護理臉部護膚臉部按摩足湯芳療SPA泰式SPA被動式瑜伽全身去角質踩背",25.086079996585,121.460568030114
"1754","泰國風按摩養生館","811台灣高雄市楠梓區瑞屏路11號","全身按摩半身按摩腳底按摩肩頸按摩背部按摩指壓油壓泰式按摩泰式古法越式按摩中式按摩休閒舒壓經絡按摩中式推拿刮痧精油按摩局部護理足湯芳療SPA泰式SPA被動式瑜伽踩背",22.721519001164,120.312154004496
"1755","皇妃養生館","811台灣高雄市楠梓區旗楠路801號","全身按摩半身按摩腳底按摩肩頸按摩背部按摩指壓油壓泰式按摩泰式古法越式按摩休閒舒壓經絡按摩中式推拿刮痧精油按摩局部護理足湯芳療SPA泰式SPA被動式瑜伽踩背",22.739710999997,120.336036980309
"1756","十八男女養生會館-桃園中正店","330台灣桃園市桃園區中正路728號","全身按摩肩頸按摩背部按摩指壓油壓泰式按摩歐式按摩台式按摩中式按摩休閒舒壓經絡按摩中式推拿拔罐刮痧精油按摩局部護理臉部護膚芳療SPA泰式SPA歐式SPA薰香耳燭被動式瑜伽全身去角質踩背",25.008116310932,121.30279479609
"1757","姿越養生館(舊金晶養生館)","542台灣南投縣草屯鎮太平路一段472-1號","全身按摩半身按摩肩頸按摩背部按摩指壓油壓中式按摩休閒舒壓經絡按摩中式推拿刮痧精油按摩局部護理臉部護膚踩背",23.967690995879,120.682779969965
"1758","風采美容舒壓館","542台灣南投縣草屯鎮太平路一段543號","全身按摩半身按摩肩頸按摩背部按摩指壓油壓泰式按摩越式按摩中式按摩休閒舒壓經絡按摩中式推拿拔罐刮痧精油按摩局部護理芳療SPA泰式SPA被動式瑜伽",23.968617782913,120.682511581426
"1759","足金礦腳底按摩","542台灣南投縣草屯鎮虎山路764號2樓","全身按摩半身按摩腳底按摩肩頸按摩背部按摩指壓油壓台式按摩中式按摩穴道按摩休閒舒壓經絡按摩中式推拿拔罐刮痧精油按摩修凍甲修腳皮足湯",23.975597812783,120.68598261135
"1760","玫瑰山會館(舊越美恆)","542台灣南投縣草屯鎮太平路二段52號","全身按摩半身按摩肩頸按摩背部按摩指壓油壓泰式按摩泰式古法越式按摩台式按摩中式按摩休閒舒壓經絡按摩中式推拿刮痧精油按摩局部護理芳療SPA泰式SPA被動式瑜伽踩背",23.97055370918,120.683174925243
"1761","晶楓SPA養生會館(舊十號)","811台灣高雄市楠梓區軍校路911號","全身按摩半身按摩肩頸按摩背部按摩指壓油壓泰式按摩泰式古法越式按摩中式按摩休閒舒壓經絡按摩中式推拿刮痧精油按摩局部護理足湯芳療SPA泰式SPA被動式瑜伽踩背",22.710671016346,120.292296018588
"1762","紅地毯養生會館","722台灣台南市佳里區佳東路288號","全身按摩半身按摩肩頸按摩背部按摩指壓油壓泰式按摩越式按摩中式按摩休閒舒壓經絡按摩中式推拿刮痧精油按摩局部護理芳療SPA泰式SPA被動式瑜伽踩背",23.156294018569,120.183906862598
"1763","夏威夷舒壓會館","265台灣宜蘭縣羅東鎮純精路二段17號","全身按摩半身按摩肩頸按摩背部按摩指壓油壓泰式按摩越式按摩台式按摩中式按摩休閒舒壓經絡按摩中式推拿刮痧精油按摩局部護理芳療SPA泰式SPA被動式瑜伽踩背",24.674773008877,121.763425973134
"1764","滿足養生舘","351台灣苗栗縣頭份市和平路228號","全身按摩腳底按摩肩頸按摩背部按摩指壓油壓中式按摩經絡按摩中式推拿拔罐刮痧精油按摩修凍甲修腳皮足湯",24.687359987147,120.903399959627
"1765","悟泰式紓壓養生館","302台灣新竹縣竹北市台元街15號","全身按摩腳底按摩肩頸按摩背部按摩指壓油壓泰式按摩泰式古法經絡按摩拔罐精油按摩足湯泰式SPA被動式瑜伽",24.839159983601,121.011670008773
"1766","娜美養生館","807台灣高雄市三民區九如二路254號","全身按摩半身按摩肩頸按摩背部按摩指壓油壓泰式按摩越式按摩中式按摩休閒舒壓經絡按摩中式推拿精油按摩局部護理芳療SPA泰式SPA被動式瑜伽踩背",22.641206999608,120.305515034267
"1767","盈盈養生館(舊禾庭)","811台灣高雄市楠梓區德民路508號","全身按摩半身按摩肩頸按摩背部按摩指壓油壓泰式按摩越式按摩中式按摩休閒舒壓經絡按摩中式推拿拔罐刮痧精油按摩熱石按摩局部護理芳療SPA泰式SPA被動式瑜伽踩背筋骨整復",22.723852984013,120.298555037146
"1768","金高尚養生館","811台灣高雄市楠梓區旗楠路941號","全身按摩半身按摩肩頸按摩背部按摩指壓油壓泰式按摩越式按摩中式按摩休閒舒壓經絡按摩中式推拿刮痧精油按摩局部護理芳療SPA泰式SPA被動式瑜伽",22.743410017688,120.339862983832
"1769","美美泰式養生館","811台灣高雄市楠梓區藍昌路331號","全身按摩半身按摩肩頸按摩背部按摩指壓油壓泰式按摩泰式古法越式按摩中式按摩休閒舒壓經絡按摩中式推拿刮痧精油按摩局部護理芳療SPA泰式SPA被動式瑜伽踩背",22.722835001872,120.290886014835
"1770","靚點SPA養生館","811台灣高雄市楠梓區後昌路1006號","全身按摩半身按摩肩頸按摩背部按摩指壓油壓泰式按摩越式按摩中式按摩休閒舒壓經絡按摩中式推拿刮痧精油按摩局部護理足湯芳療SPA泰式SPA被動式瑜伽踩背",22.715887996701,120.293163964661
"1771","厤卿養生會館","811台灣高雄市楠梓區後昌新路31號","全身按摩肩頸按摩背部按摩指壓油壓越式按摩中式按摩經絡按摩中式推拿拔罐刮痧精油按摩局部護理臉部護膚美容SPA薰香耳燭",22.718742998652,120.291574001448
"1772","時光筋絡養生館(舊歡盈養生館)","811台灣高雄市楠梓區後昌新路89號","全身按摩半身按摩肩頸按摩背部按摩指壓油壓泰式按摩泰式古法越式按摩中式按摩休閒舒壓經絡按摩中式推拿刮痧精油按摩局部護理芳療SPA泰式SPA被動式瑜伽",22.719911980778,120.291234031455
"1773","13泰式養生館","811台灣高雄市楠梓區後昌新路73號","全身按摩半身按摩肩頸按摩背部按摩指壓油壓泰式按摩泰式古法越式按摩中式按摩休閒舒壓經絡按摩中式推拿刮痧精油按摩局部護理芳療SPA泰式SPA被動式瑜伽踩背",22.719599000513,120.291342996197
"1774","美麗新世界泰式養生館(美麗新世紀)","802台灣高雄市苓雅區建國一路278號","全身按摩半身按摩腳底按摩肩頸按摩背部按摩指壓油壓泰式按摩泰式古法越式按摩中式按摩休閒舒壓經絡按摩中式推拿拔罐刮痧精油按摩局部護理芳療SPA泰式SPA被動式瑜伽踩背",22.633082001765,120.326459985378
"1775","嘉綺泰式養生館","811台灣高雄市楠梓區德民路488號","全身按摩半身按摩肩頸按摩背部按摩指壓油壓泰式按摩泰式古法越式按摩中式按摩休閒舒壓經絡按摩中式推拿刮痧精油按摩局部護理芳療SPA泰式SPA被動式瑜伽",22.72413201757,120.298935994645
"1776","足怡足體養生會館","811台灣高雄市楠梓區興楠路58-1號","全身按摩半身按摩腳底按摩肩頸按摩背部按摩指壓中式按摩穴道按摩足反射按摩經絡按摩中式推拿精油按摩臉部護膚修腳皮足湯",22.731848020447,120.338520035305
"1777","心滿憶足養身館","110台灣台北市信義區松山路407號","全身按摩半身按摩腳底按摩肩頸按摩指壓油壓中式按摩經絡按摩中式推拿拔罐刮痧精油按摩修凍甲修腳皮足湯全身去角質",25.041394981109,121.578035960709
"1778","富峯養生會館","704台灣台南市北區長榮路五段3號","全身按摩半身按摩肩頸按摩背部按摩指壓油壓泰式按摩泰式古法中式按摩休閒舒壓經絡按摩中式推拿拔罐刮痧精油按摩局部護理芳療SPA泰式SPA被動式瑜伽踩背",23.007868492514,120.220594704254
"1779","沐水養生館","946台灣屏東縣恆春鎮鎮省北路83號","全身按摩肩頸按摩背部按摩指壓油壓中式按摩經絡按摩中式推拿刮痧精油按摩",22.010962982667,120.744107002739
"1780","琴海養生館","811台灣高雄市楠梓區德民路686號","全身按摩半身按摩肩頸按摩背部按摩指壓油壓泰式按摩越式按摩中式按摩休閒舒壓經絡按摩中式推拿精油按摩局部護理芳療SPA泰式SPA被動式瑜伽踩背",22.722273865492,120.294531299363
"1781","雅薇男女SPA養生館","811台灣高雄市楠梓區右昌街373號","全身按摩肩頸按摩指壓油壓泰式按摩越式按摩台式按摩中式按摩休閒舒壓經絡按摩中式推拿刮痧精油按摩局部護理臉部護膚修腳皮芳療SPA美容SPA泰式SPA被動式瑜伽踩背",22.714957982635,120.288503039763
"1782","小可男女養生舘","811台灣高雄市楠梓區土庫路36號","全身按摩半身按摩肩頸按摩背部按摩指壓油壓中式按摩休閒舒壓經絡按摩中式推拿刮痧精油按摩熱石按摩局部護理",22.736445997253,120.332117015651
"1783","彤芯養生會館(舊艾莉絲)","811台灣高雄市楠梓區藍昌路469號","全身按摩半身按摩腳底按摩肩頸按摩背部按摩指壓油壓泰式按摩越式按摩中式按摩休閒舒壓經絡按摩刮痧精油按摩局部護理臉部護膚修腳皮足湯芳療SPA泰式SPA歐式SPA被動式瑜伽",22.731452981351,120.292010028051
"1784","天使養生館","302台灣新竹縣竹北市福興路948號","全身按摩半身按摩肩頸按摩背部按摩指壓油壓泰式按摩越式按摩中式按摩休閒舒壓經絡按摩中式推拿刮痧精油按摩局部護理芳療SPA泰式SPA",24.826998009732,121.003359016498
"1785","越海舒壓生活館","320台灣桃園市中壢區環西路3號","全身按摩半身按摩肩頸按摩背部按摩指壓油壓泰式按摩越式按摩中式按摩休閒舒壓經絡按摩中式推拿刮痧精油按摩局部護理臉部護膚芳療SPA泰式SPA被動式瑜伽",24.957666012904,121.206785040538
"1786","三六九養身館(美甲美睫)","811台灣高雄市楠梓區德賢路592巷27號","全身按摩半身按摩腳底按摩肩頸按摩背部按摩指壓油壓中式按摩經絡按摩中式推拿精油按摩臉部護膚",22.726357999596,120.300002005091
"1787","福力美容按摩","720台灣台南市官田區南廍里66號","全身按摩半身按摩腳底按摩肩頸按摩頸胸按摩背部按摩指壓油壓東方指壓日式按摩歐式按摩瑞典式按摩中式按摩能量按摩芳香療法按摩深層組織按摩熱油按摩放鬆按摩穴道按摩休閒舒壓理療按摩經絡按摩中式推拿拔罐刮痧精油按摩熱石按摩芳香按摩局部護理臉部護膚足湯美容SPA歐式SPA薰香耳燭掏耳朵太空艙雙人四手岩盤浴汗蒸全身去角質踩背",23.189743,120.354924
"1788","芯語泰式養生館","811台灣高雄市楠梓區德民路701號","全身按摩半身按摩肩頸按摩背部按摩指壓油壓泰式按摩泰式古法越式按摩台式按摩中式按摩休閒舒壓經絡按摩刮痧精油按摩局部護理芳療SPA泰式SPA被動式瑜伽踩背",22.722002008335,120.295029021937
"1789","真情男女養生館","811台灣高雄市楠梓區藍田路1070號","全身按摩半身按摩肩頸按摩背部按摩指壓油壓泰式按摩越式按摩中式按摩休閒舒壓經絡按摩中式推拿刮痧精油按摩局部護理芳療SPA泰式SPA被動式瑜伽",22.726532007906,120.278500998522
"1790","悅悅容養生會館","621台灣嘉義縣民雄鄉建國路三段198號","全身按摩半身按摩肩頸按摩背部按摩指壓油壓泰式按摩越式按摩中式按摩休閒舒壓經絡按摩中式推拿拔罐刮痧精油按摩局部護理芳療SPA泰式SPA被動式瑜伽",23.525286979752,120.439317031037
"1791","雅欣男女養生館","811台灣高雄市楠梓區右昌街811號","全身按摩半身按摩肩頸按摩背部按摩指壓油壓泰式按摩越式按摩中式按摩休閒舒壓經絡按摩中式推拿刮痧精油按摩局部護理芳療SPA泰式SPA被動式瑜伽",22.720177514014,120.281693147236
"1792","健康美麗SPA","247台灣新北市蘆洲區中山一路122巷31號","全身按摩肩頸按摩背部按摩指壓油壓越式按摩中式按摩經絡按摩拔罐刮痧精油按摩局部護理臉部護膚修凍甲修腳皮掏耳朵全身去角質",25.082342003045,121.476614010277
"1793","清邁星辰泰式養生館","111台灣台北市士林區中正路622號","全身按摩腳底按摩肩頸按摩背部按摩指壓油壓泰式按摩泰式古法經絡按摩精油按摩足湯泰式SPA被動式瑜伽全身去角質",25.086827997624,121.508618966448
"1794","95 SPA 時尚會館","800台灣高雄市新興區七賢二路95號","全身按摩半身按摩肩頸按摩背部按摩指壓油壓泰式按摩越式按摩台式按摩中式按摩休閒舒壓經絡按摩中式推拿精油按摩局部護理芳療SPA泰式SPA被動式瑜伽踩背",22.633933980313,120.298536010226
"1795","芊芊美容美甲工作坊","241台灣新北市三重區雙園街59號","全身按摩肩頸按摩背部按摩指壓油壓泰式按摩越式按摩中式按摩休閒舒壓經絡按摩中式推拿精油按摩局部護理臉部護膚芳療SPA美容SPA泰式SPA被動式瑜伽",25.067597019983,121.494557988595
"1796","采莉男女精油工作室","241台灣新北市三重區自強路五段83號","全身按摩半身按摩肩頸按摩背部按摩指壓油壓泰式按摩越式按摩中式按摩休閒舒壓經絡按摩中式推拿刮痧精油按摩局部護理臉部護膚修凍甲修腳皮芳療SPA美容SPA泰式SPA",25.081808704455,121.494810116242
"1797","葳格SPA會館(舊世界SPA)","830台灣高雄市鳳山區五甲二路133號","全身按摩半身按摩肩頸按摩背部按摩指壓油壓泰式按摩越式按摩中式按摩休閒舒壓經絡按摩中式推拿刮痧精油按摩局部護理芳療SPA泰式SPA被動式瑜伽踩背",22.6014989906,120.340967970128
"1798","愛心盲人按摩館 – 六合夜市","800台灣高雄市新興區六合二路57號","全身按摩半身按摩腳底按摩肩頸按摩背部按摩指壓中式按摩經絡按摩中式推拿局部護理足湯",22.632278009612,120.300060007861
"1799","五心男女(純)按摩會館","800台灣高雄市新興區六合一路79號","全身按摩半身按摩腳底按摩肩頸按摩背部按摩指壓油壓泰式按摩泰式古法越式按摩中式按摩休閒舒壓經絡按摩中式推拿拔罐刮痧精油按摩熱石按摩局部護理臉部護膚足湯芳療SPA美容SPA泰式SPA歐式SPA被動式瑜伽踩背",22.632559012916,120.306965019697
"1800","少商視障按摩小站","800台灣高雄市新興區中東街279號","全身按摩腳底按摩肩頸按摩背部按摩指壓油壓中式按摩經絡按摩中式推拿精油按摩",22.63311100315,120.310728997137
"1801","歐麗舒活館","704台灣台南市北區西門路四段394號","全身按摩半身按摩肩頸按摩背部按摩指壓油壓泰式按摩越式按摩中式按摩休閒舒壓經絡按摩中式推拿刮痧精油按摩局部護理芳療SPA泰式SPA被動式瑜伽雙人四手踩背",23.014891018632,120.210097041079
"1802","東京盲人按摩","800台灣高雄市新興區明星街18號","全身按摩腳底按摩指壓中式按摩經絡按摩中式推拿局部護理",22.634079993066,120.300509026414
"1803","春天來泰式按摩(舊越越紅)","807台灣高雄市三民區嫩江街137號","全身按摩半身按摩肩頸按摩背部按摩指壓油壓泰式按摩越式按摩中式按摩休閒舒壓經絡按摩中式推拿刮痧精油按摩局部護理芳療SPA泰式SPA被動式瑜伽踩背",22.644864987882,120.298452023556
"1804","百齡按摩中心","801台灣高雄市前金區七賢二路313號4樓","全身按摩腳底按摩指壓中式按摩穴道按摩經絡按摩中式推拿局部護理",22.631174993064,120.290413024039
"1805","坎城之星SPA會館","338台灣桃園市蘆竹區南山路一段87-2號","全身按摩半身按摩肩頸按摩背部按摩指壓油壓泰式按摩峇里島式按摩越式按摩中式按摩休閒舒壓經絡按摩中式推拿刮痧精油按摩局部護理芳療SPA泰式SPA被動式瑜伽",25.052617008357,121.291587018078
"1806","紫柔指壓油壓推拿工作室","403台灣台中市西區忠明南路11號","全身按摩指壓油壓穴道按摩休閒舒壓經絡按摩拔罐刮痧精油按摩熱石按摩臉部護膚修凍甲修腳皮美容SPA薰香耳燭全身去角質",24.156105995251,120.659299996057
"1807","伊莉SPA養生會館","800台灣高雄市新興區民族二路97號8樓","全身按摩半身按摩肩頸按摩背部按摩指壓油壓泰式按摩峇里島式按摩越式按摩中式按摩休閒舒壓精油按摩局部護理芳療SPA泰式SPA被動式瑜伽雙人四手踩背",22.632493005429,120.313120018837
"1808","清境足體養生館","800台灣高雄市新興區復興一路70-8號","全身按摩半身按摩腳底按摩肩頸按摩背部按摩指壓油壓泰式按摩泰式古法越式按摩台式按摩中式按摩休閒舒壓經絡按摩中式推拿刮痧精油按摩局部護理足湯芳療SPA泰式SPA被動式瑜伽踩背",22.632012009915,120.308355996529
"1809","經典SPA養生館(清萊泰式)","800台灣高雄市新興區自立二路82號","全身按摩腳底按摩肩頸按摩背部按摩指壓油壓泰式按摩泰式古法越式按摩中式按摩休閒舒壓經絡按摩中式推拿精油按摩局部護理足湯芳療SPA泰式SPA被動式瑜伽踩背",22.631153996396,120.299072032934
"1810","新宿SPA SHINJUKU","800台灣高雄市新興區七賢一路432號4樓","全身按摩半身按摩肩頸按摩背部按摩指壓油壓泰式按摩越式按摩中式按摩休閒舒壓精油按摩局部護理芳療SPA",22.63450298581,120.305383019292
"1811","香草泰式養生館","800台灣高雄市新興區民族二路102-7號","全身按摩半身按摩肩頸按摩背部按摩指壓油壓泰式按摩泰式古法中式按摩經絡按摩中式推拿刮痧精油按摩局部護理",22.634310998318,120.313910013211
"1812","小傳養生會館","800台灣高雄市新興區七賢二路31號","全身按摩半身按摩肩頸按摩背部按摩指壓油壓越式按摩中式按摩休閒舒壓經絡按摩中式推拿刮痧精油按摩局部護理",22.634524988306,120.30085301972
"1813","心騰經筋理療會館","800台灣高雄市新興區民族二路88巷10號","全身按摩肩頸按摩背部按摩指壓中式按摩能量按摩穴道按摩理療按摩經絡按摩中式推拿東方易筋",22.63326598454,120.315253967566
"1814","亨旺養生館","800台灣高雄市新興區六合二路38號","全身按摩半身按摩腳底按摩指壓中式按摩經絡按摩中式推拿修凍甲修腳皮足湯",22.632739014287,120.300770960888
"1815","鳳凰妃泰式養生館","800台灣高雄市新興區林森一路124號","全身按摩半身按摩腳底按摩肩頸按摩背部按摩指壓油壓泰式按摩泰式古法休閒舒壓經絡按摩精油按摩局部護理泰式SPA",22.628397020804,120.304561006047
"1816","上好足體按摩養生","800台灣高雄市新興區南台路94號","全身按摩腳底按摩肩頸按摩指壓油壓中式按摩經絡按摩中式推拿拔罐刮痧精油按摩修凍甲修腳皮足湯",22.63280799735,120.299717020383
"1817","夏威夷SPA會館","800台灣高雄市新興區七賢二路37號","全身按摩半身按摩肩頸按摩背部按摩指壓油壓泰式按摩越式按摩台式按摩中式按摩休閒舒壓經絡按摩中式推拿精油按摩局部護理芳療SPA泰式SPA被動式瑜伽",22.634530981367,120.300454963139
"1818","清邁泰式桑拿","801台灣高雄市前金區七賢二路353號","全身按摩半身按摩腳底按摩肩頸按摩背部按摩指壓油壓泰式按摩泰式古法休閒舒壓經絡按摩精油按摩足湯泰式SPA被動式瑜伽",22.630740014199,120.289015006409
"1819","天使納兒養生館 Angel Massage","801台灣高雄市前金區七賢二路147號","全身按摩半身按摩腳底按摩肩頸按摩背部按摩指壓油壓泰式按摩泰式古法越式按摩中式按摩休閒舒壓經絡按摩中式推拿刮痧精油按摩局部護理足湯芳療SPA泰式SPA被動式瑜伽踩背",22.633480980356,120.297188032557
"1820","峇里薇拉養生舘","801台灣高雄市前金區自立二路85號","全身按摩腳底按摩肩頸按摩背部按摩指壓峇里島式按摩經絡按摩中式推拿修凍甲修腳皮足湯",22.631324987221,120.298750000214
"1821","華心養生館","807台灣高雄市三民區鼎新路116號","全身按摩半身按摩肩頸按摩背部按摩指壓油壓泰式按摩越式按摩中式按摩休閒舒壓經絡按摩中式推拿刮痧精油按摩芳香按摩局部護理芳療SPA泰式SPA被動式瑜伽踩背",22.663586010534,120.323394974844
"1822","莎娜泰式桑拿","801台灣高雄市前金區自強二路25號","全身按摩半身按摩肩頸按摩背部按摩指壓油壓泰式按摩泰式古法越式按摩台式按摩中式按摩休閒舒壓經絡按摩刮痧精油按摩局部護理足湯芳療SPA泰式SPA被動式瑜伽踩背",22.622641000255,120.296230986852
"1823","自強按摩院","801台灣高雄市前金區自強一路49巷50號","全身按摩腳底按摩肩頸按摩背部按摩指壓油壓中式按摩經絡按摩中式推拿刮痧精油按摩",22.630200010086,120.292086973922
"1824","凱地養生行館","801台灣高雄市前金區七賢二路193-9號","全身按摩半身按摩腳底按摩肩頸按摩背部按摩指壓油壓中式按摩經絡按摩中式推拿刮痧精油按摩足湯",22.632704019841,120.295028016109
"1825","101足體養生會館","801台灣高雄市前金區91 新盛一街","全身按摩腳底按摩肩頸按摩指壓油壓中式按摩經絡按摩中式推拿拔罐刮痧精油按摩修腳皮足湯",22.632715000134,120.295417020235
"1826","清萊泰式養生館","801台灣高雄市前金區中華三路222-1號","全身按摩半身按摩腳底按摩肩頸按摩背部按摩指壓油壓泰式按摩泰式古法休閒舒壓經絡按摩精油按摩局部護理足湯芳療SPA泰式SPA被動式瑜伽踩背",22.633540994783,120.29444698258
"1827","優佳SPA養生館","801台灣高雄市前金區七賢二路160號","全身按摩半身按摩腳底按摩肩頸按摩背部按摩指壓油壓泰式按摩越式按摩中式按摩休閒舒壓經絡按摩中式推拿刮痧精油按摩局部護理芳療SPA泰式SPA被動式瑜伽",22.633532990065,120.296375993777
"1828","駖霏SPA休閒會館(舊雅蝶SPA)","801台灣高雄市前金區七賢二路213號","全身按摩半身按摩肩頸按摩背部按摩指壓油壓泰式按摩越式按摩台式按摩中式按摩休閒舒壓經絡按摩中式推拿刮痧精油按摩芳香按摩局部護理芳療SPA泰式SPA被動式瑜伽雙人四手踩背",22.63225399546,120.293559003758
"1829","宮廷美容SPA會館","801台灣高雄市前金區中華三路186號","全身按摩半身按摩肩頸按摩背部按摩指壓油壓泰式按摩越式按摩中式按摩放鬆按摩休閒舒壓經絡按摩中式推拿刮痧精油按摩局部護理芳療SPA泰式SPA歐式SPA被動式瑜伽雙人四手踩背",22.6320669952,120.295022986967
"1830","氏紅足體養生館","801台灣高雄市前金區自強一路179號","全身按摩半身按摩腳底按摩肩頸按摩背部按摩指壓油壓泰式按摩越式按摩中式按摩休閒舒壓經絡按摩中式推拿刮痧精油按摩局部護理芳療SPA泰式SPA被動式瑜伽踩背",22.633738011417,120.291916988926
"1831","得力足體養生館","801台灣高雄市前金區自立二路99號","全身按摩腳底按摩肩頸按摩指壓油壓中式按摩經絡按摩中式推拿拔罐刮痧精油按摩修凍甲修腳皮足湯",22.631585999686,120.298669031029
"1832","二聖養生館","806台灣高雄市前鎮區二聖二路126號","全身按摩半身按摩腳底按摩肩頸按摩背部按摩指壓中式按摩穴道按摩經絡按摩中式推拿拔罐刮痧足湯",22.613427989471,120.314894970653
"1833","泰上皇泰式養生館","806台灣高雄市前鎮區永豐路114號","全身按摩半身按摩腳底按摩肩頸按摩背部按摩指壓油壓泰式按摩泰式古法休閒舒壓經絡按摩精油按摩局部護理足湯泰式SPA被動式瑜伽",22.606623979568,120.333576975546
"1834","布農菁英足療會館","806台灣高雄市前鎮區三多二路435號","全身按摩半身按摩腳底按摩肩頸按摩背部按摩中式按摩經絡按摩中式推拿足湯",22.617435000193,120.315654035805
"1835","珍愛美容養生館","806台灣高雄市前鎮區德昌街4巷28號","全身按摩腳底按摩肩頸按摩背部按摩指壓油壓中式按摩經絡按摩中式推拿拔罐刮痧精油按摩臉部護膚足湯美容SPA薰香耳燭",22.580291015366,120.319456989094
"1836","碧惠美養生館","806台灣高雄市前鎮區二聖二路2-1號","全身按摩半身按摩肩頸按摩背部按摩指壓油壓泰式按摩越式按摩中式按摩休閒舒壓經絡按摩中式推拿精油按摩局部護理",22.613076997275,120.317719001471
"1837","美虹泰式養生館","806台灣高雄市前鎮區三多二路391號","全身按摩半身按摩肩頸按摩背部按摩指壓油壓泰式按摩泰式古法越式按摩中式按摩休閒舒壓經絡按摩精油按摩局部護理泰式SPA被動式瑜伽",22.617912014303,120.316832028477
"1838","紅雲泰式養生館","806台灣高雄市前鎮區和平二路249號","全身按摩半身按摩腳底按摩肩頸按摩背部按摩指壓油壓泰式按摩泰式古法越式按摩中式按摩休閒舒壓經絡按摩精油按摩局部護理泰式SPA被動式瑜伽",22.614288014646,120.322408005745
"1839","美斯樂泰式養生館","806台灣高雄市前鎮區一心一路228號","全身按摩半身按摩腳底按摩肩頸按摩背部按摩指壓油壓泰式按摩泰式古法越式按摩中式按摩休閒舒壓經絡按摩中式推拿拔罐刮痧精油按摩熱石按摩局部護理足湯芳療SPA泰式SPA被動式瑜伽",22.6075120003,120.319576012119
"1840","越紅員外養生館","600台灣嘉義市西區八德路91號","全身按摩半身按摩肩頸按摩背部按摩指壓油壓泰式按摩越式按摩中式按摩休閒舒壓經絡按摩中式推拿刮痧精油按摩局部護理芳療SPA泰式SPA被動式瑜伽踩背",23.484748994692,120.430600019372
"1841","花漾SPA男女美容美體生活館","600台灣嘉義市西區建國路53號","全身按摩半身按摩肩頸按摩背部按摩指壓油壓中式按摩休閒舒壓經絡按摩中式推拿拔罐刮痧精油按摩芳香按摩局部護理臉部護膚芳療SPA美容SPA",23.484063019736,120.436020009423
"1842","欣容SPA時尚會館","242台灣新北市新莊區思源路357號","全身按摩半身按摩肩頸按摩背部按摩指壓油壓中式按摩芳香療法按摩深層組織按摩休閒舒壓經絡按摩中式推拿拔罐刮痧精油按摩熱石按摩芳香按摩局部護理臉部護膚足湯芳療SPA美容SPA薰香耳燭掏耳朵踩背",25.050664988836,121.459554993296
"1843","泡泡浴","265台灣宜蘭縣羅東鎮45 中正北路","全身按摩半身按摩腳底按摩肩頸按摩頸胸按摩背部按摩指壓",24.67977201784,121.771597993454
"1844","水品妃養生會館","806台灣高雄市前鎮區佛公路213號","全身按摩半身按摩肩頸按摩背部按摩指壓油壓泰式按摩越式按摩中式按摩休閒舒壓經絡按摩中式推拿刮痧精油按摩局部護理芳療SPA泰式SPA被動式瑜伽",22.574961005046,120.321749020518
"1845","尚寶貝SPA養生館","806台灣高雄市前鎮區保泰路17號","全身按摩半身按摩肩頸按摩背部按摩指壓油壓泰式按摩越式按摩中式按摩休閒舒壓經絡按摩中式推拿刮痧精油按摩局部護理芳療SPA泰式SPA被動式瑜伽",22.59933997998,120.326888971183
"1846","賀康美容工作室","806台灣高雄市前鎮區桂林街46巷5號","半身按摩腳底按摩背部按摩中式按摩芳香療法按摩熱油按摩經絡按摩精油按摩局部護理臉部護膚美容SPA",22.614953998763,120.317041995151
"1847","圓瓏泰式按摩養生館","806台灣高雄市前鎮區三多三路69號","全身按摩半身按摩肩頸按摩背部按摩指壓油壓泰式按摩泰式古法越式按摩中式按摩休閒舒壓經絡按摩中式推拿精油按摩局部護理泰式SPA被動式瑜伽",22.616387010839,120.312217036408
"1848","三朵花養生館","806台灣高雄市前鎮區一心一路468號","全身按摩半身按摩肩頸按摩背部按摩指壓油壓泰式按摩泰式古法越式按摩中式按摩休閒舒壓經絡按摩中式推拿精油按摩局部護理泰式SPA",22.609723020629,120.314488029254
"1849","梅虹泰式養生館","806台灣高雄市前鎮區中華五路1377號","全身按摩半身按摩肩頸按摩背部按摩指壓油壓泰式按摩泰式古法越式按摩中式按摩休閒舒壓經絡按摩中式推拿精油按摩局部護理泰式SPA被動式瑜伽",22.608286991067,120.303774029158
"1850","真正按摩專家","812台灣高雄市小港區德平街49號","全身按摩半身按摩腳底按摩肩頸按摩背部按摩中式按摩穴道按摩經絡按摩中式推拿局部護理",22.564225002455,120.349499993189
"1851","金殿泰式養生SPA館","812台灣高雄市小港區高松路162號","全身按摩腳底按摩肩頸按摩背部按摩指壓油壓泰式按摩泰式古法休閒舒壓經絡按摩精油按摩局部護理足湯芳療SPA泰式SPA被動式瑜伽踩背",22.573105000226,120.365956016055
"1852","泰皇城桑拿(歇業)","812台灣高雄市小港區高松路142號","全身按摩腳底按摩肩頸按摩背部按摩指壓油壓泰式按摩泰式古法經絡按摩精油按摩局部護理足湯泰式SPA被動式瑜伽",22.573087984963,120.366361029617
"1853","足好康泡腳養生會館","812台灣高雄市小港區水秀路6號","全身按摩半身按摩腳底按摩肩頸按摩背部按摩指壓中式按摩經絡按摩中式推拿足湯",22.565300987365,120.366507964379
"1854","佳佳泰式養生館","812台灣高雄市小港區沿海一路22號","全身按摩腳底按摩肩頸按摩背部按摩指壓油壓泰式按摩越式按摩中式按摩休閒舒壓經絡按摩中式推拿精油按摩局部護理足湯泰式SPA",22.569231010307,120.348574966355
"1855","芳馨養生館","812台灣高雄市小港區沿海一路447號","全身按摩半身按摩肩頸按摩背部按摩指壓油壓泰式按摩越式按摩中式按摩休閒舒壓經絡按摩中式推拿刮痧精油按摩局部護理芳療SPA泰式SPA被動式瑜伽踩背",22.561886996292,120.356775988059
"1856","仙發SPA養生館","812台灣高雄市小港區孔鳳路228號","全身按摩半身按摩肩頸按摩背部按摩指壓油壓泰式按摩越式按摩中式按摩休閒舒壓經絡按摩中式推拿精油按摩局部護理",22.581451992775,120.365158980882
"1857","郁悅養生館","812台灣高雄市小港區山明路547號","全身按摩半身按摩肩頸按摩背部按摩指壓油壓中式按摩休閒舒壓經絡按摩中式推拿精油按摩局部護理",22.569184993659,120.361859025602
"1858","仙妃SPA館","812台灣高雄市小港區宏平路68號","全身按摩半身按摩肩頸按摩背部按摩指壓油壓泰式按摩越式按摩台式按摩中式按摩休閒舒壓經絡按摩中式推拿刮痧精油按摩局部護理芳療SPA泰式SPA被動式瑜伽",22.572051017812,120.364179974591
"1859","觀月美容養生館","412台灣台中市大里區國光路二段151號","全身按摩半身按摩肩頸按摩背部按摩指壓油壓中式按摩經絡按摩中式推拿精油按摩臉部護膚美容SPA",24.102721612017,120.681599295084
"1860","觀月SPA養生館","812台灣高雄市小港區宏平路55號","全身按摩半身按摩肩頸按摩背部按摩指壓油壓越式按摩中式按摩休閒舒壓經絡按摩中式推拿刮痧精油按摩局部護理",22.571668006746,120.364545006475
"1861","尊紅泰式推拿養生SPA館","812台灣高雄市小港區宏平路512號","全身按摩腳底按摩肩頸按摩背部按摩指壓油壓泰式按摩泰式古法越式按摩中式按摩休閒舒壓經絡按摩中式推拿精油按摩局部護理足湯泰式SPA被動式瑜伽",22.570107003008,120.355374030934
"1862","康師父健康養生館(東港店)","928台灣屏東縣東港鎮長春一路57號","全身按摩腳底按摩肩頸按摩背部按摩指壓油壓中式按摩經絡按摩中式推拿刮痧精油按摩臉部護膚修凍甲修腳皮足湯美容SPA",22.472555019181,120.4586300256
"1863","康師父健康養生館(桂林店)","812台灣高雄市小港區中安路668-8號","全身按摩腳底按摩肩頸按摩背部按摩指壓油壓中式按摩經絡按摩中式推拿刮痧精油按摩臉部護膚修凍甲修腳皮足湯美容SPA",22.584657986921,120.361528024246
"1864","驛筠珍養身Spa會館 – 五甲店","830台灣高雄市鳳山區忠誠路30號","全身按摩半身按摩腳底按摩肩頸按摩背部按摩指壓油壓中式按摩芳香療法按摩深層組織按摩經絡按摩中式推拿精油按摩局部護理臉部護膚足湯芳療SPA美容SPA",22.593500014671,120.326749999228
"1865","驛筠珍養身Spa會館 – 小港店","812台灣高雄市小港區宏平路83-2號","全身按摩半身按摩腳底按摩肩頸按摩背部按摩指壓油壓中式按摩芳香療法按摩深層組織按摩經絡按摩中式推拿精油按摩局部護理臉部護膚足湯芳療SPA美容SPA",22.571115010684,120.363716036251
"1866","驛筠珍養身Spa會館 – 三多店","806台灣高雄市前鎮區滇池街110號","全身按摩半身按摩腳底按摩肩頸按摩背部按摩指壓油壓中式按摩芳香療法按摩深層組織按摩經絡按摩中式推拿精油按摩局部護理臉部護膚足湯芳療SPA美容SPA",22.608602988817,120.307991970474
"1867","太璽足體養生館","812台灣高雄市小港區宏平路73號","全身按摩腳底按摩肩頸按摩背部按摩指壓油壓中式按摩穴道按摩經絡按摩中式推拿拔罐刮痧精油按摩芳香按摩足湯",22.57138800927,120.364172011783
"1868","泰晶晶養生館(歇業)","813台灣高雄市左營區華夏路559號","全身按摩半身按摩肩頸按摩背部按摩指壓油壓泰式按摩越式按摩中式按摩休閒舒壓經絡按摩中式推拿精油按摩局部護理",22.675752007717,120.300093032559
"1869","海天養生殿","813台灣高雄市左營區華夏路557號","全身按摩半身按摩肩頸按摩背部按摩指壓油壓泰式按摩越式按摩中式按摩休閒舒壓經絡按摩中式推拿精油按摩局部護理臉部護膚美容SPA泰式SPA被動式瑜伽",22.675715001615,120.300083980104
"1870","采琳泰式養生館(舊心月SPA)","812台灣高雄市小港區宏平路405號","全身按摩半身按摩肩頸按摩背部按摩指壓油壓泰式按摩越式按摩中式按摩休閒舒壓經絡按摩中式推拿精油按摩局部護理芳療SPA泰式SPA被動式瑜伽踩背",22.569613015544,120.358713967893
"1871","零距離推拿館","812台灣高雄市小港區宏平路342號","全身按摩半身按摩肩頸按摩背部按摩指壓油壓中式按摩休閒舒壓經絡按摩中式推拿精油按摩局部護理",22.570104991351,120.359585015271
"1872","玉容泰式SPA養生館","812台灣高雄市小港區宏平路331號","全身按摩半身按摩肩頸按摩背部按摩指壓油壓泰式按摩越式按摩中式按摩休閒舒壓經絡按摩中式推拿刮痧精油按摩局部護理芳療SPA泰式SPA被動式瑜伽踩背",22.569620014434,120.360290017147
"1873","風虹泰式推拿養生館","812台灣高雄市小港區中安路386號","全身按摩半身按摩肩頸按摩背部按摩指壓油壓泰式按摩越式按摩中式按摩休閒舒壓經絡按摩精油按摩局部護理泰式SPA",22.58420100556,120.347924027754
"1874","金虹泰式養生SPA館","812台灣高雄市小港區中山四路3-1號","全身按摩腳底按摩肩頸按摩背部按摩指壓油壓泰式按摩泰式古法越式按摩中式按摩休閒舒壓經絡按摩中式推拿精油按摩局部護理足湯芳療SPA泰式SPA被動式瑜伽踩背",22.569221999761,120.347865019156
"1875","健豪傳統整復推拿館","420台灣台中市豐原區中正路530號","全身按摩腳底按摩肩頸按摩背部按摩指壓油壓中式按摩經絡按摩中式推拿拔罐刮痧精油按摩踩背",24.250352114556,120.707991980346
"1876","金嘉濠泰式養生館","812台灣高雄市小港區中安路573號","全身按摩腳底按摩肩頸按摩背部按摩指壓油壓泰式按摩泰式古法越式按摩休閒舒壓經絡按摩精油按摩局部護理足湯泰式SPA被動式瑜伽",22.584966985781,120.355275040658
"1877","嘉年華芳療舒活館(舊密可兒)","704台灣台南市北區小東路333號","全身按摩半身按摩肩頸按摩背部按摩指壓油壓泰式按摩越式按摩台式按摩中式按摩休閒舒壓經絡按摩中式推拿刮痧精油按摩局部護理芳療SPA泰式SPA被動式瑜伽踩背",22.999164011795,120.231169983852
"1878","君悅養生SPA會館-中央店","236台灣新北市土城區中央路一段269-5號","全身按摩腳底按摩肩頸按摩背部按摩指壓油壓中式按摩深層組織按摩穴道按摩休閒舒壓經絡按摩中式推拿拔罐刮痧精油按摩局部護理臉部護膚足湯芳療SPA",24.985015995328,121.444857577535
"1879","永健足體養生館","812台灣高雄市小港區山明路86號","全身按摩半身按摩腳底按摩肩頸按摩指壓油壓中式按摩經絡按摩中式推拿拔罐刮痧精油按摩足湯",22.565846020619,120.366061963311
"1880","福氣美容足體養生館","241台灣新北市三重區永福街24號","全身按摩半身按摩腳底按摩肩頸按摩指壓油壓中式按摩經絡按摩中式推拿拔罐刮痧精油按摩臉部護膚足湯美容SPA",25.078148997891,121.482646968906
"1881","蔓玲養生館一館","802台灣高雄市苓雅區建國一路133-7號","全身按摩半身按摩肩頸按摩背部按摩指壓油壓泰式按摩越式按摩中式按摩芳香療法按摩休閒舒壓經絡按摩中式推拿刮痧精油按摩芳香按摩局部護理芳療SPA泰式SPA被動式瑜伽踩背",22.631929992992,120.331429029038
"1882","吳神父養生會館(蘆洲集賢路)","247台灣新北市蘆洲區集賢路212-1號","全身按摩腳底按摩肩頸按摩背部按摩指壓油壓中式按摩足反射按摩經絡按摩中式推拿拔罐刮痧精油按摩修凍甲修腳皮足湯",25.087253211572,121.483062962761
"1883","樂福足體養生館","241台灣新北市三重區三賢街187號","全身按摩半身按摩腳底按摩肩頸按摩指壓油壓中式按摩經絡按摩中式推拿刮痧精油按摩足湯",25.087275004521,121.486303993262
"1884","薇閣男女舒壓休閒館","241台灣新北市三重區龍門路1號2樓","全身按摩半身按摩肩頸按摩背部按摩指壓油壓泰式按摩越式按摩台式按摩中式按摩休閒舒壓經絡按摩中式推拿刮痧精油按摩局部護理芳療SPA泰式SPA被動式瑜伽踩背",25.070981003843,121.494895024921
"1885","119 SPA 會館","403台灣台中市西區五權路119號","全身按摩半身按摩肩頸按摩背部按摩指壓油壓中式按摩休閒舒壓經絡按摩中式推拿精油按摩局部護理被動式瑜伽",24.146947005832,120.672518341184
"1886","泰尚皇養生會館","241台灣新北市三重區集美街257號","全身按摩腳底按摩肩頸按摩背部按摩指壓油壓泰式按摩泰式古法經絡按摩精油按摩足湯泰式SPA被動式瑜伽踩背",25.055501011692,121.492461004058
"1887","詩蔓時尚美容會館","241台灣新北市三重區文化北路140巷2號","全身按摩半身按摩腳底按摩肩頸按摩背部按摩指壓油壓中式按摩深層組織按摩熱油按摩經絡按摩精油按摩芳香按摩臉部護膚美容SPA岩盤浴全身去角質",25.066834979256,121.498130020452
"1888","足頤健康中心","241台灣新北市三重區慈愛街142號","全身按摩腳底按摩肩頸按摩背部按摩指壓油壓中式按摩經絡按摩中式推拿拔罐刮痧精油按摩臉部護膚足湯美容SPA岩盤浴全身去角質",25.08072190689,121.490533501604
"1889","翠安足體養生館","114台灣台北市內湖區文德路93號","全身按摩半身按摩肩頸按摩背部按摩指壓油壓泰式按摩泰式古法中式按摩經絡按摩中式推拿精油按摩局部護理被動式瑜伽",25.078736988399,121.583179012678
"1890","阡漾SPA時尚會館","510台灣彰化縣員林市員集路二段450號","全身按摩半身按摩肩頸按摩背部按摩指壓油壓泰式按摩越式按摩台式按摩中式按摩放鬆按摩休閒舒壓經絡按摩中式推拿刮痧精油按摩局部護理芳療SPA泰式SPA被動式瑜伽踩背",23.946539011759,120.57580500868
"1891","泰舒服泰式養生會館","241台灣新北市三重區過圳街38號","全身按摩腳底按摩肩頸按摩背部按摩指壓油壓泰式按摩泰式古法經絡按摩精油按摩足湯泰式SPA被動式瑜伽踩背",25.059506597491,121.488087662257
"1892","素萬那普泰式養生館Su Wan Na Pu Thai style massage","241台灣新北市三重區同安街97號","全身按摩腳底按摩肩頸按摩背部按摩指壓油壓泰式按摩泰式古法經絡按摩精油按摩足湯泰式SPA被動式瑜伽踩背",25.056566980228,121.494794022988
"1893","三重一級棒養生館","241台灣新北市三重區雙園街126-1號","全身按摩半身按摩腳底按摩肩頸按摩背部按摩指壓油壓中式按摩經絡按摩中式推拿刮痧精油按摩",25.06724498005,121.494250037472
"1894","天天腳底按摩","241台灣新北市三重區重陽路三段107號","全身按摩半身按摩腳底按摩肩頸按摩背部按摩指壓油壓中式按摩經絡按摩中式推拿刮痧精油按摩",25.068427415131,121.490646070564
"1895","陽光養生館","241台灣新北市三重區自強路一段202號","全身按摩半身按摩腳底按摩肩頸按摩背部按摩指壓油壓中式按摩經絡按摩中式推拿拔罐刮痧精油按摩修凍甲修腳皮",25.066429001776,121.494532004695
"1896","越贊足體養生館","105台灣台北市松山區塔悠路41號","全身按摩半身按摩腳底按摩肩頸按摩背部按摩指壓油壓泰式按摩越式按摩中式按摩休閒舒壓經絡按摩中式推拿刮痧精油按摩芳香按摩局部護理芳療SPA泰式SPA被動式瑜伽踩背",25.050818084297,121.571422722922
"1897","采柔經絡養生館","812台灣高雄市小港區宏平路673號","全身按摩腳底按摩肩頸按摩背部按摩指壓油壓中式按摩經絡按摩中式推拿刮痧精油按摩局部護理泰式SPA被動式瑜伽",22.569553001118,120.350993983611
"1898","花漾養生會館","812台灣高雄市小港區中安路616-2號","全身按摩半身按摩腳底按摩肩頸按摩背部按摩指壓油壓泰式按摩越式按摩中式按摩休閒舒壓經絡按摩中式推拿刮痧精油按摩局部護理被動式瑜伽踩背",22.584715989691,120.357777038756
"1899","清清健康按摩會館(舊欣欣)","640台灣雲林縣斗六市明德北路二段84號","全身按摩半身按摩肩頸按摩背部按摩指壓油壓泰式按摩台式按摩中式按摩休閒舒壓經絡按摩中式推拿刮痧精油按摩局部護理芳療SPA被動式瑜伽",23.718102017286,120.540665639816
"1900","櫻桃泰式養生館","812台灣高雄市小港區大業北路362號","全身按摩腳底按摩肩頸按摩背部按摩指壓油壓泰式按摩泰式古法中式按摩經絡按摩中式推拿精油按摩局部護理足湯泰式SPA被動式瑜伽",22.564329985792,120.347396973682
"1901","珈瑄養生館","820台灣高雄市岡山區大義二路294號","全身按摩半身按摩肩頸按摩背部按摩指壓油壓泰式按摩中式按摩休閒舒壓經絡按摩中式推拿刮痧精油按摩局部護理被動式瑜伽",22.787503983261,120.285503994806
"1902","足窩心養生館","820台灣高雄市岡山區柳橋東路18巷5號","全身按摩腳底按摩肩頸按摩指壓中式按摩經絡按摩中式推拿足湯",22.791364017311,120.295393970001
"1903","安妮養生會館","820台灣高雄市岡山區岡山路46號","全身按摩半身按摩腳底按摩肩頸按摩背部按摩指壓油壓越式按摩中式按摩休閒舒壓經絡按摩中式推拿精油按摩局部護理",22.786815996648,120.296963984285
"1904","吉美養生館","820台灣高雄市岡山區大仁路100號2樓","全身按摩半身按摩肩頸按摩背部按摩指壓油壓中式按摩休閒舒壓經絡按摩中式推拿精油按摩局部護理",22.805149984921,120.301408991358
"1905","好身手泡腳養生會館","820台灣高雄市岡山區大義二路322號","全身按摩半身按摩腳底按摩肩頸按摩背部按摩指壓油壓中式按摩經絡按摩中式推拿拔罐刮痧精油按摩局部護理臉部護膚足湯美容SPA",22.787134006055,120.285905990883
"1906","藝芯養身館(舊玉芙蓉)","820台灣高雄市岡山區介壽西路23號","全身按摩半身按摩肩頸按摩背部按摩指壓油壓泰式按摩越式按摩台式按摩中式按摩休閒舒壓經絡按摩中式推拿刮痧精油按摩局部護理芳療SPA泰式SPA",22.784216014102,120.28398703797
"1907","舒心苑美體養生館","820台灣高雄市岡山區中華路64號","全身按摩半身按摩肩頸按摩背部按摩指壓油壓中式按摩休閒舒壓經絡按摩中式推拿刮痧精油按摩局部護理被動式瑜伽",22.792682993595,120.288411006466
"1908","金大腳養生會館","320台灣桃園市中壢區健行路48號","全身按摩腳底按摩指壓油壓中式按摩經絡按摩中式推拿拔罐刮痧精油按摩修凍甲修腳皮足湯全身去角質",24.951252012957,121.226626011183
"1909","足浴之森養生概念館","820台灣高雄市岡山區忠誠街206巷11號","全身按摩半身按摩腳底按摩指壓油壓中式按摩經絡按摩中式推拿拔罐刮痧精油按摩足湯",22.801087192633,120.298313386877
"1910","蓁麗養生館(舊湘妹)","802台灣高雄市苓雅區建國一路74-21號","全身按摩半身按摩肩頸按摩背部按摩指壓油壓泰式按摩越式按摩台式按摩中式按摩休閒舒壓經絡按摩中式推拿刮痧精油按摩局部護理芳療SPA泰式SPA被動式瑜伽踩背",22.631302020807,120.334497979067
"1911","香城足體養生館","804台灣高雄市鼓山區九如四路1534號","全身按摩半身按摩腳底按摩肩頸按摩背部按摩指壓油壓中式按摩休閒舒壓經絡按摩中式推拿精油按摩局部護理足湯",22.661413002136,120.281257974115
"1912","做足功夫泡腳會館","804台灣高雄市鼓山區裕誠路1507-7號","全身按摩半身按摩腳底按摩肩頸按摩背部按摩指壓油壓中式按摩足反射按摩經絡按摩中式推拿拔罐刮痧精油按摩修凍甲修腳皮足湯",22.665285986227,120.29561399496
"1913","磐古足體養生館","804台灣高雄市鼓山區青海路272號","全身按摩腳底按摩肩頸按摩指壓油壓中式按摩穴道按摩經絡按摩中式推拿精油按摩臉部護膚足湯美容SPA",22.651602990297,120.287052970513
"1914","野百合美容養生館","804台灣高雄市鼓山區裕豐街51號","全身按摩肩頸按摩背部按摩指壓油壓中式按摩經絡按摩精油按摩臉部護膚美容SPA",22.667058004377,120.293343002113
"1915","泰和養生館","832台灣高雄市林園區沿海路四段76號","全身按摩半身按摩腳底按摩肩頸按摩背部按摩指壓油壓泰式按摩泰式古法越式按摩中式按摩休閒舒壓經絡按摩中式推拿精油按摩局部護理足湯泰式SPA被動式瑜伽踩背",22.501291997033,120.384931974292
"1916","泰上皇泰式桑拿SPA館","832台灣高雄市林園區沿海路三段100號","全身按摩半身按摩腳底按摩肩頸按摩背部按摩指壓油壓泰式按摩泰式古法中式按摩經絡按摩中式推拿精油按摩局部護理足湯泰式SPA被動式瑜伽",22.500377112301,120.390729233805
"1917","甜甜SPA館(舊泰式樂SPA)","832台灣高雄市林園區鳳林路一段163號","全身按摩半身按摩肩頸按摩背部按摩指壓油壓泰式按摩泰式古法越式按摩台式按摩中式按摩休閒舒壓經絡按摩中式推拿刮痧精油按摩局部護理芳療SPA泰式SPA被動式瑜伽",22.506365018201,120.396483997068
"1918","京澄男女養生館","832台灣高雄市林園區田厝路122號","全身按摩半身按摩肩頸按摩背部按摩指壓油壓越式按摩中式按摩休閒舒壓經絡按摩中式推拿精油按摩局部護理",22.501087017591,120.386726036848
"1919","金賀養生館","832台灣高雄市林園區沿海路四段13號","全身按摩半身按摩肩頸按摩背部按摩指壓油壓越式按摩中式按摩休閒舒壓經絡按摩中式推拿精油按摩局部護理",22.500291994075,120.385631025017
"1920","魅力養生會館","832台灣高雄市林園區鳳林路一段16號","全身按摩半身按摩肩頸按摩背部按摩指壓油壓越式按摩中式按摩休閒舒壓經絡按摩中式推拿精油按摩局部護理",22.50242799637,120.397959966398
"1921","歐悅養生會館","832台灣高雄市林園區鳳林路一段56號","全身按摩半身按摩肩頸按摩背部按摩指壓油壓越式按摩中式按摩休閒舒壓經絡按摩中式推拿精油按摩局部護理",22.503283998232,120.397942029125
"1922","越麗力養生館(舊越儷人)","832台灣高雄市林園區沿海路三段104號","全身按摩半身按摩肩頸按摩背部按摩指壓油壓泰式按摩越式按摩台式按摩中式按摩休閒舒壓經絡按摩中式推拿刮痧精油按摩局部護理芳療SPA泰式SPA被動式瑜伽踩背",22.500296017388,120.390324974614
"1923","彩虹養生館","832台灣高雄市林園區王公路64-1號","全身按摩半身按摩肩頸按摩背部按摩指壓油壓越式按摩中式按摩休閒舒壓經絡按摩中式推拿精油按摩局部護理",22.512310008757,120.391992973346
"1924","越滿玉養生館","832台灣高雄市林園區沿海路二段48號","全身按摩半身按摩肩頸按摩背部按摩指壓油壓越式按摩中式按摩休閒舒壓經絡按摩中式推拿精油按摩局部護理",22.500951985131,120.399357984028
"1925","水蓮養生館","832台灣高雄市林園區沿海路四段276號","全身按摩半身按摩肩頸按摩背部按摩指壓油壓泰式按摩越式按摩中式按摩休閒舒壓經絡按摩中式推拿刮痧精油按摩局部護理被動式瑜伽踩背",22.50367199653,120.38018303941
"1926","玫瑰養生會館","832台灣高雄市林園區王公二路9號","全身按摩半身按摩肩頸按摩背部按摩指壓油壓泰式按摩泰式古法越式按摩中式按摩休閒舒壓經絡按摩中式推拿刮痧精油按摩局部護理泰式SPA被動式瑜伽踩背",22.50776728169,120.388727758539
"1927","越星美養生館","832台灣高雄市林園區鳳林路三段675號","全身按摩半身按摩肩頸按摩背部按摩指壓油壓越式按摩中式按摩休閒舒壓經絡按摩中式推拿精油按摩局部護理",22.526363987721,120.400809981116
"1928","真情指數養生舘","832台灣高雄市林園區沿海路二段137號","全身按摩半身按摩肩頸按摩背部按摩指壓油壓中式按摩經絡按摩中式推拿精油按摩局部護理",22.500567004318,120.397527963108
"1929","境萊泰式健康養生館","814台灣高雄市仁武區澄觀路14號","全身按摩腳底按摩肩頸按摩背部按摩指壓油壓泰式按摩泰式古法中式按摩休閒舒壓經絡按摩中式推拿精油按摩局部護理足湯泰式SPA被動式瑜伽",22.675639019662,120.332107041186
"1930","怡緣SPA美容坊","814台灣高雄市仁武區鳳仁路1-62號","全身按摩半身按摩肩頸按摩背部按摩指壓油壓越式按摩中式按摩休閒舒壓經絡按摩中式推拿精油按摩局部護理臉部護膚美容SPA",22.671802999765,120.360587993805
"1931","芊禾養生館","814台灣高雄市仁武區鳳仁路95-8號","全身按摩半身按摩肩頸按摩背部按摩指壓油壓越式按摩中式按摩休閒舒壓經絡按摩中式推拿精油按摩局部護理",22.687013010814,120.352227967396
"1932","天空SPA會館(舊台灣人)","814台灣高雄市仁武區鳳仁路81-55號","全身按摩半身按摩肩頸按摩背部按摩指壓油壓越式按摩中式按摩休閒舒壓經絡按摩中式推拿精油按摩局部護理",22.684740006311,120.353467986152
"1933","櫻桃SPA會館(舊領首)","814台灣高雄市仁武區澄觀路1631號","全身按摩半身按摩肩頸按摩背部按摩指壓油壓泰式按摩越式按摩台式按摩中式按摩休閒舒壓經絡按摩中式推拿拔罐精油按摩局部護理臉部護膚芳療SPA泰式SPA被動式瑜伽踩背",22.685073983243,120.350959031075
"1934","越樂情美容坊","814台灣高雄市仁武區鳳仁路81-68號","全身按摩半身按摩肩頸按摩背部按摩指壓油壓泰式按摩越式按摩中式按摩休閒舒壓經絡按摩中式推拿刮痧精油按摩局部護理芳療SPA泰式SPA被動式瑜伽",22.685181020147,120.353223988951
"1935","越薔養生館","814台灣高雄市仁武區鳳仁路21-34號","全身按摩半身按摩肩頸按摩背部按摩指壓油壓越式按摩中式按摩休閒舒壓經絡按摩中式推拿精油按摩局部護理",22.679462005701,120.356288999485
"1936","越鑫養生館","814台灣高雄市仁武區鳳仁路97-13號","全身按摩半身按摩肩頸按摩背部按摩指壓油壓越式按摩中式按摩休閒舒壓經絡按摩中式推拿精油按摩局部護理",22.69044498107,120.350505989208
"1937","戀愛越式男女養生舒活館","829台灣高雄市湖內區中山路二段252號","全身按摩半身按摩肩頸按摩背部按摩指壓油壓越式按摩中式按摩休閒舒壓經絡按摩中式推拿精油按摩局部護理",22.90997000081,120.227129990341
"1938","鑫鑫舒壓生活館","825台灣高雄市橋頭區成功南路180號","全身按摩半身按摩腳底按摩肩頸按摩背部按摩指壓油壓越式按摩中式按摩休閒舒壓經絡按摩中式推拿精油按摩局部護理",22.751859017998,120.313502987993
"1939","原花泰式按摩館","825台灣高雄市橋頭區成功路85號","全身按摩腳底按摩肩頸按摩背部按摩指壓油壓泰式按摩泰式古法越式按摩休閒舒壓經絡按摩精油按摩局部護理足湯泰式SPA被動式瑜伽",22.759149010647,120.309626022498
"1940","923櫻花泰式按摩","825台灣高雄市橋頭區新興路8號","全身按摩腳底按摩肩頸按摩背部按摩指壓油壓泰式按摩泰式古法越式按摩休閒舒壓經絡按摩精油按摩局部護理足湯泰式SPA被動式瑜伽",22.759793998096,120.309252021978
"1941","舒心養生閣","825台灣高雄市橋頭區仕豐南路109號","全身按摩半身按摩腳底按摩肩頸按摩指壓油壓中式按摩經絡按摩中式推拿精油按摩足湯",22.748925679806,120.309347957135
"1942","美花養生會館","825台灣高雄市橋頭區成功北路211號","全身按摩肩頸按摩背部按摩指壓油壓越式按摩中式按摩休閒舒壓經絡按摩中式推拿精油按摩局部護理",22.766547004118,120.305798007318
"1943","奧斯卡休閒館","10491台灣台北市中山區民權東路二段130號","全身按摩半身按摩肩頸按摩背部按摩指壓油壓泰式按摩越式按摩台式按摩中式按摩休閒舒壓經絡按摩中式推拿刮痧精油按摩局部護理芳療SPA泰式SPA被動式瑜伽踩背",25.062306991342,121.532827998294
"1944","清欣泰式推拿","803台灣高雄市鹽埕區大公路8號","全身按摩腳底按摩肩頸按摩背部按摩指壓油壓泰式按摩泰式古法越式按摩中式按摩休閒舒壓經絡按摩中式推拿精油按摩局部護理足湯泰式SPA被動式瑜伽",22.626697003202,120.285138040914
"1945","小愛泰式按摩養生館","803台灣高雄市鹽埕區大勇路145號","全身按摩腳底按摩肩頸按摩背部按摩指壓油壓泰式按摩泰式古法越式按摩中式按摩休閒舒壓經絡按摩精油按摩局部護理足湯泰式SPA",22.62679498765,120.285323029517
"1946","億瀏泰式養生館","831台灣高雄市大寮區鳳屏二路343-1號","全身按摩肩頸按摩背部按摩指壓油壓泰式按摩中式按摩經絡按摩精油按摩局部護理",22.642540015579,120.419693989875
"1947","玉溏春按摩","831台灣高雄市大寮區力行路251號","肩頸按摩背部按摩指壓中式按摩經絡按摩中式推拿拔罐刮痧局部護理",22.606514008998,120.39622499626
"1948","君馨養生館","831台灣高雄市大寮區鳳屏一路644號","全身按摩指壓油壓越式按摩中式按摩休閒舒壓經絡按摩中式推拿拔罐刮痧精油按摩局部護理",22.637989019341,120.396282999029
"1949","吳神父腳底按摩足體館","831台灣高雄市大寮區鳳林四路327-1號","全身按摩腳底按摩肩頸按摩背部按摩指壓中式按摩經絡按摩中式推拿拔罐刮痧局部護理足湯",22.619027980892,120.383131960585
"1950","晴海健康美容","821台灣高雄市路竹區中山路819號","全身按摩半身按摩肩頸按摩背部按摩指壓油壓泰式按摩越式按摩台式按摩中式按摩休閒舒壓經絡按摩中式推拿刮痧精油按摩局部護理修凍甲芳療SPA泰式SPA被動式瑜伽",22.862184980354,120.258437991263
"1951","金莎養生館","821台灣高雄市路竹區中山路733號","全身按摩肩頸按摩背部按摩指壓油壓越式按摩中式按摩休閒舒壓經絡按摩中式推拿精油按摩局部護理芳療SPA泰式SPA被動式瑜伽",22.864274002083,120.257334010795
"1952","櫻花生活館","830台灣高雄市鳳山區鳳頂路112號","全身按摩半身按摩肩頸按摩背部按摩指壓油壓越式按摩中式按摩休閒舒壓經絡按摩中式推拿刮痧精油按摩局部護理",22.587222011102,120.358971040863
"1953","真愛美容休閒中心","830台灣高雄市鳳山區鳳頂路90號","全身按摩半身按摩肩頸按摩背部按摩指壓油壓泰式按摩越式按摩台式按摩中式按摩休閒舒壓經絡按摩中式推拿刮痧精油按摩局部護理芳療SPA泰式SPA被動式瑜伽",22.586864020017,120.358956959266
"1954","夜玫瑰養身館","842台灣高雄市旗山區中華路572號","全身按摩肩頸按摩背部按摩指壓油壓越式按摩中式按摩休閒舒壓經絡按摩中式推拿刮痧精油按摩局部護理",22.886856986623,120.485169980901
"1955","林老師養生館","842台灣高雄市旗山區中華路1026號","全身按摩腳底按摩肩頸按摩背部按摩指壓中式按摩經絡按摩中式推拿拔罐刮痧修凍甲修腳皮",22.87976300478,120.483327973859
"1956","年代養生坊","842台灣高雄市旗山區延平一路228-7號","全身按摩肩頸按摩背部按摩指壓油壓越式按摩中式按摩休閒舒壓經絡按摩中式推拿精油按摩局部護理",22.895008010275,120.483239041866
"1957","甜心精油SPA養生館","807台灣高雄市三民區九如二路210號","全身按摩半身按摩肩頸按摩背部按摩指壓油壓泰式按摩越式按摩台式按摩中式按摩休閒舒壓經絡按摩中式推拿刮痧精油按摩局部護理芳療SPA泰式SPA被動式瑜伽踩背",22.641116014049,120.30686602942
"1958","金美利健康養生館","815台灣高雄市大社區中山路2-5號","全身按摩半身按摩肩頸按摩背部按摩指壓油壓中式按摩經絡按摩中式推拿精油按摩",22.7318980185,120.341610023911
"1959","昇江養生館","822台灣高雄市阿蓮區復安路133號","全身按摩半身按摩肩頸按摩背部按摩指壓油壓越式按摩中式按摩休閒舒壓經絡按摩中式推拿精油按摩局部護理",22.846195414073,120.323578297508
"1960","娜娜養生館(舊夜來香)","900台灣屏東縣屏東市自由路787號","全身按摩半身按摩肩頸按摩背部按摩指壓油壓泰式按摩越式按摩台式按摩中式按摩休閒舒壓經絡按摩中式推拿刮痧精油按摩局部護理芳療SPA泰式SPA被動式瑜伽",22.681542980802,120.478573004007
"1961","杜拜SPA養生館","900台灣屏東縣屏東市自由路793號","全身按摩半身按摩肩頸按摩背部按摩指壓油壓中式按摩經絡按摩中式推拿精油按摩",22.681415994969,120.478450041487
"1962","安逸軒養生居","900台灣屏東縣屏東市公園路58號","全身按摩腳底按摩肩頸按摩背部按摩指壓油壓泰式按摩台式按摩中式按摩休閒舒壓經絡按摩中式推拿拔罐刮痧精油按摩局部護理修凍甲修腳皮芳療SPA泰式SPA被動式瑜伽",22.675352987216,120.487378025654
"1963","芝足腳底按摩會館","900台灣屏東縣屏東市建國路101-2號","全身按摩半身按摩腳底按摩肩頸按摩指壓油壓中式按摩經絡按摩中式推拿精油按摩修腳皮足湯",22.664765009035,120.482520964221
"1964","紅燕泰式推拿","900台灣屏東縣屏東市自由路354-2號","全身按摩肩頸按摩背部按摩指壓油壓泰式按摩越式按摩中式按摩休閒舒壓經絡按摩中式推拿精油按摩局部護理臉部護膚",22.680749005024,120.495664961867
"1965","薇閣養生會館","900台灣屏東縣屏東市自由路371號","全身按摩肩頸按摩背部按摩指壓油壓中式按摩穴道按摩休閒舒壓經絡按摩中式推拿精油按摩芳香按摩局部護理臉部護膚",22.680095007028,120.49612697237
"1966","阿金KIM泰式推拿","900台灣屏東縣屏東市自由路367-2號","全身按摩指壓油壓泰式按摩越式按摩中式按摩休閒舒壓經絡按摩中式推拿精油按摩局部護理",22.679984994549,120.49624297791
"1967","美樂地SPA養生館","900台灣屏東縣屏東市自由路399號","全身按摩半身按摩肩頸按摩背部按摩指壓油壓越式按摩中式按摩休閒舒壓經絡按摩中式推拿精油按摩局部護理",22.681224007477,120.494401976696
"1968","甜甜越式養生館","900台灣屏東縣屏東市自由路794號","全身按摩半身按摩肩頸按摩背部按摩指壓油壓泰式按摩越式按摩台式按摩中式按摩休閒舒壓經絡按摩中式推拿拔罐刮痧精油按摩局部護理芳療SPA泰式SPA被動式瑜伽",22.681082981956,120.477718971892
"1969","清淨足體按摩館","900台灣屏東縣屏東市瑞光路二段206號","全身按摩半身按摩腳底按摩肩頸按摩指壓油壓中式按摩經絡按摩中式推拿精油按摩足湯",22.69199910866,120.502845797006
"1970","樂嬡養生館","900台灣屏東縣屏東市自由路87號","全身按摩半身按摩肩頸按摩背部按摩指壓油壓泰式按摩越式按摩台式按摩中式按摩休閒舒壓經絡按摩中式推拿刮痧精油按摩局部護理芳療SPA泰式SPA被動式瑜伽",22.666968988565,120.486787017662
"1971","龍讚舒壓館","600台灣嘉義市東區博東路109號","全身按摩半身按摩肩頸按摩背部按摩指壓油壓泰式按摩中式按摩休閒舒壓經絡按摩中式推拿拔罐刮痧精油按摩局部護理芳療SPA泰式SPA被動式瑜伽",23.490510002473,120.461409967608
"1972","菲娜軒養生館","260台灣宜蘭縣宜蘭市宜興路三段129號","全身按摩半身按摩肩頸按摩背部按摩指壓油壓泰式按摩越式按摩中式按摩休閒舒壓經絡按摩中式推拿刮痧精油按摩局部護理泰式SPA被動式瑜伽踩背",24.769760381789,121.758938469812
"1973","芭琳雅舒壓美妍館","900台灣屏東縣屏東市和平路348號","全身按摩半身按摩肩頸按摩背部按摩指壓油壓泰式按摩越式按摩台式按摩中式按摩休閒舒壓經絡按摩中式推拿刮痧精油按摩局部護理芳療SPA泰式SPA被動式瑜伽踩背",22.675115988904,120.478232028186
"1974","照顧腳下足體按摩","900台灣屏東縣屏東市興豐路33號","全身按摩腳底按摩肩頸按摩背部按摩指壓油壓中式按摩經絡按摩中式推拿精油按摩臉部護膚足湯",22.680037004258,120.50828802423
"1975","愛來養生館","928台灣屏東縣東港鎮屏東縣東港鎮船頭路25-244號","全身按摩半身按摩肩頸按摩背部按摩指壓油壓泰式按摩越式按摩台式按摩中式按摩休閒舒壓經絡按摩中式推拿刮痧精油按摩局部護理芳療SPA泰式SPA被動式瑜伽踩背",22.462453987665,120.464186975949
"1976","欣越亮SPA養生館","928台灣屏東縣東港鎮船頭路25-260號","全身按摩半身按摩肩頸按摩背部按摩指壓油壓泰式按摩越式按摩台式按摩中式按摩休閒舒壓經絡按摩中式推拿刮痧精油按摩局部護理芳療SPA泰式SPA被動式瑜伽踩背",22.462042017124,120.465700999119
"1977","星都休閒會館","928台灣屏東縣東港鎮船頭路4-25號","全身按摩肩頸按摩背部按摩指壓油壓越式按摩中式按摩休閒舒壓經絡按摩中式推拿精油按摩局部護理",22.463173993148,120.458100037863
"1978","好漂亮養生館(舊越媚)","928台灣屏東縣東港鎮船頭路25-216號","全身按摩半身按摩肩頸按摩背部按摩指壓油壓泰式按摩越式按摩台式按摩中式按摩休閒舒壓經絡按摩中式推拿刮痧精油按摩局部護理芳療SPA泰式SPA被動式瑜伽",22.462796011224,120.462965984113
"1979","足大腳足體養身會館","928台灣屏東縣東港鎮光復路一段299-1號","全身按摩腳底按摩肩頸按摩頸胸按摩背部按摩指壓油壓中式按摩經絡按摩中式推拿拔罐刮痧精油按摩局部護理足湯",22.469759989749,120.459222039422
"1980","夜荷養生會館","928台灣屏東縣東港鎮中正路二段398號","全身按摩半身按摩肩頸按摩背部按摩指壓油壓泰式按摩越式按摩台式按摩中式按摩休閒舒壓經絡按摩中式推拿刮痧精油按摩局部護理臉部護膚芳療SPA美容SPA泰式SPA被動式瑜伽踩背",22.476361995785,120.461663017264
"1981","泰戀閣泰式養生館","920台灣屏東縣潮州鎮北門路100號","全身按摩腳底按摩肩頸按摩背部按摩指壓油壓泰式按摩泰式古法休閒舒壓經絡按摩精油按摩局部護理足湯泰式SPA被動式瑜伽",22.55821501024,120.546895992265
"1982","順安養生館","946台灣屏東縣恆春鎮省北路98號","全身按摩指壓油壓泰式按摩越式按摩中式按摩休閒舒壓經絡按摩中式推拿精油按摩局部護理",22.011288996791,120.74437698384
"1983","夏威夷養生會館","946台灣屏東縣恆春鎮省北路167號","全身按摩肩頸按摩背部按摩指壓油壓中式按摩經絡按摩中式推拿刮痧精油按摩局部護理",22.012915002188,120.744356029082
"1984","京殿泰式養生會館","912台灣屏東縣內埔鄉豐田村中正路356號","全身按摩肩頸按摩背部按摩指壓油壓泰式按摩越式按摩中式按摩休閒舒壓經絡按摩中式推拿拔罐刮痧精油按摩局部護理被動式瑜伽全身去角質踩背",22.632472008761,120.543338964015
"1985","大地春越式泰氏推拿養生館","912台灣屏東縣內埔鄉南寧路67號","全身按摩肩頸按摩背部按摩指壓油壓泰式按摩泰式古法越式按摩中式按摩休閒舒壓經絡按摩中式推拿精油按摩泰式SPA被動式瑜伽踩背",22.617828991552,120.564753972257
"1986","足鑫隆足體養生館","912台灣屏東縣內埔鄉南寧路145號","全身按摩腳底按摩肩頸按摩背部按摩指壓油壓中式按摩經絡按摩中式推拿拔罐刮痧精油按摩修腳皮足湯掏耳朵",22.618974001435,120.562970973813
"1987","蜜雪兒養生館","940台灣屏東縣枋寮鄉東海路62號","全身按摩肩頸按摩背部按摩指壓油壓中式按摩經絡按摩中式推拿精油按摩局部護理",22.404927016424,120.584521014516
"1988","有摩有漾美容SPA館","407台灣台中市西屯區惠安巷114號3樓","全身按摩背部按摩指壓油壓中式按摩經絡按摩中式推拿拔罐刮痧精油按摩臉部護膚美容SPA全身去角質",24.168203889471,120.647161575336
"1989","富爾麗SPA美容會館","114台灣台北市內湖區康寧路三段99巷8弄6號4樓","全身按摩腳底按摩指壓油壓中式按摩經絡按摩中式推拿精油按摩臉部護膚足湯美容SPA岩盤浴全身去角質",25.072009002358,121.610337971528
"1990","十一養生館","114台灣台北市內湖區港墘路76號","全身按摩腳底按摩肩頸按摩背部按摩指壓油壓中式按摩經絡按摩中式推拿精油按摩",25.081009992902,121.577818031226
"1991","京展足體養身館","300台灣新竹市東區民族路207號","全身按摩腳底按摩肩頸按摩指壓油壓越式按摩中式按摩休閒舒壓經絡按摩中式推拿精油按摩修凍甲修腳皮",24.809992008288,120.980335018123
"1992","湖悅足體養生會館 Huyue Massage Taipei","114台灣台北市內湖區成功路三段187巷16號1樓","全身按摩腳底按摩指壓油壓中式按摩經絡按摩中式推拿精油按摩臉部護膚美容SPA",25.079862007443,121.591889989372
"1993","泰雅泰式養生館 Thai Massage","302台灣新竹縣竹北市自強北路46號","全身按摩腳底按摩肩頸按摩背部按摩指壓油壓泰式按摩泰式古法休閒舒壓經絡按摩精油按摩足湯泰式SPA被動式瑜伽",24.820735093588,121.029358422863
"1994","AYUTTHAYA 唉呦泰雅泰式養生館","114台灣台北市內湖區民權東路六段204號","全身按摩腳底按摩肩頸按摩背部按摩指壓油壓泰式按摩泰式古法經絡按摩精油按摩局部護理足湯泰式SPA被動式瑜伽",25.068236601105,121.595500997079
"1995","羊角包汗蒸舒壓館","114台灣台北市內湖區民權東路六段53號","全身按摩指壓油壓東方指壓中式按摩休閒舒壓經絡按摩精油按摩汗蒸",25.069265982634,121.587166032562
"1996","舒康養生館","114台灣台北市內湖區成功路四段340號","全身按摩半身按摩腳底按摩肩頸按摩指壓油壓中式按摩經絡按摩中式推拿拔罐刮痧精油按摩修腳皮足湯",25.084920988923,121.599451974779
"1997","南林芳療館","813台灣高雄市左營區華夏路1517號","全身按摩半身按摩肩頸按摩背部按摩指壓油壓泰式按摩越式按摩台式按摩中式按摩芳香療法按摩休閒舒壓經絡按摩中式推拿精油按摩芳香按摩臉部護膚芳療SPA泰式SPA被動式瑜伽踩背",22.688373980433,120.314607974288
"1998","泰佳美容健康生活館","112台灣台北市北投區西安街二段119號","全身按摩腳底按摩肩頸按摩指壓油壓泰式按摩泰式古法經絡按摩精油按摩足湯泰式SPA被動式瑜伽",25.118430999628,121.512402976636
"1999","惠通健康養生會館","112台灣台北市北投區明德路289巷12號","全身按摩半身按摩腳底按摩肩頸按摩背部按摩指壓油壓中式按摩理療按摩經絡按摩中式推拿拔罐刮痧精油按摩臉部護膚",25.114690994432,121.521588033774
"2000","淺草泰式養生館","112台灣台北市北投區大業路725號","全身按摩腳底按摩肩頸按摩背部按摩指壓油壓泰式按摩泰式古法經絡按摩精油按摩足湯泰式SPA被動式瑜伽",25.137330011994,121.502335975646
"2001","星葒泰式舒壓會館","111台灣台北市士林區徳行西路83號","全身按摩腳底按摩肩頸按摩背部按摩指壓油壓泰式按摩泰式古法經絡按摩精油按摩足湯泰式SPA被動式瑜伽",25.1348114,121.5676297
"2002","泰皇SPA泰式按摩","112台灣台北市北投區懷德街23號","全身按摩腳底按摩肩頸按摩指壓油壓泰式按摩泰式古法經絡按摩精油按摩足湯泰式SPA被動式瑜伽",25.111885990534,121.519280998744
"2003","泰極按摩養生館","112台灣台北市北投區致遠一路二段121號","全身按摩腳底按摩肩頸按摩背部按摩指壓油壓泰式按摩泰式古法經絡按摩精油按摩局部護理足湯泰式SPA被動式瑜伽",25.113450011757,121.512501966913
"2004","雅筑男女美容工作室","720台灣台南市官田區南部里39號","全身按摩半身按摩腳底按摩肩頸按摩頸胸按摩背部按摩指壓油壓日式按摩歐式按摩瑞典式按摩中式按摩能量按摩芳香療法按摩深層組織按摩放鬆按摩穴道按摩休閒舒壓理療按摩經絡按摩中式推拿拔罐刮痧精油按摩芳香按摩局部護理臉部護膚修凍甲修腳皮美容SPA薰香耳燭掏耳朵太空艙汗蒸全身去角質踩背",23.189743,120.354924
"2005","利天泰式養生館","112台灣台北市北投區中央南路一段108號","全身按摩半身按摩腳底按摩肩頸按摩背部按摩指壓油壓泰式按摩泰式古法經絡按摩精油按摩足湯泰式SPA被動式瑜伽全身去角質",25.130718995412,121.501086988254
"2006","泰美美容生活館","112台灣台北市北投區尊賢街302巷19號","全身按摩肩頸按摩背部按摩指壓油壓泰式按摩泰式古法中式按摩經絡按摩中式推拿精油按摩局部護理泰式SPA被動式瑜伽",25.11817199882,121.507705003725
"2007","浪漫峇里健康館","105台灣台北市松山區八德路二段369號","全身按摩腳底按摩指壓油壓峇里島式按摩中式按摩經絡按摩中式推拿精油按摩臉部護膚足湯美容SPA全身去角質",25.047922011021,121.544815963854
"2008","源式自然養身館","112台灣台北市北投區大興街9巷63號","全身按摩半身按摩指壓中式按摩穴道按摩經絡按摩中式推拿拔罐局部護理",25.131313984809,121.496940963667
"2009","祥和舒活養身館","112台灣台北市北投區中央南路一段202號","全身按摩腳底按摩肩頸按摩指壓中式按摩經絡按摩中式推拿精油按摩足湯",25.128501982022,121.501095034881
"2010","丹姿男女健康會館","112台灣台北市北投區致遠一路一段43號","全身按摩肩頸按摩背部按摩指壓油壓越式按摩中式按摩休閒舒壓經絡按摩中式推拿精油按摩局部護理",25.108379002245,121.516449005118
"2011","太極堂足體養生會館 – 市府店","110台灣台北市信義區忠孝東路五段153號2樓","全身按摩腳底按摩肩頸按摩背部按摩指壓油壓中式按摩經絡按摩中式推拿拔罐刮痧精油按摩局部護理足湯",25.041237988063,121.568341032401
"2012","太極堂足體養生會館 – 忠孝店","100台灣台北市中正區忠孝東路二段72號","全身按摩腳底按摩肩頸按摩背部按摩指壓油壓中式按摩經絡按摩中式推拿拔罐刮痧精油按摩局部護理修凍甲修腳皮足湯",25.043175003977,121.528806025874
"2013","大桶水溫泉足湯","112台灣台北市北投區光明路 218 號 2 樓","全身按摩半身按摩腳底按摩肩頸按摩指壓油壓中式按摩經絡按摩中式推拿精油按摩足湯",25.13631362649,121.504243286177
"2014","伊柔經絡男女會館","600台灣嘉義市西區八德路172號","全身按摩肩頸按摩背部按摩指壓油壓中式按摩經絡按摩中式推拿拔罐刮痧精油按摩局部護理臉部護膚薰香耳燭",23.487099992804,120.430688029356
"2015","雅雁養生館(舊海雁)","807台灣高雄市三民區建國一路505號","全身按摩半身按摩肩頸按摩背部按摩指壓油壓泰式按摩越式按摩台式按摩中式按摩休閒舒壓經絡按摩刮痧精油按摩局部護理芳療SPA泰式SPA被動式瑜伽踩背",22.636025013698,120.315124970076
"2016","金滿足男女養生館","103台灣台北市大同區延平北路二段91號","全身按摩腳底按摩肩頸按摩背部按摩指壓油壓中式按摩經絡按摩中式推拿精油按摩足湯",25.056418997728,121.511708033044
"2017","慈母手足體養生會館","106台灣台北市大安區忠孝東路四段216巷19弄19號","全身按摩腳底按摩指壓油壓中式按摩經絡按摩中式推拿拔罐刮痧精油按摩修凍甲修腳皮足湯",25.040435001739,121.553928014615
"2018","老司肌-匠人店","802台灣高雄市苓雅區林森二路21號11樓之2","全身按摩肩頸按摩背部按摩指壓油壓歐式按摩中式按摩運動按摩經絡按摩精油按摩熱石按摩",22.617357006584,120.307515040183
"2019","采妃養生館(舊可欣)","704台灣台南市北區西門路四段451號","全身按摩半身按摩肩頸按摩背部按摩指壓油壓泰式按摩越式按摩台式按摩中式按摩休閒舒壓經絡按摩中式推拿刮痧精油按摩局部護理芳療SPA泰式SPA被動式瑜伽踩背",23.017815003646,120.211773002619
"2020","婷婷/Amy美容美體按摩工作室","220台灣新北市板橋區館前西路116號","全身按摩油壓泰式按摩泰式古法放鬆按摩運動按摩穴道按摩理療按摩經絡按摩拔罐刮痧精油按摩",25.007507700942,121.45706581951
"2021","威尼斯時尚養生會館","300台灣新竹市北區經國路二段62號","全身按摩肩頸按摩背部按摩指壓油壓中式按摩經絡按摩中式推拿拔罐刮痧精油按摩",24.812847010238,120.965296961817
"2022","🌺台中最強大里雅典娜SPA會館💍👉等葛葛來紓壓呦💋","412台灣台中市大里區大明路519號","全身按摩指壓油壓越式按摩中式按摩休閒舒壓經絡按摩拔罐刮痧精油按摩局部護理",24.114771980846,120.674104029627
"2023","小愛生活館(舊小白兔)","320台灣桃園市中壢區環西路二段37號","全身按摩半身按摩肩頸按摩背部按摩指壓油壓泰式按摩越式按摩中式按摩休閒舒壓經絡按摩中式推拿刮痧精油按摩局部護理臉部護膚修凍甲芳療SPA泰式SPA掏耳朵被動式瑜伽踩背洗頭",24.962512010225,121.208322030123
"2024","足心園養生館","807台灣高雄市三民區陽明路70號","全身按摩腳底按摩肩頸按摩背部按摩指壓油壓中式按摩經絡按摩中式推拿拔罐刮痧精油按摩局部護理修凍甲修腳皮足湯",22.639577012807,120.341572975899
"2025","曼谷屋生活館 Bangkok house – 泰山店","243台灣新北市泰山區泰林路二段378號","全身按摩腳底按摩肩頸按摩背部按摩指壓油壓泰式按摩泰式古法經絡按摩精油按摩修腳皮足湯被動式瑜伽全身去角質",25.06404799645,121.428316981265
"2026","曼谷屋泰式按摩 Bangkok house – 新莊店","242台灣新北市新莊區公園路83號","全身按摩腳底按摩肩頸按摩背部按摩指壓油壓泰式按摩泰式古法經絡按摩精油按摩修腳皮足湯被動式瑜伽全身去角質",25.040475989245,121.454410013489
"2027","東方悅養生會館(舊晶悅)","10491台灣台北市中山區民權東路二段128號","全身按摩半身按摩肩頸按摩背部按摩指壓油壓泰式按摩越式按摩台式按摩中式按摩休閒舒壓經絡按摩中式推拿刮痧精油按摩局部護理芳療SPA泰式SPA被動式瑜伽踩背",25.062306991342,121.532783993302
"2028","芳姿泰式養生館(舊釆宣泰式養生館)","830台灣高雄市鳳山區建國路三段539號","全身按摩肩頸按摩背部按摩指壓油壓泰式按摩泰式古法越式按摩中式按摩穴道按摩休閒舒壓經絡按摩中式推拿拔罐刮痧精油按摩局部護理",22.636632995045,120.345366038543
"2029","虹媚SPA養生館(舊甜心)","710台灣台南市永康區中華路500-1號","全身按摩半身按摩肩頸按摩背部按摩指壓油壓泰式按摩越式按摩台式按摩中式按摩休閒舒壓經絡按摩中式推拿刮痧精油按摩局部護理芳療SPA泰式SPA被動式瑜伽踩背",23.011840005876,120.231999959905
"2030","泰皇殿泰式SPA養生會館","235台灣新北市中和區連城路78號","全身按摩腳底按摩肩頸按摩背部按摩指壓油壓泰式按摩泰式古法經絡按摩精油按摩足湯被動式瑜伽",25.001199983527,121.497240029973
"2031","丞佑SPA養生館","235台灣新北市中和區中山路二段91號","全身按摩腳底按摩肩頸按摩背部按摩油壓泰式按摩中式按摩經絡按摩中式推拿拔罐刮痧精油按摩足湯全身去角質",25.004077993801,121.503505670234
"2032","蘭泰坊泰式按摩","111台灣台北市士林區延平北路五段178號","全身按摩腳底按摩肩頸按摩背部按摩指壓油壓泰式按摩泰式古法經絡按摩精油按摩足湯泰式SPA被動式瑜伽",25.083050986325,121.510324013191
"2033","西貢養生館","111台灣台北市士林區美崙街70號","全身按摩腳底按摩背部按摩指壓油壓越式按摩中式按摩休閒舒壓經絡按摩中式推拿刮痧精油按摩熱石按摩臉部護膚修凍甲修腳皮美容SPA",25.097130991098,121.522121961006
"2034","金字塔泰式SPA養生會館","111台灣台北市士林區中正路366號","全身按摩腳底按摩肩頸按摩背部按摩指壓油壓泰式按摩泰式古法經絡按摩精油按摩足湯泰式SPA全身去角質",25.09431299525,121.521156030484
"2035","紅玉金SPA男女會館(舊粉金鑽)","338台灣桃園市蘆竹區南山路二段453號","全身按摩半身按摩肩頸按摩背部按摩指壓油壓泰式按摩越式按摩台式按摩中式按摩休閒舒壓經絡按摩中式推拿拔罐刮痧精油按摩局部護理芳療SPA泰式SPA掏耳朵被動式瑜伽全身去角質",25.071897187769,121.285152566286
"2036","日月鑫養生館(舊紅太陽)","241台灣新北市三重區三和路二段22號","全身按摩半身按摩肩頸按摩背部按摩指壓油壓泰式按摩越式按摩台式按摩中式按摩休閒舒壓經絡按摩中式推拿刮痧精油按摩局部護理芳療SPA泰式SPA被動式瑜伽踩背",25.067447989745,121.500348961679
"2037","世容健康館","241台灣新北市三重區自強路二段77號","全身按摩肩頸按摩背部按摩指壓油壓越式按摩中式按摩休閒舒壓經絡按摩中式推拿精油按摩局部護理修凍甲",25.070122990324,121.488740025781
"2038","星辰男女健康美容會館","241台灣新北市三重區重新路四段11號","全身按摩半身按摩肩頸按摩背部按摩指壓油壓越式按摩中式按摩休閒舒壓經絡按摩中式推拿拔罐刮痧精油按摩局部護理",25.058170186848,121.488754526474
"2039","My Art Nail 美甲小舖","247台灣新北市蘆洲區和平路26號","全身按摩指壓油壓越式按摩中式按摩休閒舒壓經絡按摩中式推拿刮痧精油按摩局部護理全身去角質",25.079274310302,121.471323772087
"2040","向日葵男女養生館","10491台灣台北市中山區吉林路195號","全身按摩半身按摩腳底按摩肩頸按摩背部按摩指壓油壓泰式按摩泰式古法越式按摩中式按摩經絡按摩精油按摩局部護理足湯被動式瑜伽",25.059852015721,121.530359024895
"2041","金越舒壓會館","10491台灣台北市中山區吉林路193號","全身按摩半身按摩肩頸按摩背部按摩指壓油壓泰式按摩越式按摩台式按摩中式按摩休閒舒壓經絡按摩刮痧精油按摩局部護理芳療SPA泰式SPA被動式瑜伽踩背",25.059797994355,121.530370005188
"2042","雲海舒壓會館(舊越海)","103台灣台北市大同區延平北路二段207號","全身按摩半身按摩肩頸按摩背部按摩指壓油壓泰式按摩越式按摩台式按摩中式按摩休閒舒壓經絡按摩中式推拿刮痧精油按摩局部護理芳療SPA泰式SPA被動式瑜伽踩背",25.059618998812,121.511560008634
"2043","沛彤生活館","437台灣台中市大甲區經國路706號","全身按摩肩頸按摩背部按摩指壓油壓中式按摩經絡按摩中式推拿拔罐刮痧精油按摩局部護理臉部護膚",24.353374379852,120.618538214182
"2044","晶瀅殿養生會館(皇晶宮KTV)","435台灣台中市梧棲區八德路99號","全身按摩半身按摩肩頸按摩背部按摩指壓油壓泰式按摩越式按摩台式按摩中式按摩休閒舒壓經絡按摩中式推拿刮痧精油按摩局部護理臉部護膚芳療SPA泰式SPA被動式瑜伽全身去角質",24.262758001807,120.532267978663
"2045","足樂養生館","820台灣高雄市岡山區前峰路31-6號1樓","全身按摩腳底按摩肩頸按摩背部按摩指壓油壓中式按摩經絡按摩中式推拿拔罐刮痧精油按摩修凍甲修腳皮足湯薰香耳燭",22.794514984262,120.288974018902
"2046","泰金麒泰式養身會館","103台灣台北市大同區民族西路155號2樓","全身按摩腳底按摩肩頸按摩背部按摩指壓油壓泰式按摩泰式古法休閒舒壓經絡按摩精油按摩局部護理足湯芳療SPA泰式SPA被動式瑜伽踩背",25.068714998229,121.51606100682
"2047","玉璽養生館","103台灣台北市大同區民族西路144號","半身按摩腳底按摩肩頸按摩背部按摩指壓中式按摩經絡按摩中式推拿足湯",25.068445981046,121.516034017092
"2048","人人足體養生館","103台灣台北市大同區承德路三段43號1樓","全身按摩半身按摩腳底按摩肩頸按摩背部按摩指壓油壓中式按摩穴道按摩經絡按摩中式推拿拔罐刮痧精油按摩修凍甲修腳皮足湯",25.06456398641,121.518540960512
"2049","ANMO spa","40458台灣台中市北區中清路一段668號1樓(登峰21社區內)","全身按摩半身按摩頸胸按摩背部按摩指壓油壓泰式古法歐式按摩中式按摩熱油按摩經絡按摩拔罐刮痧精油按摩熱石按摩芳香按摩臉部護膚芳療SPA美容SPA被動式瑜伽全身去角質",24.168644987125,120.672920001984
"2050","東方SPA養生會館(舊天使閣)","412台灣台中市大里區永隆路486號2樓","全身按摩半身按摩肩頸按摩背部按摩指壓油壓泰式按摩越式按摩台式按摩中式按摩休閒舒壓經絡按摩中式推拿精油按摩局部護理芳療SPA泰式SPA被動式瑜伽",24.114840031523,120.676230437816
"2051","莫云澗養生會館","427台灣台中市潭子區中山路二段351巷8號","全身按摩腳底按摩肩頸按摩背部按摩指壓油壓中式按摩經絡按摩中式推拿刮痧精油按摩修凍甲修腳皮足湯",24.212528189743,120.704653803587
"2052","佳宸養生館","900台灣屏東縣屏東市復興南路一段265號","全身按摩腳底按摩肩頸按摩背部按摩指壓油壓中式按摩經絡按摩中式推拿拔罐刮痧精油按摩局部護理",22.649040013854,120.486003980267
"2053","合虹泰式按摩養生館","932台灣屏東縣新園鄉南龍路36號","全身按摩半身按摩肩頸按摩背部按摩指壓油壓泰式按摩中式按摩拔罐刮痧精油按摩",22.483909983413,120.457602991004
"2054","彩雲健康養生會館","300台灣新竹市香山區經國路三段85號","全身按摩半身按摩腳底按摩肩頸按摩背部按摩指壓油壓越式按摩中式按摩休閒舒壓經絡按摩中式推拿刮痧精油按摩局部護理足湯",24.798271802626,120.953254094791
"2055","甜夜美容名店SPA","302台灣新竹縣竹北市中華路41號","全身按摩半身按摩肩頸按摩背部按摩指壓油壓越式按摩中式按摩休閒舒壓經絡按摩中式推拿精油按摩局部護理",24.828044993257,120.998717034701
"2056","W舒壓生活館","320台灣桃園市中壢區民族路二段80號","全身按摩指壓油壓日式按摩越式按摩中式按摩放鬆按摩休閒舒壓經絡按摩局部護理水療SPA",24.957623600474,121.206332585405
"2057","芸水閣養生坊","320台灣桃園市中壢區新生路132號2F","全身按摩半身按摩腳底按摩肩頸按摩背部按摩指壓油壓越式按摩中式按摩休閒舒壓經絡按摩中式推拿拔罐刮痧精油按摩局部護理孕婦按摩足湯全身去角質",24.960221780911,121.223053727868
"2058","不一樣舒壓館","320台灣桃園市中壢區環北路70號","全身按摩肩頸按摩背部按摩指壓油壓越式按摩中式按摩休閒舒壓經絡按摩中式推拿刮痧精油按摩局部護理",24.965927007127,121.218465976984
"2059","豪門世家台式按摩會館","10491台灣台北市中山區林森北路410號B1/1F","全身按摩半身按摩腳底按摩肩頸按摩背部按摩指壓油壓中式按摩穴道按摩經絡按摩中式推拿精油按摩局部護理臉部護膚足湯",25.059502965298,121.525499934094
"2060","洣蒂亞男女 SPA按摩","247台灣新北市蘆洲區長安街107號2樓","全身按摩肩頸按摩背部按摩指壓油壓中式按摩穴道按摩經絡按摩中式推拿精油按摩",25.080878983755,121.461435976187
"2061","莎唄泰式養身館","310台灣新竹縣竹東鎮東寧路三段25號2樓","全身按摩腳底按摩肩頸按摩背部按摩指壓油壓泰式按摩泰式古法經絡按摩精油按摩局部護理足湯泰式SPA被動式瑜伽",24.737180888065,121.08797642453
"2062","湄公河泰式養生館","310台灣新竹縣竹東鎮莊敬路15號1樓","全身按摩腳底按摩肩頸按摩背部按摩指壓油壓泰式按摩泰式古法經絡按摩精油按摩局部護理足湯泰式SPA",24.742054880942,121.087071095168
"2063","湄南河泰式SPA養生館","241台灣新北市三重區永安北路二段131號","全身按摩腳底按摩肩頸按摩背部按摩指壓油壓泰式按摩泰式古法經絡按摩精油按摩足湯泰式SPA被動式瑜伽",25.084138132485,121.48340223985
"2064","依依SPA養生會館(舊珊婕)","900台灣屏東縣屏東市大豐路22號","全身按摩半身按摩肩頸按摩背部按摩指壓油壓泰式按摩越式按摩台式按摩中式按摩休閒舒壓經絡按摩中式推拿刮痧精油按摩局部護理芳療SPA泰式SPA被動式瑜伽踩背",22.665576000077,120.472392020967
"2065","玉天池養生坊","242台灣新北市新莊區復興路一段99號","全身按摩腳底按摩指壓油壓中式按摩穴道按摩經絡按摩中式推拿拔罐刮痧精油按摩足湯",25.042986997889,121.448893966828
"2066","天美男女泰式按摩","807台灣高雄市三民區民族一路768號","全身按摩肩頸按摩背部按摩指壓油壓泰式按摩越式按摩中式按摩休閒舒壓經絡按摩精油按摩局部護理踩背",22.665242987063,120.316724991573
"2067","滿憶男女養生會館","220台灣新北市板橋區漢生西路38號","全身按摩肩頸按摩背部按摩指壓油壓越式按摩中式按摩休閒舒壓經絡按摩中式推拿刮痧精油按摩局部護理",25.018390009654,121.463347972121
"2068","芭比越式養生舒活館","710台灣台南市永康區永大路二段263號","全身按摩半身按摩肩頸按摩背部按摩指壓油壓泰式按摩泰式古法越式按摩中式按摩休閒舒壓經絡按摩中式推拿刮痧精油按摩局部護理芳療SPA泰式SPA被動式瑜伽",23.009024692238,120.262121083337
"2069","皇后養生會館 – 大雅店","428台灣台中市大雅區民生路四段268號","全身按摩半身按摩肩頸按摩背部按摩指壓油壓泰式按摩越式按摩中式按摩休閒舒壓經絡按摩中式推拿拔罐刮痧精油按摩局部護理芳療SPA泰式SPA被動式瑜伽踩背",24.239095009043,120.672409041166
"2070","皇后養生會館 – 中清店","407台灣台中市西屯區中清路三段338號","全身按摩肩頸按摩背部按摩指壓油壓越式按摩中式按摩休閒舒壓經絡按摩中式推拿拔罐刮痧精油按摩局部護理",24.204826980925,120.652994038841
"2071","金色年華時尚養生館","108台灣台北市萬華區西昌街154號","全身按摩肩頸按摩背部按摩指壓油壓泰式按摩越式按摩中式按摩休閒舒壓經絡按摩中式推拿刮痧精油按摩局部護理踩背",25.038727985247,121.500523975818
"2072","晶樂泰式養生館","103台灣台北市大同區台北市大同區延平北路二段218號","全身按摩腳底按摩肩頸按摩背部按摩指壓油壓泰式按摩休閒舒壓經絡按摩刮痧精油按摩局部護理泰式SPA踩背",25.059457982452,121.511324980069
"2073","雲芳養生館","116台灣台北市文山區羅斯福路六段171號","全身按摩半身按摩肩頸按摩背部按摩指壓油壓越式按摩中式按摩休閒舒壓經絡按摩中式推拿刮痧精油按摩局部護理",24.99691201141,121.541156005832
"2074","溯源經絡養生會館","116台灣台北市文山區景文街78號1樓","全身按摩半身按摩腳底按摩肩頸按摩指壓油壓中式按摩經絡按摩中式推拿拔罐刮痧精油按摩局部護理足湯",24.990538998968,121.540977974209
"2075","金三/東京/瑪妮SPA會館","704台灣台南市北區大興街358號","全身按摩半身按摩肩頸按摩背部按摩指壓油壓泰式按摩越式按摩台式按摩中式按摩休閒舒壓經絡按摩中式推拿精油按摩局部護理芳療SPA泰式SPA被動式瑜伽",23.009658992761,120.183865036901
"2076","妮妮養生館","704台灣台南市北區臨安路二段22號1樓","全身按摩肩頸按摩背部按摩指壓油壓越式按摩中式按摩休閒舒壓經絡按摩中式推拿精油按摩局部護理",23.002271979583,120.195777984427
"2077","水月養生坊","262台灣宜蘭縣礁溪鄉仁愛路20號","全身按摩腳底按摩背部按摩指壓油壓中式按摩經絡按摩中式推拿精油按摩",24.828259989074,121.770904977699
"2078","御泉養生館-信義店","106台灣台北市大安區信義路四段293號3樓","全身按摩腳底按摩背部按摩指壓油壓中式按摩經絡按摩中式推拿精油按摩",25.033333392364,121.555148000622
"2079","御泉養生館-中壢店","320台灣桃園市中壢區元化路二段29巷18-2號3樓","全身按摩腳底按摩背部按摩指壓油壓中式按摩經絡按摩中式推拿精油按摩",24.961824987532,121.221919321093
"2080","御泉養生館 – 永和旗艦店","234台灣新北市永和區永和路二段32號3樓","全身按摩腳底按摩背部按摩指壓油壓中式按摩經絡按摩中式推拿精油按摩",25.010566005954,121.514874967521
"2081","御泉養生館- 太原總店","103台灣台北市大同區太原路97巷27號3樓","全身按摩腳底按摩背部按摩指壓油壓中式按摩經絡按摩中式推拿精油按摩",25.05209301368,121.516686967349
"2082","Pandora潘朵拉美容會館","63044台灣雲林縣斗南鎮建國二路123號","全身按摩腳底按摩肩頸按摩背部按摩指壓油壓泰式按摩越式按摩台式按摩中式按摩芳香療法按摩穴道按摩休閒舒壓經絡按摩中式推拿拔罐刮痧精油按摩局部護理臉部護膚芳療SPA美容SPA泰式SPA歐式SPA被動式瑜伽踩背",23.681925010719,120.469648121144
"2083","歌媞SPA會館","302台灣新竹縣竹北市興隆路五段73號","全身按摩半身按摩肩頸按摩背部按摩指壓油壓泰式按摩歐式按摩越式按摩台式按摩中式按摩休閒舒壓經絡按摩中式推拿刮痧精油按摩局部護理芳療SPA泰式SPA薰香耳燭被動式瑜伽踩背",24.80255998429,121.032840013985
"2084","沐雨SPA舒活館","801台灣高雄市前金區長生街23號","全身按摩指壓油壓中式按摩芳香療法按摩經絡按摩精油按摩芳香按摩臉部護膚芳療SPA美容SPA薰香耳燭全身去角質",22.62226398225,120.296065025169
"2085","名皇泰式養生館","338台灣桃園市蘆竹區南崁路一段317號","全身按摩腳底按摩指壓油壓泰式按摩泰式古法中式按摩經絡按摩中式推拿拔罐刮痧精油按摩熱石按摩足湯泰式SPA被動式瑜伽全身去角質",25.054214012369,121.283146022485
"2086","錦洲街泰式養生會館","10491台灣台北市中山區錦州街36號2樓","全身按摩腳底按摩肩頸按摩背部按摩指壓油壓泰式按摩泰式古法經絡按摩精油按摩局部護理足湯泰式SPA被動式瑜伽全身去角質",25.06021998127,121.525146989862
"2087","雞蛋花泰式養生館","103台灣台北市大同區民族西路38 號","全身按摩半身按摩腳底按摩肩頸按摩背部按摩指壓油壓泰式按摩泰式古法芳香療法按摩穴道按摩休閒舒壓經絡按摩精油按摩局部護理足湯泰式SPA被動式瑜伽",25.068416673057,121.519370037362
"2088","越靚足體養生館","103台灣台北市大同區重慶北路二段175號","全身按摩半身按摩肩頸按摩背部按摩指壓油壓越式按摩中式按摩休閒舒壓經絡按摩中式推拿刮痧精油按摩局部護理踩背",25.059421982178,121.513793031459
"2089","涵軒足道養身會館","105台灣台北市松山區民生東路五段34號一樓","全身按摩半身按摩腳底按摩肩頸按摩指壓油壓中式按摩經絡按摩中式推拿拔罐刮痧精油按摩修腳皮足湯",25.058112686993,121.556734359617
"2090","泰竹養生會館","221台灣新北市汐止區康寧街460號","全身按摩腳底按摩肩頸按摩背部按摩指壓油壓泰式按摩泰式古法中式按摩經絡按摩中式推拿拔罐刮痧精油按摩足湯全身去角質踩背",25.068209695196,121.631682320326
"2091","泰莉雅美容SPA生活館","116台灣台北市文山區興隆路一段145號","全身按摩腳底按摩肩頸按摩指壓油壓泰式按摩泰式古法經絡按摩精油按摩足湯泰式SPA被動式瑜伽全身去角質",25.001784998459,121.542380015153
"2092","泰綻健康生活館","111台灣台北市士林區士東路260號","全身按摩腳底按摩肩頸按摩背部按摩指壓油壓泰式按摩泰式古法經絡按摩精油按摩足湯泰式SPA被動式瑜伽",25.1130489796,121.536295004904
"2093","泰鼎健康生活館","116台灣台北市文山區興隆路二段244巷2號","全身按摩腳底按摩肩頸按摩背部按摩指壓油壓泰式按摩泰式古法經絡按摩精油按摩足湯泰式SPA被動式瑜伽",25.000773009379,121.553527024367
"2094","指舞春秋足體養生 – 通化二館 Dancing Finger Massage","106台灣台北市大安區通化街19-2號","全身按摩半身按摩肩頸按摩指壓油壓中式按摩經絡按摩中式推拿拔罐刮痧精油按摩修凍甲修腳皮足湯",25.031536018956,121.554341996812
"2095","康綺健康養生館","116台灣台北市文山區興隆路三段84號2樓","全身按摩腳底按摩肩頸按摩背部按摩指壓油壓中式按摩經絡按摩中式推拿拔罐刮痧精油按摩",24.999670998659,121.556630004922
"2096","海韻SPA養生會館","262台灣宜蘭縣礁溪鄉礁溪路五段1-2號","全身按摩腳底按摩肩頸按摩背部按摩指壓油壓中式按摩經絡按摩中式推拿精油按摩足湯全身去角質",24.824457203422,121.770528211151
"2097","雨晴舒壓養生館","114台灣台北市內湖區金龍路81號","全身按摩腳底按摩肩頸按摩背部按摩指壓油壓泰式按摩泰式古法經絡按摩精油按摩足湯泰式SPA被動式瑜伽",25.085333001374,121.592091993239
"2098","金鑽168足體養生館-永安店","330台灣桃園市桃園區永安路200巷11號","全身按摩半身按摩腳底按摩肩頸按摩背部按摩指壓油壓中式按摩經絡按摩中式推拿拔罐刮痧精油按摩芳香按摩足湯",24.997731007169,121.305482034248
"2099","金鑽168足體養生館-朝陽店","330台灣桃園市桃園區朝陽街11號","全身按摩半身按摩腳底按摩肩頸按摩背部按摩指壓油壓中式按摩經絡按摩中式推拿拔罐刮痧精油按摩芳香按摩足湯",24.996307005638,121.313364040718
"2100","舒心閣養生館","100台灣台北市中正區漢口街一段66號之1","全身按摩腳底按摩肩頸按摩背部按摩指壓油壓中式按摩經絡按摩中式推拿拔罐刮痧精油按摩修凍甲修腳皮足湯",25.045095004628,121.512678992708
"2101","楓悅養生館","244台灣新北市林口區中山路58號","全身按摩半身按摩肩頸按摩背部按摩指壓油壓泰式按摩越式按摩台式按摩中式按摩休閒舒壓經絡按摩中式推拿刮痧精油按摩局部護理芳療SPA泰式SPA被動式瑜伽踩背",25.078598016444,121.394718038568
"2102","采悅美容舒壓館","115台灣台北市南港區南港路一段208號","全身按摩半身按摩腳底按摩肩頸按摩背部按摩指壓油壓泰式按摩泰式古法越式按摩台式按摩中式按摩休閒舒壓經絡按摩中式推拿刮痧精油按摩局部護理足湯芳療SPA泰式SPA被動式瑜伽踩背",25.055193982578,121.61078799591
"2103","泰越養生會館","114台灣台北市內湖區內湖路二段484號","全身按摩腳底按摩指壓油壓泰式按摩泰式古法經絡按摩精油按摩足湯被動式瑜伽",25.084334800525,121.593371826035
"2104","JS聲林個人SPA工作室","807台灣高雄市三民區南台路195巷","全身按摩指壓油壓局部護理芳療SPA",22.637069147377,120.297328764711
"2105","足功夫足體養生館-礁溪店","262台灣宜蘭縣礁溪鄉仁愛路92號","全身按摩腳底按摩肩頸按摩背部按摩指壓油壓中式按摩經絡按摩中式推拿拔罐刮痧精油按摩修凍甲修腳皮",24.8262319876,121.768867001761
"2106","泰后泰式養生館(萊泰古法養生館)","220台灣新北市板橋區漢生東路41號","全身按摩半身按摩腳底按摩肩頸按摩背部按摩指壓油壓泰式按摩泰式古法經絡按摩精油按摩足湯泰式SPA被動式瑜伽",25.016919991475,121.465585018259
"2107","時雨舒壓別館(時雨泰式養生館)","247台灣新北市蘆洲區三民路135號","全身按摩半身按摩肩頸按摩背部按摩指壓油壓泰式按摩越式按摩台式按摩中式按摩休閒舒壓經絡按摩刮痧精油按摩局部護理芳療SPA泰式SPA被動式瑜伽踩背",25.08639901182,121.471902039587
"2108","足之舞足體養生館 – 木柵店","116台灣台北市文山區興隆路四段93號","全身按摩半身按摩腳底按摩指壓油壓中式按摩經絡按摩中式推拿拔罐精油按摩修凍甲修腳皮",24.988407019986,121.560464977082
"2109","舒閣養生館","116台灣台北市文山區興隆路四段139號","全身按摩半身按摩腳底按摩指壓油壓中式按摩經絡按摩中式推拿拔罐刮痧精油按摩",24.985244988923,121.561621009168
"2110","易德泰式養身會館","115台灣台北市南港區忠孝東路六段268號","全身按摩半身按摩腳底按摩背部按摩指壓油壓泰式按摩泰式古法休閒舒壓經絡按摩中式推拿刮痧精油按摩局部護理足湯芳療SPA泰式SPA被動式瑜伽踩背",25.049002019246,121.58882397301
"2111","靜足體養生館 – 南軟店","115台灣台北市南港區三重路1號","全身按摩腳底按摩肩頸按摩指壓油壓中式按摩經絡按摩中式推拿拔罐刮痧精油按摩足湯",25.055610018343,121.613782011724
"2112","靜足體養生館 – 南京店","105台灣台北市松山區南京東路五段266號","全身按摩腳底按摩肩頸按摩指壓油壓中式按摩經絡按摩中式推拿拔罐刮痧精油按摩足湯",25.051123017935,121.566770012289
"2113","哩拉哇帝泰式養生會館 Lilavadee Thai Spa","200台灣基隆市仁愛區南榮路64巷10號、10-1號","全身按摩腳底按摩肩頸按摩背部按摩指壓油壓泰式按摩泰式古法經絡按摩拔罐刮痧精油按摩熱石按摩修腳皮足湯泰式SPA被動式瑜伽全身去角質",25.123130720919,121.742723327698
"2114","泰皇殿養生會館(舊金巴黎)","200台灣基隆市仁愛區南榮路18號","全身按摩半身按摩肩頸按摩背部按摩指壓油壓泰式按摩越式按摩台式按摩中式按摩休閒舒壓經絡按摩中式推拿刮痧精油按摩局部護理芳療SPA泰式SPA被動式瑜伽踩背",25.125731008652,121.742547993428
"2115","青泉養身坊","115台灣台北市南港區八德路四段873號","全身按摩中式按摩運動按摩經絡按摩中式推拿",25.050792184216,121.580345677948
"2116","鑫鑫健康美容坊","115台灣台北市南港區忠孝東路六段254號2樓","全身按摩指壓油壓中式按摩經絡按摩精油按摩臉部護膚修凍甲",25.048951015365,121.588370009134
"2117","名家養生會館","115台灣台北市南港區興中路74號","全身按摩半身按摩肩頸按摩背部按摩指壓油壓泰式按摩越式按摩台式按摩中式按摩休閒舒壓經絡按摩中式推拿刮痧精油按摩局部護理芳療SPA泰式SPA被動式瑜伽",25.057211497078,121.606799658803
"2118","沐足悅足體養身館","115台灣台北市南港區永吉路544號1樓","全身按摩半身按摩腳底按摩肩頸按摩指壓油壓日式按摩台式按摩中式按摩休閒舒壓經絡按摩中式推拿拔罐刮痧精油按摩局部護理足湯芳療SPA",25.045138003791,121.581553007281
"2119","螢火蟲SPA美容會館","807台灣高雄市三民區九如二路106號","全身按摩半身按摩背部按摩指壓油壓越式按摩中式按摩休閒舒壓經絡按摩中式推拿精油按摩局部護理",22.640857013241,120.31057200409
"2120","寶琜時尚會館","324台灣桃園市平鎮區民族路二段257號","全身按摩半身按摩肩頸按摩背部按摩指壓油壓泰式按摩歐式按摩瑞典式按摩越式按摩台式按摩中式按摩休閒舒壓經絡按摩中式推拿刮痧精油按摩局部護理芳療SPA美容SPA泰式SPA被動式瑜伽全身去角質踩背",24.956728916129,121.201850278863
"2121","皇都健康養生會館","632台灣雲林縣虎尾鎮文科路28號","全身按摩半身按摩腳底按摩肩頸按摩背部按摩指壓油壓泰式按摩越式按摩台式按摩中式按摩休閒舒壓經絡按摩中式推拿刮痧精油按摩局部護理修凍甲修腳皮芳療SPA美容SPA泰式SPA被動式瑜伽踩背",23.7100309989,120.445500025733
"2122","慶鴻泰式推拿館","806台灣高雄市前鎮區保泰路231號","全身按摩腳底按摩肩頸按摩背部按摩指壓油壓泰式按摩泰式古法越式按摩台式按摩中式按摩休閒舒壓經絡按摩中式推拿刮痧精油按摩局部護理芳療SPA泰式SPA被動式瑜伽",22.601451004204,120.331616029298
"2123","清邁泰式養生館","737台灣台南市鹽水區忠孝路101號2樓","全身按摩腳底按摩肩頸按摩背部按摩指壓油壓泰式按摩泰式古法經絡按摩精油按摩足湯泰式SPA被動式瑜伽踩背",23.310782510466,120.273269266017
"2124","12泰式養生館","811台灣高雄市楠梓區德民路705號1樓","全身按摩腳底按摩肩頸按摩背部按摩指壓油壓泰式按摩泰式古法經絡按摩精油按摩足湯泰式SPA被動式瑜伽",22.721923008897,120.294787958402
"2125","越㜺足體養生館","103台灣台北市大同區重慶北路三段158號","全身按摩半身按摩肩頸按摩背部按摩指壓油壓越式按摩中式按摩休閒舒壓經絡按摩中式推拿精油按摩局部護理修凍甲",25.068288988,121.513494970982
"2126","泰國清邁養生館","811台灣高雄市楠梓區德民路636號","全身按摩腳底按摩肩頸按摩背部按摩指壓油壓泰式按摩泰式古法經絡按摩精油按摩局部護理泰式SPA被動式瑜伽",22.722904990764,120.295921024073
"2127","金羽蝶美顏&按推","803台灣高雄市鹽埕區富野路58號","全身按摩指壓油壓中式按摩經絡按摩刮痧精油按摩芳香按摩局部護理臉部護膚",22.628053991416,120.284690028189
"2128","尼羅河足體養生館","108台灣台北市萬華區峨眉街124-4號","全身按摩腳底按摩肩頸按摩指壓油壓中式按摩經絡按摩中式推拿精油按摩局部護理臉部護膚修凍甲修腳皮",25.044597999679,121.50195904146
"2129","緗萊舒壓休閒館","108台灣台北市萬華區萬大路51號","全身按摩半身按摩肩頸按摩背部按摩指壓油壓越式按摩中式按摩休閒舒壓經絡按摩中式推拿刮痧精油按摩局部護理全身去角質踩背",25.031548005078,121.500716005219
"2130","梨松養生館","500台灣彰化縣彰化市中華西路371號","全身按摩腳底按摩指壓油壓中式按摩經絡按摩中式推拿拔罐刮痧精油按摩局部護理",24.068744980762,120.526692001394
"2131","帝足養生集團","500台灣彰化縣彰化市金馬路三段355號","全身按摩腳底按摩肩頸按摩指壓油壓中式按摩經絡按摩中式推拿刮痧精油按摩修凍甲修腳皮足湯",24.08219780963,120.530435024076
"2132","艾妮養生舒活館","709台灣台南市安南區安中路一段563號","全身按摩半身按摩肩頸按摩背部按摩指壓油壓泰式按摩越式按摩中式按摩休閒舒壓經絡按摩中式推拿刮痧精油按摩局部護理芳療SPA泰式SPA被動式瑜伽",23.040538385064,120.19945428716
"2133","金鳳凰泰式養生館","500台灣彰化縣彰化市中山路一段150-6號","全身按摩半身按摩腳底按摩肩頸按摩指壓油壓泰式按摩泰式古法越式按摩中式按摩休閒舒壓經絡按摩中式推拿刮痧精油按摩局部護理足湯泰式SPA被動式瑜伽踩背",24.056691007715,120.53414502206
"2134","金璽尊爵會館(舊金鳳凰)","435台灣台中市梧棲區大智路二段176號","全身按摩半身按摩腳底按摩肩頸按摩背部按摩指壓油壓泰式按摩越式按摩中式按摩休閒舒壓經絡按摩中式推拿刮痧精油按摩局部護理修凍甲修腳皮足湯芳療SPA泰式SPA被動式瑜伽岩盤浴",24.258333614216,120.538562787948
"2135","晶泉泰式養生館(舊泰迪亞)","508台灣彰化縣和美鎮德美路511號","全身按摩腳底按摩肩頸按摩背部按摩指壓油壓泰式按摩泰式古法經絡按摩精油按摩足湯泰式SPA被動式瑜伽踩背",24.117372005301,120.498732989886
"2136","愛菲雅泰式養生會館","508台灣彰化縣和美鎮和線路176號","全身按摩腳底按摩肩頸按摩背部按摩指壓油壓泰式按摩泰式古法經絡按摩精油按摩局部護理足湯泰式SPA被動式瑜伽",24.11555501824,120.49085500673
"2137","帕泰雅休閒養生館","260台灣宜蘭縣宜蘭市宜興路一段57號1樓","全身按摩腳底按摩肩頸按摩背部按摩指壓油壓泰式按摩泰式古法經絡按摩精油按摩足湯泰式SPA被動式瑜伽全身去角質",24.749605886056,121.755372137649
"2138","水噹噹養生館","407台灣台中市西屯區中清路二段1313號","全身按摩肩頸按摩背部按摩指壓油壓泰式按摩台式按摩中式按摩休閒舒壓經絡按摩中式推拿拔罐刮痧精油按摩局部護理芳療SPA泰式SPA踩背",24.194880218336,120.658294335314
"2139","凱心養生館","802台灣高雄市苓雅區建國一路151號","全身按摩背部按摩指壓油壓越式按摩中式按摩休閒舒壓經絡按摩精油按摩局部護理",22.63256299432,120.329341013138
"2140","花漾美容舒壓SPA會館(舊凱欣)","108台灣台北市萬華區萬大路314號","全身按摩半身按摩肩頸按摩背部按摩指壓油壓泰式按摩越式按摩台式按摩中式按摩休閒舒壓經絡按摩中式推拿拔罐刮痧精油按摩局部護理臉部護膚芳療SPA泰式SPA被動式瑜伽",25.024748982408,121.50020001526
"2141","泰璽悅泰式生活館","114台灣台北市內湖區康寧路三段165巷14弄18號","全身按摩腳底按摩肩頸按摩背部按摩指壓油壓泰式按摩泰式古法經絡按摩精油按摩足湯泰式SPA被動式瑜伽",25.070719991378,121.612170004105
"2142","泰紫殿養身會館","412台灣台中市大里區中興路一段167-11號","全身按摩半身按摩腳底按摩肩頸按摩背部按摩指壓油壓泰式按摩泰式古法經絡按摩精油按摩足湯泰式SPA被動式瑜伽",24.088497019414,120.695334468361
"2143","紅悅養生館(舊未來泰式)","802台灣高雄市苓雅區正義路94號","全身按摩半身按摩肩頸按摩背部按摩指壓油壓泰式按摩越式按摩台式按摩中式按摩休閒舒壓經絡按摩中式推拿刮痧精油按摩局部護理足湯芳療SPA泰式SPA被動式瑜伽踩背",22.630107012871,120.338770989486
"2144","依琳會館","320台灣桃園市中壢區環北路174號","全身按摩半身按摩肩頸按摩背部按摩指壓油壓泰式按摩越式按摩台式按摩中式按摩休閒舒壓經絡按摩中式推拿刮痧精油按摩局部護理芳療SPA泰式SPA被動式瑜伽踩背",24.966152019317,121.221507015276
"2145","雅淇美容生活館","710台灣台南市永康區大灣路798巷21號","全身按摩半身按摩肩頸按摩背部按摩指壓油壓泰式按摩越式按摩中式按摩休閒舒壓經絡按摩中式推拿刮痧精油按摩局部護理芳療SPA泰式SPA歐式SPA被動式瑜伽",23.001003001351,120.258726999284
"2146","沐夏美容時尚會館","10491台灣台北市中山區長春路346號1樓2樓","全身按摩肩頸按摩指壓油壓中式按摩休閒舒壓經絡按摩中式推拿精油按摩局部護理",25.054472007348,121.541103032204
"2147","蘭泰泰式養生館 Lan Thai Thai Massage","110台灣台北市信義區光復南路551號","全身按摩腳底按摩指壓油壓泰式按摩泰式古法經絡按摩刮痧精油按摩足湯泰式SPA被動式瑜伽全身去角質",25.031364986222,121.557681011761
"2148","恰巴泰泰式男女養生館","812台灣高雄市小港區24 宏平路","全身按摩腳底按摩肩頸按摩指壓油壓泰式按摩泰式古法經絡按摩精油按摩泰式SPA被動式瑜伽",22.572549992508,120.364887993953
"2149","161養生館","236台灣新北市土城區學士路53號","全身按摩半身按摩腳底按摩肩頸按摩指壓油壓中式按摩經絡按摩中式推拿拔罐刮痧精油按摩修凍甲修腳皮",24.981722997027,121.452511009505
"2150","優活泰式美容莊園會館","241台灣新北市三重區重陽路三段170號","全身按摩腳底按摩背部按摩指壓油壓泰式按摩泰式古法芳香療法按摩經絡按摩中式推拿精油按摩芳香按摩局部護理修腳皮足湯泰式SPA被動式瑜伽",25.068016995242,121.48975297878
"2151","心惠養生足道 – 萬方店","116台灣台北市文山區興隆路三段112巷2弄36號","全身按摩腳底按摩肩頸按摩背部按摩指壓油壓中式按摩經絡按摩中式推拿拔罐刮痧精油按摩足湯",24.999710980337,121.556182998026
"2152","窩心足匠養身舘","105台灣台北市松山區復興南路一段33號1樓","全身按摩腳底按摩肩頸按摩指壓油壓中式按摩經絡按摩中式推拿精油按摩足湯",25.046328988413,121.544102999169
"2153","清香養生館","812台灣高雄市小港區沿海一路349號","全身按摩半身按摩腳底按摩肩頸按摩背部按摩指壓油壓泰式按摩越式按摩台式按摩中式按摩休閒舒壓經絡按摩中式推拿刮痧精油按摩局部護理芳療SPA泰式SPA被動式瑜伽踩背",22.564211004676,120.354709010736
"2154","538泰式養生館","811台灣高雄市楠梓區右昌街538號","全身按摩腳底按摩肩頸按摩指壓油壓泰式按摩泰式古法經絡按摩精油按摩足湯泰式SPA被動式瑜伽",22.717797017059,120.286146970599
"2155","華成健康養生館","241台灣新北市三重區正義南路58號1樓","全身按摩半身按摩腳底按摩指壓中式按摩經絡按摩中式推拿足湯",25.060659318725,121.498347614658
"2156","心惠養生足道 – 興隆店","116台灣台北市文山區興隆路二段82號","全身按摩腳底按摩肩頸按摩背部按摩指壓油壓中式按摩經絡按摩中式推拿拔罐刮痧精油按摩足湯",24.999923000578,121.548228991008
"2157","朵拉泰式SPA養生館 – 鳳頂店","830台灣高雄市鳳山區鳳頂路406號","全身按摩指壓油壓泰式按摩越式按摩中式按摩休閒舒壓經絡按摩中式推拿精油按摩局部護理",22.593686009102,120.359223000873
"2158","朵拉泰式SPA養生館 – 九如店","807台灣高雄市三民區九如二路70號","全身按摩指壓油壓泰式按摩越式按摩中式按摩休閒舒壓經絡按摩中式推拿精油按摩局部護理",22.640765985772,120.311600966524
"2159","朵拉泰式SPA養生館 – 建國店","807台灣高雄市三民區建國一路551號","全身按摩指壓油壓泰式按摩越式按摩中式按摩休閒舒壓經絡按摩中式推拿精油按摩局部護理",22.636485012545,120.314405970422
"2160","金紅養身館","303台灣新竹縣湖口鄉新興路882號","全身按摩半身按摩肩頸按摩背部按摩指壓油壓泰式按摩越式按摩台式按摩中式按摩休閒舒壓經絡按摩中式推拿刮痧精油按摩局部護理芳療SPA泰式SPA被動式瑜伽踩背",24.884684991503,121.013815021614
"2161","水晶金中式男女美容會館","236台灣新北市土城區延和路238號","全身按摩指壓油壓中式按摩休閒舒壓經絡按摩中式推拿拔罐刮痧精油按摩",24.989932987369,121.469548987909
"2162","越美麗養生館","303台灣新竹縣湖口鄉新興路888號","全身按摩半身按摩肩頸按摩背部按摩指壓油壓越式按摩中式按摩休閒舒壓經絡按摩精油按摩局部護理",24.884781006204,121.013933038811
"2163","金泰豐泰式養生會館","234台灣新北市永和區中正路556號","全身按摩腳底按摩肩頸按摩背部按摩指壓油壓泰式按摩泰式古法越式按摩經絡按摩精油按摩局部護理足湯泰式SPA被動式瑜伽全身去角質踩背",25.005742011129,121.517236987835
"2164","NARA泰式養生館 NARA Thai Massage & Spa","106台灣台北市大安區仁愛路四段345巷4弄19號","全身按摩腳底按摩肩頸按摩指壓油壓泰式按摩泰式古法經絡按摩精油按摩足湯泰式SPA被動式瑜伽",25.039096998535,121.552584982269
"2165","莎莎泰式按摩SPA養生會館","330台灣桃園市桃園區中正路1224巷1號(藝文中心旁、由宏林鐵板燒旁中庭進入)","全身按摩腳底按摩指壓油壓泰式按摩泰式古法經絡按摩精油按摩足湯泰式SPA被動式瑜伽",25.01866105875,121.297484836722
"2166","青之森養身館","404台灣台中市北區館前路7號","全身按摩指壓油壓中式按摩經絡按摩中式推拿精油按摩熱石按摩薰香耳燭",24.155602410508,120.666138120306
"2167","大腳丫養生館","950台灣台東縣台東市開封街369-5號","全身按摩半身按摩腳底按摩背部按摩指壓油壓中式按摩經絡按摩中式推拿拔罐精油按摩",22.76340701746,121.145632016075
"2168","大姆指養身館","950台灣台東縣台東市四維路一段510號","全身按摩半身按摩腳底按摩背部按摩指壓油壓中式按摩經絡按摩中式推拿拔罐刮痧精油按摩",22.7579350177,121.156424973699
"2169","可娜泰式按摩 Thai Corner Massage","10491台灣台北市中山區建國北路三段117號","全身按摩腳底按摩指壓油壓泰式按摩泰式古法經絡按摩精油按摩足湯泰式SPA被動式瑜伽",25.066591987883,121.535818996623
"2170","足快樂養生會館","108台灣台北市萬華區西寧南路22號","全身按摩半身按摩腳底按摩肩頸按摩指壓油壓中式按摩經絡按摩中式推拿精油按摩修凍甲修腳皮足湯",25.04620200258,121.506758016304
"2171","東河足體所 大安店 TO-KO style","106台灣台北市大安區大安路一段243號","全身按摩半身按摩腳底按摩指壓日式按摩足湯",25.033947995414,121.54616503117
"2172","柏蕨足體風格會館 Bo-Jue Massage","105台灣台北市松山區敦化北路222巷18弄9號1樓","半身按摩腳底按摩肩頸按摩背部按摩指壓油壓中式按摩經絡按摩中式推拿精油按摩局部護理足湯",25.059009005809,121.547648963308
"2173","歡喜地足體按摩養生館","10491台灣台北市中山區遼寧街30號","全身按摩腳底按摩肩頸按摩背部按摩指壓油壓中式按摩經絡按摩中式推拿精油按摩",25.047942001861,121.54200802629
"2174","維京SPA","108台灣台北市萬華區東園街120號","全身按摩半身按摩肩頸按摩背部按摩指壓油壓越式按摩中式按摩休閒舒壓經絡按摩中式推拿精油按摩局部護理",25.02399301856,121.497269031358
"2175","兆豐足體養生會館","237台灣新北市三峽區光明路35號","全身按摩腳底按摩肩頸按摩背部按摩指壓中式按摩經絡按摩中式推拿拔罐刮痧精油按摩",24.930834996016,121.373644006147
"2176","一號木桿尊爵養生館","320台灣桃園市中壢區中央西路二段155號","全身按摩腳底按摩指壓油壓中式按摩經絡按摩中式推拿拔罐刮痧精油按摩修凍甲修腳皮",24.959903017133,121.214249041497
"2177","越越美SPA養生館","802台灣高雄市苓雅區大順三路174號","全身按摩肩頸按摩背部按摩指壓油壓越式按摩中式按摩休閒舒壓經絡按摩中式推拿精油按摩局部護理",22.633229984265,120.326041979867
"2178","瑞光舒壓健康SPA館","900台灣屏東縣屏東市瑞光路三段161號","全身按摩半身按摩肩頸按摩背部按摩指壓油壓中式按摩休閒舒壓經絡按摩中式推拿刮痧精油按摩局部護理被動式瑜伽踩背",22.68810500516,120.503454013031
"2179","山櫻戀男女養生屋","10491台灣台北市中山區林森北路661號1樓(近捷運中山國小站、晴光商圈、林森民權路口)","全身按摩半身按摩腳底按摩指壓油壓日式按摩中式按摩深層組織按摩經絡按摩中式推拿精油按摩足湯",25.067873999974,121.525929021428
"2180","媚麗養生館","831台灣高雄市大寮區鳳屏一路496號","全身按摩半身按摩肩頸按摩背部按摩指壓油壓中式按摩休閒舒壓經絡按摩中式推拿精油按摩",22.636556007264,120.393252019022
"2181","足之旅養生會館","10491台灣台北市中山區林森北路608號1樓","全身按摩腳底按摩肩頸按摩背部按摩中式按摩經絡按摩中式推拿",25.066339985964,121.52557396401
"2182","暹羅泰式養生會館","105台灣台北市松山區八德路三段108號2樓","全身按摩腳底按摩肩頸按摩背部按摩指壓油壓泰式按摩泰式古法經絡按摩精油按摩足湯泰式SPA被動式瑜伽",25.048041997965,121.553732967728
"2183","妮泰雅SPA舒壓館","231台灣新北市新店區中正路54巷12號1樓","全身按摩腳底按摩肩頸按摩背部按摩指壓油壓泰式按摩泰式古法經絡按摩精油按摩泰式SPA被動式瑜伽",24.970630679732,121.54505350699
"2184","羭悅健康按摩館","220台灣新北市板橋區雙十路三段70巷2號(近捷運江子翠站1號出口、華江市場)","全身按摩半身按摩腳底按摩指壓油壓中式按摩經絡按摩中式推拿拔罐刮痧精油按摩足湯",25.032320984189,121.470443001702
"2185","吉林足體養生館","10491台灣台北市中山區吉林路247號","全身按摩半身按摩腳底按摩肩頸按摩指壓中式按摩經絡按摩中式推拿刮痧",25.061413983377,121.530390959946
"2186","舒堤苑Suti SPA","10491台灣台北市中山區松江路63巷16號","全身按摩腳底按摩肩頸按摩背部按摩指壓油壓泰式按摩泰式古法經絡按摩精油按摩熱石按摩臉部護膚泰式SPA被動式瑜伽",25.048886013706,121.534508988976
"2187","禾緣泰式養生會館","111台灣台北市士林區中山北路六段405巷57號1樓","全身按摩腳底按摩肩頸按摩背部按摩指壓油壓泰式按摩泰式古法經絡按摩精油按摩足湯泰式SPA被動式瑜伽",25.115868987104,121.526502008329
"2188","泰鑫殿美容舒活會館-港墘館","114台灣台北市內湖區港墘路137號","全身按摩腳底按摩肩頸按摩背部按摩指壓油壓泰式按摩泰式古法中式按摩經絡按摩精油按摩局部護理足湯泰式SPA被動式瑜伽",25.077649017366,121.575974012528
"2189","宮廷足體養生館","106台灣台北市大安區通化街64號（近臨江觀光夜市）","全身按摩腳底按摩肩頸按摩指壓油壓中式按摩經絡按摩中式推拿精油按摩局部護理修凍甲修腳皮足湯",25.030428015175,121.554121971854
"2190","頂皇足體精緻養生會館- 鳳山大東館","830台灣高雄市鳳山區經武路23號","全身按摩半身按摩腳底按摩肩頸按摩背部按摩指壓油壓中式按摩經絡按摩中式推拿拔罐刮痧精油按摩臉部護膚修凍甲修腳皮足湯",22.626290019893,120.361970002
"2191","象緣泰式養生會館","106台灣台北市大安區和平東路三段66-6號","全身按摩腳底按摩肩頸按摩背部按摩指壓油壓泰式按摩泰式古法經絡按摩精油按摩芳香按摩泰式SPA被動式瑜伽雙人四手",25.024373389326,121.549646873749
"2192","舒心足體養生概念館","106台灣台北市大安區和平東路三段66-2號","全身按摩腳底按摩肩頸按摩指壓油壓中式按摩經絡按摩中式推拿拔罐刮痧精油按摩修凍甲修腳皮足湯",25.024368318275,121.549754413566
"2193","季川足體養生會館-宜蘭礁溪店","262台灣宜蘭縣礁溪鄉仁愛路80號","全身按摩腳底按摩肩頸按摩背部按摩指壓油壓中式按摩穴道按摩經絡按摩中式推拿精油按摩修凍甲修腳皮足湯",24.826455113863,121.769573260923
"2194","足印足體養生會館","105台灣台北市松山區八德路四段651號","全身按摩半身按摩腳底按摩肩頸按摩指壓油壓中式按摩經絡按摩中式推拿拔罐刮痧精油按摩修凍甲修腳皮",25.050229004142,121.575513007853
"2195","璦琜養生館","105台灣台北市松山區民生東路五段175-2號1樓","全身按摩腳底按摩指壓油壓中式按摩經絡按摩中式推拿拔罐刮痧精油按摩修凍甲修腳皮",25.059557014638,121.564226020856
"2196","沐芙SPA殿","220台灣新北市板橋區四川路一段160號","全身按摩腳底按摩肩頸按摩背部按摩指壓油壓泰式按摩泰式古法中式按摩經絡按摩精油按摩足湯泰式SPA被動式瑜伽",25.003265996931,121.459824974397
"2197","薇閣SPA養生會館","928台灣屏東縣東港鎮興東路96-5號","全身按摩半身按摩肩頸按摩背部按摩指壓油壓泰式按摩越式按摩台式按摩中式按摩休閒舒壓經絡按摩中式推拿刮痧精油按摩局部護理芳療SPA泰式SPA被動式瑜伽踩背",22.477191213405,120.462652390602
"2198","珊珊養生美容坊","221台灣新北市汐止區忠孝東路297號2樓","全身按摩肩頸按摩指壓油壓中式按摩芳香療法按摩穴道按摩經絡按摩中式推拿拔罐刮痧精油按摩芳香按摩局部護理臉部護膚美容SPA薰香耳燭",25.068912014863,121.664047027782
"2199","暖風精緻視障按摩","302台灣新竹縣竹北市文祿街3號","全身按摩腳底按摩中式按摩經絡按摩中式推拿局部護理",24.831206982411,121.012467965955
"2200","天天養生館","700台灣台南市中西區西門路一段478號","全身按摩半身按摩肩頸按摩背部按摩指壓油壓泰式按摩越式按摩中式按摩休閒舒壓經絡按摩中式推拿刮痧精油按摩局部護理芳療SPA泰式SPA被動式瑜伽",22.983444883946,120.197767261508
"2201","6星集按摩會館 – 台北大直會館","10491台灣台北市中山區敬業二路199號3樓(典華對面)","全身按摩腳底按摩肩頸按摩指壓油壓中式按摩中式推拿拔罐刮痧精油按摩芳香按摩修凍甲修腳皮足湯",25.083606999872,121.554279970729
"2202","千里足足體養生會館","201台灣基隆市信義區信一路147號11樓","全身按摩腳底按摩肩頸按摩指壓油壓中式按摩經絡按摩中式推拿拔罐刮痧精油按摩修腳皮足湯",25.129525202852,121.746944134006
"2203","大力水手足體養生會館","200台灣基隆市仁愛區愛三路72號5樓","全身按摩腳底按摩指壓油壓中式按摩經絡按摩中式推拿拔罐刮痧精油按摩修腳皮",25.128463006173,121.742829960651
"2204","有謙足體養生會館","350台灣苗栗縣竹南鎮龍山路三段152號","全身按摩腳底按摩肩頸按摩背部按摩指壓油壓中式按摩經絡按摩中式推拿拔罐刮痧精油按摩修凍甲修腳皮足湯",24.702144281334,120.880505377837
"2205","風彩泰式養生會館","221台灣新北市汐止區新昌路19號","全身按摩腳底按摩肩頸按摩背部按摩指壓油壓泰式按摩泰式古法經絡按摩刮痧精油按摩足湯泰式SPA全身去角質",25.067574011659,121.661719960003
"2206","以勒腳底按摩","251台灣新北市淡水區民生路52巷2弄2號1樓(近舊馬偕醫院)","腳底按摩肩頸按摩背部按摩中式按摩穴道按摩經絡按摩中式推拿",25.137405993947,121.46189798669
"2207","十八男女養生會館-板橋忠孝店","220台灣新北市板橋區忠孝路265號","全身按摩肩頸按摩背部按摩指壓油壓泰式按摩歐式按摩中式按摩休閒舒壓經絡按摩中式推拿拔罐刮痧精油按摩局部護理臉部護膚芳療SPA泰式SPA歐式SPA薰香耳燭被動式瑜伽全身去角質踩背",25.003052006943,121.466922015635
"2208","十八男女養生會館-桃園春日店","330台灣桃園市桃園區春日路1021號1樓","全身按摩肩頸按摩背部按摩指壓油壓泰式按摩歐式按摩中式按摩休閒舒壓經絡按摩中式推拿拔罐刮痧精油按摩局部護理臉部護膚芳療SPA泰式SPA歐式SPA薰香耳燭被動式瑜伽全身去角質踩背",25.011553980881,121.309924023836
"2209","十八男女養生會館-台北西門店","108台灣台北市萬華區昆明街191號","全身按摩肩頸按摩背部按摩指壓油壓泰式按摩歐式按摩台式按摩中式按摩休閒舒壓經絡按摩中式推拿拔罐刮痧精油按摩局部護理臉部護膚芳療SPA泰式SPA歐式SPA薰香耳燭掏耳朵被動式瑜伽全身去角質踩背",25.039264007955,121.504216036528
"2210","十八男女養生會館-板橋民生店","220台灣新北市板橋區民生路二段210號","全身按摩肩頸按摩背部按摩指壓油壓泰式按摩歐式按摩中式按摩休閒舒壓經絡按摩中式推拿拔罐刮痧精油按摩局部護理臉部護膚芳療SPA泰式SPA歐式SPA薰香耳燭掏耳朵被動式瑜伽全身去角質踩背",25.02120252817,121.46952846312
"2211","佳沁泰式SPA養身會館","221台灣新北市汐止區忠孝東路255巷6號","全身按摩腳底按摩肩頸按摩背部按摩指壓油壓泰式按摩中式按摩經絡按摩中式推拿刮痧精油按摩足湯",25.067682222434,121.662721385782
"2212","泰和村足體SPA養生館 Thai He Chun","221台灣新北市汐止區福德一路262號2樓","全身按摩腳底按摩肩頸按摩背部按摩指壓油壓泰式按摩泰式古法經絡按摩精油按摩泰式SPA被動式瑜伽",25.061377019184,121.628287984816
"2213","璽合泰式美容SPA生活館","333台灣桃園市龜山區復興一路328號","全身按摩腳底按摩肩頸按摩背部按摩指壓油壓泰式按摩泰式古法台式按摩中式按摩休閒舒壓經絡按摩精油按摩局部護理足湯芳療SPA泰式SPA被動式瑜伽踩背",25.055843789622,121.362801008561
"2214","淞心苑紓壓精緻會館","105台灣台北市松山區八德路四段461號","全身按摩腳底按摩肩頸按摩背部按摩指壓油壓中式按摩經絡按摩中式推拿精油按摩足湯",25.050057007489,121.570695006089
"2215","尊爵泰式SPA養生會館","244台灣新北市林口區文化三路二段217號","全身按摩腳底按摩肩頸按摩背部按摩指壓油壓泰式按摩泰式古法經絡按摩精油按摩足湯被動式瑜伽",25.083437014876,121.376541965351
"2216","華新泰式舒壓養生會館","200台灣基隆市仁愛區仁三路 100號2樓","全身按摩腳底按摩肩頸按摩背部按摩指壓油壓泰式按摩泰式古法經絡按摩精油按摩足湯被動式瑜伽",25.129315613364,121.741608465901
"2217","舒逸男女養生美容會館","351台灣苗栗縣頭份市花園東路75號(右邊樓梯上二樓)","全身按摩腳底按摩肩頸按摩歐式按摩中式按摩經絡按摩臉部護膚薰香耳燭",24.691299984554,120.943950014628
"2218","御仙堂 – 新北三重健康會館","241台灣新北市三重區正義北路322號","全身按摩腳底按摩肩頸按摩背部按摩指壓油壓中式按摩經絡按摩中式推拿刮痧精油按摩足湯",25.070354708037,121.494885721009
"2219","成功美容工作室","241台灣新北市三重區力行路一段247號","全身按摩背部按摩指壓油壓越式按摩中式按摩經絡按摩精油按摩臉部護膚美容SPA",25.070803181767,121.482723830958
"2220","檸檬樹足體養生館","244台灣新北市林口區仁愛路二段73號1樓","全身按摩腳底按摩指壓油壓中式按摩經絡按摩中式推拿精油按摩臉部護膚",25.075576005073,121.384905009244
"2221","皇城泰式養生會館","244台灣新北市林口區文化一路一段225號","全身按摩腳底按摩肩頸按摩背部按摩指壓油壓泰式按摩泰式古法經絡按摩精油按摩臉部護膚足湯泰式SPA被動式瑜伽",25.076235996129,121.379267005892
"2222","華欣泰式按摩養生會館","244台灣新北市林口區中山路392號","全身按摩腳底按摩肩頸按摩背部按摩指壓油壓泰式按摩泰式古法經絡按摩精油按摩足湯泰式SPA被動式瑜伽",25.082101610062,121.381205907735
"2223","玄武養身會舘 – 板橋店","220台灣新北市板橋區四維路233號(近捷運新埔站、捷運環狀線新埔民生站、裕民夜市)","全身按摩半身按摩腳底按摩肩頸按摩背部按摩指壓油壓中式按摩經絡按摩中式推拿精油按摩足湯",25.027459019342,121.463754997339
"2224","玄武養身會舘","10491台灣台北市中山區民權東路二段106號","全身按摩半身按摩腳底按摩肩頸按摩背部按摩指壓油壓中式按摩經絡按摩中式推拿精油按摩足湯",25.062329999666,121.532145040823
"2225","台南按摩動館(舊箱根足體)","700台灣台南市中西區忠義路二段195號","全身按摩腳底按摩肩頸按摩指壓油壓中式按摩經絡按摩中式推拿刮痧精油按摩修凍甲修腳皮足湯",22.997176494914,120.204305732718
"2226","築樂養生館 True Life Massage","700台灣台南市中西區忠義路二段171號","全身按摩半身按摩腳底按摩肩頸按摩中式按摩經絡按摩中式推拿精油按摩修凍甲修腳皮足湯掏耳朵",22.996545379514,120.203993423006
"2227","綠海足體養生館","700台灣台南市中西區民生路二段386號","全身按摩腳底按摩肩頸按摩指壓油壓中式按摩經絡按摩中式推拿精油按摩足湯",22.997687288093,120.188731402247
"2228","七公主養生館","500台灣彰化縣彰化市中華西路374號","全身按摩半身按摩肩頸按摩背部按摩指壓油壓泰式按摩越式按摩台式按摩中式按摩休閒舒壓經絡按摩中式推拿刮痧精油按摩局部護理芳療SPA泰式SPA被動式瑜伽踩背",24.069840998421,120.527317039914
"2229","木棉花足體養生會館","813台灣高雄市左營區華夏路316號(近富山檀香對面、漢神巨蛋後方)","全身按摩腳底按摩指壓油壓中式按摩經絡按摩刮痧精油按摩修凍甲修腳皮足湯",22.671744996995,120.297831008349
"2230","好樂康傳統整復推拿館(舊花舞樣)","420台灣台中市豐原區圓環東路491號","全身按摩半身按摩肩頸按摩指壓油壓泰式按摩越式按摩台式按摩中式按摩休閒舒壓經絡按摩中式推拿刮痧精油按摩局部護理芳療SPA泰式SPA被動式瑜伽筋骨整復",24.248308983747,120.726856962185
"2231","心滿意足養生館","510台灣彰化縣員林市員林市雙平路123號","全身按摩半身按摩肩頸按摩指壓油壓越式按摩中式按摩休閒舒壓經絡按摩中式推拿精油按摩局部護理",23.964397997579,120.568176973876
"2232","甄緣泰式養生館","510台灣彰化縣員林市雙平路117號","全身按摩半身按摩腳底按摩肩頸按摩背部按摩指壓油壓泰式按摩泰式古法中式按摩經絡按摩精油按摩足湯被動式瑜伽",23.964395985922,120.568308988851
"2233","寶貝越式養生會館","334台灣桃園市八德區介壽路二段954號","全身按摩半身按摩肩頸按摩背部按摩指壓油壓泰式按摩越式按摩中式按摩休閒舒壓經絡按摩中式推拿刮痧精油按摩局部護理芳療SPA泰式SPA全身去角質踩背",24.934702992875,121.29712896482
"2234","美麗綺養生館","621台灣嘉義縣民雄鄉建國二段175-2號","全身按摩半身按摩肩頸按摩背部按摩指壓油壓泰式按摩越式按摩台式按摩中式按摩休閒舒壓經絡按摩中式推拿刮痧精油按摩局部護理芳療SPA泰式SPA被動式瑜伽",23.541563,120.4395341
"2235","香妮養生館","701台灣台南市東區大同路二段571號","全身按摩半身按摩肩頸按摩背部按摩指壓油壓泰式按摩越式按摩中式按摩休閒舒壓經絡按摩中式推拿刮痧精油按摩局部護理芳療SPA泰式SPA被動式瑜伽",22.968662517596,120.215856414389
"2236","澤也養生會所","251台灣新北市淡水區濱海路一段53號","全身按摩腳底按摩肩頸按摩指壓油壓中式按摩經絡按摩中式推拿刮痧精油按摩足湯",25.188638994092,121.443112968208
"2237","泰好了舒壓會館 Thai Good Good Massage","114台灣台北市內湖區成功路二段426巷3號1樓","全身按摩腳底按摩肩頸按摩背部按摩指壓油壓泰式按摩泰式古法經絡按摩精油按摩足湯泰式SPA被動式瑜伽",25.071451019063,121.589493016521
"2238","金漾養生會館","114台灣台北市內湖區內湖路一段435號2樓","全身按摩肩頸按摩背部按摩指壓油壓中式按摩休閒舒壓經絡按摩中式推拿精油按摩",25.081362996754,121.571980035665
"2239","嘉滈養生館","600台灣嘉義市東區大業街18號","全身按摩半身按摩腳底按摩背部按摩指壓油壓中式按摩經絡按摩中式推拿精油按摩局部護理足湯薰香耳燭",23.463310014207,120.454836040947
"2240","泰美泰式按摩養生坊","640台灣雲林縣斗六市成功路381號","全身按摩半身按摩肩頸按摩背部按摩指壓油壓泰式按摩泰式古法越式按摩台式按摩中式按摩休閒舒壓經絡按摩中式推拿拔罐刮痧精油按摩熱石按摩局部護理臉部護膚芳療SPA美容SPA泰式SPA薰香耳燭被動式瑜伽全身去角質踩背",23.706115979564,120.550107015553
"2241","雅芝琳SPA芳療會館","600台灣嘉義市西區自由路33號","全身按摩肩頸按摩背部按摩指壓油壓中式按摩經絡按摩中式推拿精油按摩芳療SPA太空艙",23.4851299941,120.441030040589
"2242","柔蘭泰式養身館","510台灣彰化縣員林市中山路二段466號","全身按摩半身按摩腳底按摩肩頸按摩背部按摩指壓油壓泰式按摩泰式古法越式按摩中式按摩休閒舒壓經絡按摩精油按摩局部護理泰式SPA被動式瑜伽踩背",23.970895984197,120.571634006021
"2243","芯園舒壓會館","268台灣宜蘭縣五結鄉中正路三段233號一樓","全身按摩肩頸按摩背部按摩指壓油壓越式按摩中式按摩經絡按摩中式推拿刮痧精油按摩",24.709171501319,121.772098560711
"2244","芯圓健康養生會館","802台灣高雄市苓雅區福德二路212號1樓","全身按摩半身按摩肩頸按摩背部按摩指壓油壓泰式按摩越式按摩中式按摩休閒舒壓經絡按摩中式推拿精油按摩局部護理",22.633875013624,120.32838597909
"2245","羽蝶養生館","621台灣嘉義縣民雄鄉建國路一段232號","全身按摩半身按摩肩頸按摩背部按摩指壓油壓泰式按摩越式按摩台式按摩中式按摩經絡按摩中式推拿刮痧精油按摩局部護理芳療SPA泰式SPA被動式瑜伽",23.558959012646,120.434168027916
"2246","邑甄泰式按摩(舊筱薇SPA)","613台灣嘉義縣朴子市山通路3-3號","全身按摩肩頸按摩背部按摩指壓油壓泰式按摩休閒舒壓經絡按摩精油按摩局部護理芳療SPA泰式SPA被動式瑜伽踩背",23.466667217885,120.250597391394
"2247","東方紅養生館","613台灣嘉義縣朴子市山通路3-1號","全身按摩肩頸按摩背部按摩指壓油壓泰式按摩越式按摩台式按摩中式按摩休閒舒壓經絡按摩中式推拿刮痧精油按摩局部護理芳療SPA泰式SPA被動式瑜伽",23.466656195683,120.250672493247
"2248","家茵泰式養生館","608台灣嘉義縣水上鄉中山路二段380號","全身按摩半身按摩腳底按摩肩頸按摩頸胸按摩背部按摩指壓油壓泰式按摩泰式古法中式按摩經絡按摩中式推拿刮痧精油按摩芳香按摩局部護理臉部護膚足湯泰式SPA踩背",23.433574206863,120.398543598316
"2249","愛美SPA養生館(舊美香)","621台灣嘉義縣民雄鄉建國路二段100-4號","全身按摩半身按摩肩頸按摩背部按摩指壓油壓泰式按摩越式按摩台式按摩中式按摩休閒舒壓經絡按摩中式推拿刮痧精油按摩局部護理芳療SPA泰式SPA被動式瑜伽",23.534483184821,120.436821570823
"2250","亮亮養生館","710台灣台南市永康區永大路二段1252號","全身按摩半身按摩腳底按摩肩頸按摩背部按摩指壓油壓中式按摩經絡按摩中式推拿拔罐刮痧精油按摩局部護理",23.021131806551,120.261733336496
"2251","紜綺泰式按摩店","621台灣嘉義縣民雄鄉建國路三段210號","全身按摩半身按摩肩頸按摩背部按摩指壓油壓泰式按摩中式按摩經絡按摩拔罐刮痧精油按摩局部護理",23.525498999993,120.439264979418
"2252","越美綠養生館","621台灣嘉義縣民雄鄉建國路三段214號","全身按摩半身按摩肩頸按摩背部按摩指壓油壓泰式按摩越式按摩台式按摩中式按摩經絡按摩中式推拿刮痧精油按摩局部護理芳療SPA泰式SPA被動式瑜伽踩背",23.525557002763,120.439261039924
"2253","越美麗養生館(舊越姊妹)","600台灣嘉義縣民雄鄉建國路三段25號","全身按摩半身按摩肩頸按摩背部按摩指壓油壓泰式按摩越式按摩台式按摩中式按摩休閒舒壓經絡按摩中式推拿刮痧精油按摩局部護理芳療SPA泰式SPA被動式瑜伽踩背",23.521906013378,120.439988002386
"2254","月香養生館","613台灣嘉義縣朴子市文化南路235號","全身按摩肩頸按摩背部按摩指壓油壓泰式按摩越式按摩台式按摩中式按摩休閒舒壓經絡按摩中式推拿刮痧精油按摩局部護理芳療SPA泰式SPA被動式瑜伽",23.457975980573,120.241202032306
"2255","武媚養生館","300台灣新竹市東區光復路一段525巷1號","全身按摩腳底按摩肩頸按摩指壓油壓越式按摩中式按摩休閒舒壓經絡按摩刮痧精油按摩局部護理",24.784537006535,121.013729023288
"2256","筱媚SPA養生館","613台灣嘉義縣朴子市大槺榔1008號","全身按摩半身按摩腳底按摩肩頸按摩背部按摩指壓油壓泰式按摩越式按摩台式按摩中式按摩休閒舒壓經絡按摩中式推拿刮痧精油按摩局部護理芳療SPA泰式SPA",23.443836,120.2412399
"2257","暹羅泰式精油SPA","900台灣屏東縣屏東市大裕路29-1號","全身按摩腳底按摩背部按摩指壓油壓泰式按摩泰式古法中式按摩休閒舒壓經絡按摩精油按摩芳香按摩局部護理足湯泰式SPA被動式瑜伽踩背",22.667204981049,120.477081025241
"2258","大滿足養生館 – 松竹店","406台灣台中市北屯區松竹路二段294號","全身按摩腳底按摩肩頸按摩背部按摩指壓油壓中式按摩經絡按摩中式推拿拔罐刮痧精油按摩修凍甲修腳皮足湯岩盤浴",24.18319488139,120.693391207928
"2259","彤黛護理養身舘","200台灣基隆市仁愛區愛二路40號3樓","全身按摩肩頸按摩背部按摩指壓油壓中式按摩經絡按摩中式推拿精油按摩全身去角質",25.128558015045,121.741928989879
"2260","泰鴻泰式養生館","202台灣基隆市中正區信二路292號二樓","全身按摩腳底按摩指壓油壓泰式按摩泰式古法經絡按摩精油按摩足湯泰式SPA被動式瑜伽",25.131540002828,121.745491969281
"2261","錚豪養生館","206台灣基隆市七堵區百三街109號","全身按摩腳底按摩指壓中式按摩經絡按摩拔罐刮痧足湯",25.082020012234,121.697704979078
"2262","阿里巴巴養生會館","807台灣高雄市三民區九如ㄧ路462號","全身按摩腳底按摩指壓油壓中式按摩休閒舒壓經絡按摩中式推拿精油按摩局部護理修凍甲修腳皮掏耳朵",22.65627,120.3231866
"2263","虹殿泰式養生SPA館","807台灣高雄市三民區九如一路482號","全身按摩腳底按摩肩頸按摩背部按摩指壓油壓泰式按摩泰式古法經絡按摩刮痧精油按摩足湯泰式SPA被動式瑜伽",22.639305020049,120.328539032642
"2264","月如養生館","320台灣桃園市中壢區龍岡路三段339號","全身按摩半身按摩指壓油壓越式按摩中式按摩休閒舒壓經絡按摩中式推拿精油按摩局部護理",24.933408994662,121.236843970249
"2265","曼泰泰式舒壓館","238台灣新北市樹林區大安路543號","全身按摩腳底按摩肩頸按摩指壓油壓泰式按摩泰式古法經絡按摩精油按摩足湯泰式SPA被動式瑜伽",24.984184091438,121.412685234757
"2266","曼泰泰式養生館","241台灣新北市三重區重陽路三段136號","全身按摩腳底按摩肩頸按摩指壓油壓泰式按摩泰式古法經絡按摩精油按摩足湯泰式SPA被動式瑜伽",25.067070720283,121.489190385439
"2267","太上皇養生館 – 中央會館","320台灣桃園市中壢區​中央西路一段131號","全身按摩腳底按摩肩頸按摩背部按摩指壓油壓泰式按摩泰式古法中式按摩穴道按摩經絡按摩精油按摩熱石按摩泰式SPA被動式瑜伽",24.957912985682,121.219909005435
"2268","花園貴族足體養生會館","704台灣台南市北區海安路三段318號、320號","全身按摩腳底按摩肩頸按摩背部按摩指壓中式按摩休閒舒壓經絡按摩中式推拿拔罐刮痧局部護理修凍甲修腳皮足湯薰香耳燭",23.008540008687,120.200150990952
"2269","Royal Paris 皇家巴黎 – 忠孝會館","106台灣台北市大安區復興南路一段146號","全身按摩腳底按摩肩頸按摩指壓油壓中式按摩經絡按摩中式推拿拔罐刮痧精油按摩修腳皮",25.042478006819,121.543547027532
"2270","Royal Paris 皇家巴黎 – 中華會館","108台灣台北市萬華區峨眉街9號","全身按摩腳底按摩肩頸按摩指壓油壓中式按摩經絡按摩中式推拿拔罐刮痧精油按摩修腳皮",25.043451020049,121.507755965697
"2271","Royal Paris 皇家巴黎 – 西門會館","108台灣台北市萬華區昆明街82號","全身按摩腳底按摩肩頸按摩指壓油壓中式按摩經絡按摩中式推拿拔罐刮痧精油按摩修腳皮",25.045481997098,121.505364021987
"2272","禾韻足體養生館","237台灣新北市三峽區大觀路5號","全身按摩半身按摩腳底按摩肩頸按摩指壓油壓中式按摩經絡按摩中式推拿拔罐刮痧精油按摩局部護理臉部護膚修凍甲修腳皮足湯",24.943600299276,121.375671337068
"2273","正冠足體養生會館","237台灣新北市三峽區大德路123號","全身按摩半身按摩腳底按摩肩頸按摩指壓油壓中式按摩經絡按摩中式推拿拔罐刮痧精油按摩足湯",24.944384091042,121.376102418348
"2274","青春生活養生館","320台灣桃園市中壢區中豐路167號","全身按摩半身按摩腳底按摩肩頸按摩中式按摩經絡按摩中式推拿拔罐刮痧局部護理修凍甲修腳皮足湯",24.961449017265,121.22007999626
"2275","帝豪足體養生館","116台灣台北市文山區興隆路三段102號2樓","全身按摩半身按摩腳底按摩肩頸按摩中式按摩經絡按摩中式推拿拔罐刮痧修腳皮",24.999365017283,121.557115987668
"2276","晨光專業按摩","304台灣新竹縣新豐鄉松林街29巷40號3樓","全身按摩半身按摩腳底按摩肩頸按摩指壓油壓中式按摩經絡按摩中式推拿",24.867283628475,120.992030264095
"2277","馥麗會館(原氣在來)","302台灣新竹縣竹北市福興路663號","全身按摩半身按摩中式按摩經絡按摩中式推拿刮痧",24.820778008933,121.014522035147
"2278","黃志強足心堂","351台灣苗栗縣頭份市永貞路一段242-1號","腳底按摩肩頸按摩中式按摩穴道按摩足反射按摩經絡按摩中式推拿局部護理",24.680629989449,120.885090027417
"2279","金水灣養生館","407台灣台中市西屯區西屯路三段104號","全身按摩半身按摩腳底按摩肩頸按摩背部按摩指壓油壓泰式按摩越式按摩台式按摩中式按摩休閒舒壓經絡按摩中式推拿刮痧精油按摩局部護理足湯芳療SPA泰式SPA被動式瑜伽踩背",24.18464578883,120.626506721893
"2280","雲漾舒壓生活館","702台灣台南市南區金華路二段30號2樓","全身按摩腳底按摩肩頸按摩指壓油壓台式按摩中式按摩能量按摩經絡按摩拔罐刮痧熱石按摩臉部按摩修凍甲修腳皮烤箱SPA蒸汽SPA薰香耳燭掏耳朵汗蒸",22.976188712277,120.191213199958
"2281","七公主SPA養生館","807台灣高雄市三民區九如二路43號","全身按摩半身按摩肩頸按摩背部按摩指壓油壓越式按摩中式按摩休閒舒壓經絡按摩中式推拿刮痧精油按摩局部護理",22.640379999131,120.312399007525
"2282","春天泰式養生館","510台灣彰化縣員林市莒光路325號","全身按摩腳底按摩肩頸按摩背部按摩指壓油壓泰式按摩泰式古法中式按摩經絡按摩精油按摩足湯被動式瑜伽",23.95857617909,120.566528421159
"2283","泰皇殿泰式養生館","500台灣彰化縣和美鎮金馬路二段386號","全身按摩腳底按摩肩頸按摩背部按摩指壓油壓泰式按摩泰式古法休閒舒壓經絡按摩中式推拿精油按摩足湯芳療SPA泰式SPA被動式瑜伽踩背",24.094302570693,120.541460990475
"2284","正宗足体養生館","112台灣台北市北投區三合街二段443號1樓","腳底按摩肩頸按摩中式按摩經絡按摩中式推拿",25.126416019689,121.50225601229
"2285","足尚氧生養生館","10491台灣台北市中山區林森北路580號","全身按摩腳底按摩肩頸按摩指壓油壓中式按摩經絡按摩中式推拿拔罐刮痧精油按摩局部護理臉部護膚修凍甲修腳皮足湯",25.065183995788,121.525511015917
"2286","Waiting SPA工作室","970台灣花蓮縣花蓮市南京街302號二樓","全身按摩半身按摩背部按摩指壓油壓中式按摩放鬆按摩經絡按摩精油按摩熱石按摩",23.975294010702,121.607554006208
"2287","生命樹美體按摩工作室 Tree of Life Massage Studio","970台灣花蓮縣花蓮市博愛街139號","全身按摩半身按摩腳底按摩肩頸按摩指壓油壓中式按摩深層組織按摩經絡按摩拔罐刮痧精油按摩足湯",23.975347990159,121.607844020057
"2288","晶鑽男女養生館","420台灣台中市豐原區源豐路149號","全身按摩半身按摩腳底按摩肩頸按摩指壓油壓越式按摩中式按摩經絡按摩中式推拿拔罐刮痧精油按摩局部護理修凍甲修腳皮",24.253989902443,120.717367558143
"2289","健指足體SPA養身館","970台灣花蓮縣花蓮市國聯二路76號","全身按摩半身按摩腳底按摩肩頸按摩背部按摩指壓油壓台式按摩中式按摩休閒舒壓經絡按摩中式推拿拔罐刮痧精油按摩局部護理芳療SPA",23.989915989335,121.603006991373
"2290","千翔泰式養生館","220台灣新北市板橋區忠孝路76號","全身按摩腳底按摩肩頸按摩背部按摩指壓油壓泰式按摩泰式古法休閒舒壓經絡按摩拔罐刮痧精油按摩局部護理足湯芳療SPA泰式SPA被動式瑜伽踩背",25.001957414207,121.461394318129
"2291","三九山久養生館","351台灣苗栗縣頭份市中央路660號","全身按摩腳底按摩肩頸按摩指壓油壓中式按摩經絡按摩中式推拿拔罐刮痧精油按摩修凍甲修腳皮足湯薰香耳燭掏耳朵",24.694481000628,120.892327968447
"2292","金典SPA養生會館","820台灣高雄市岡山區仁壽路37號","全身按摩半身按摩肩頸按摩背部按摩指壓油壓泰式按摩越式按摩中式按摩休閒舒壓經絡按摩中式推拿刮痧精油按摩局部護理芳療SPA泰式SPA被動式瑜伽",22.792636013028,120.289772981913
"2293","美雪個人工作坊","804台灣高雄市鼓山區文信路354號","全身按摩腳底按摩肩頸按摩指壓油壓泰式按摩中式按摩經絡按摩中式推拿拔罐刮痧精油按摩",22.664406012122,120.295809041846
"2294","沁園足體養身會館 – 文化店","237台灣新北市三峽區文化路65巷10號","全身按摩半身按摩腳底按摩指壓油壓中式按摩經絡按摩中式推拿拔罐刮痧精油按摩修凍甲修腳皮足湯",24.935641011659,121.372064017398
"2295","樂心足體養生館","241台灣新北市三重區和平街2號","全身按摩腳底按摩指壓油壓中式按摩經絡按摩中式推拿拔罐刮痧精油按摩修凍甲修腳皮薰香耳燭",25.062584013242,121.500362037448
"2296","孟之園美容坊","116台灣台北市文山區興隆路四段177號","全身按摩腳底按摩肩頸按摩指壓油壓泰式按摩泰式古法經絡按摩精油按摩泰式SPA被動式瑜伽",24.983726020429,121.562127024663
"2297","喬羽沐足閣","242台灣新北市新莊區建安街26巷18號","全身按摩腳底按摩指壓油壓中式按摩經絡按摩中式推拿拔罐刮痧精油按摩足湯",25.025864990906,121.428119000712
"2298","五行堂足體養身會館 – 中山水分館","970台灣花蓮縣花蓮市中山路66號","全身按摩半身按摩腳底按摩肩頸按摩背部按摩指壓油壓中式按摩穴道按摩足反射按摩經絡按摩中式推拿精油按摩熱石按摩修凍甲修腳皮足湯",23.974698015477,121.611323012789
"2299","五行堂足體養身會館 – 金館總店","970台灣花蓮縣花蓮市中華路12號","全身按摩半身按摩腳底按摩肩頸按摩背部按摩指壓油壓中式按摩穴道按摩足反射按摩經絡按摩中式推拿精油按摩熱石按摩修凍甲修腳皮足湯",23.976580004197,121.609180011605
"2300","老師傅舒筋活絡館","970台灣花蓮縣花蓮市國聯一路67號","全身按摩半身按摩腳底按摩指壓油壓中式按摩經絡按摩中式推拿修腳皮",23.991899985816,121.603379986064
"2301","大腳丫小腳丫養生館","970台灣花蓮縣花蓮市中山路591號","全身按摩半身按摩腳底按摩肩頸按摩指壓油壓中式按摩經絡按摩中式推拿拔罐刮痧精油按摩修腳皮足湯",23.988440983923,121.600274993852
"2302","美樂迪養生館","970台灣花蓮縣花蓮市國聯五路2-8號","全身按摩半身按摩腳底按摩指壓油壓中式按摩經絡按摩中式推拿拔罐刮痧精油按摩",23.99032780788,121.605720899403
"2303","小甯泰式推拿養生館","801台灣高雄市前金區七賢二路240號","全身按摩腳底按摩指壓油壓泰式按摩泰式古法越式按摩中式按摩經絡按摩精油按摩足湯泰式SPA被動式瑜伽",22.632409018759,120.293025998535
"2304","明明芳泰式養生館","801台灣高雄市前金區七贀二路201號","全身按摩半身按摩腳底按摩肩頸按摩背部按摩指壓油壓泰式按摩泰式古法越式按摩中式按摩經絡按摩中式推拿精油按摩局部護理足湯泰式SPA被動式瑜伽",22.6270795,120.2929591
"2305","美麗人生泰式SPA養生館","800台灣高雄市新興區七賢二路29號","全身按摩半身按摩腳底按摩肩頸按摩背部按摩指壓油壓泰式按摩泰式古法越式按摩休閒舒壓經絡按摩刮痧精油按摩局部護理足湯泰式SPA被動式瑜伽",22.634523982478,120.300876991963
"2306","美麗人生養生館","320台灣桃園市中壢區中豐路173號","全身按摩腳底按摩指壓油壓中式按摩經絡按摩拔罐刮痧精油按摩",24.961334101372,121.219989890801
"2307","六星級養身會館","802台灣高雄市苓雅區武廟路222號","全身按摩指壓油壓中式按摩休閒舒壓經絡按摩中式推拿精油按摩修腳皮掏耳朵雙人四手",22.63195098966,120.323565965669
"2308","五星集足體養生會館(善化館)","741台灣台南市善化區中山路116號","全身按摩半身按摩腳底按摩中式按摩經絡按摩中式推拿拔罐刮痧修凍甲修腳皮足湯",23.133081385462,120.302467038996
"2309","五星集足體養生館","700台灣台南市中西區民生路二段475號","全身按摩半身按摩腳底按摩中式按摩經絡按摩中式推拿拔罐刮痧修凍甲修腳皮足湯",22.997550202067,120.187788689596
"2310","金滿意養生館(舊萌丫頭)","700台灣台南市中西區府前路二段246號","全身按摩半身按摩肩頸按摩背部按摩指壓油壓泰式按摩越式按摩中式按摩休閒舒壓經絡按摩中式推拿拔罐刮痧精油按摩局部護理芳療SPA泰式SPA被動式瑜伽",22.991907001935,120.191568089738
"2311","新天地男女時尚休閒館","108台灣台北市萬華區康定路 18-1 號","全身按摩肩頸按摩背部按摩指壓油壓泰式按摩中式按摩休閒舒壓經絡按摩中式推拿精油按摩局部護理泰式SPA",25.045476087856,121.503037121847
"2312","超群足體筋絡館","807台灣高雄市三民區大豐二路340號","全身按摩半身按摩腳底按摩指壓油壓越式按摩中式按摩穴道按摩休閒舒壓經絡按摩中式推拿精油按摩足湯薰香耳燭全身去角質",22.646258018281,120.334238978258
"2313","水水養生館(舊水蓮花)","807台灣高雄市三民區九如二路163號","全身按摩半身按摩肩頸按摩指壓油壓泰式按摩越式按摩台式按摩中式按摩休閒舒壓經絡按摩中式推拿刮痧精油按摩局部護理芳療SPA泰式SPA被動式瑜伽踩背",22.640616997443,120.309013975928
"2314","優美健康瘦身美容會館","235台灣新北市中和區景平路302號1樓","全身按摩肩頸按摩指壓油壓中式按摩經絡按摩拔罐刮痧精油按摩臉部護膚",24.99288400402,121.512781000469
"2315","巨松淵養生會館(豐原吳神父養生館二店)","420台灣台中市豐原區圓環南路157號","全身按摩半身按摩腳底按摩肩頸按摩中式按摩經絡按摩中式推拿拔罐刮痧修凍甲修腳皮",24.247581979375,120.70954900268
"2316","芭達雅泰式桑拿(大墩會館)","407台灣台中市西屯區大墩路963號","全身按摩腳底按摩肩頸按摩背部按摩指壓油壓泰式按摩泰式古法阿育吠陀按摩休閒舒壓經絡按摩精油按摩局部護理足湯芳療SPA泰式SPA被動式瑜伽踩背",24.159547604695,120.652076471901
"2317","芭達雅/泰舒府 泰式古法按摩","407台灣台中市西屯區文心路三段60號","全身按摩腳底按摩肩頸按摩指壓油壓泰式按摩泰式古法經絡按摩精油按摩足湯泰式SPA被動式瑜伽",24.165442303831,120.651971614292
"2318","芭塔雅健康養生館","500台灣彰化縣彰化市中央路209號","全身按摩腳底按摩肩頸按摩背部按摩指壓油壓泰式按摩泰式古法休閒舒壓經絡按摩精油按摩足湯泰式SPA被動式瑜伽踩背",24.066341805303,120.527999159195
"2319","夏都足體養生館","400台灣台中市中區光復路58號3樓","全身按摩腳底按摩肩頸按摩背部按摩指壓油壓泰式按摩泰式古法中式按摩經絡按摩中式推拿拔罐刮痧精油按摩修腳皮足湯",24.142149791188,120.683116671016
"2320","桑樂足體工作室","404台灣台中市北區漢口路四段318巷17號","全身按摩腳底按摩肩頸按摩指壓油壓中式按摩經絡按摩中式推拿拔罐刮痧精油按摩臉部護膚薰香耳燭全身去角質",24.166327013712,120.683986964023
"2321","茱莉亞男女健康會館","241台灣新北市三重區忠孝路三段36號","全身按摩肩頸按摩指壓油壓中式按摩經絡按摩中式推拿拔罐刮痧精油按摩",25.066631005642,121.481299997066
"2322","京華城時尚舒壓會館","105台灣台北市松山區南京東路五段118號","全身按摩半身按摩腳底按摩肩頸按摩背部按摩指壓油壓中式按摩經絡按摩中式推拿精油按摩局部護理臉部護膚修凍甲修腳皮掏耳朵",25.051254991,121.562403962744
"2323","足強足體養生館","100台灣台北市中正區漢口街一段132號","全身按摩腳底按摩肩頸按摩指壓油壓中式按摩經絡按摩中式推拿拔罐刮痧精油按摩修腳皮足湯",25.045063991586,121.509907013508
"2324","西門町足體養生會館","108台灣台北市萬華區成都路60-2號","全身按摩腳底按摩肩頸按摩背部按摩指壓油壓中式按摩穴道按摩經絡按摩中式推拿拔罐刮痧精油按摩修凍甲修腳皮足湯",25.04274798792,121.505470975072
"2325","青楓泰式按摩會館 Green Maple Thai Massage","111台灣台北市士林區忠誠路二段188號B1","全身按摩半身按摩腳底按摩肩頸按摩背部按摩指壓油壓泰式按摩泰式古法經絡按摩精油按摩足湯被動式瑜伽",25.116388609233,121.533793468646
"2326","松足養身館","108台灣台北市萬華區西寧南路307號一樓","全身按摩半身按摩腳底按摩肩頸按摩背部按摩指壓油壓中式按摩經絡按摩中式推拿拔罐刮痧精油按摩修腳皮足湯",25.038181988075,121.506499015496
"2327","50足體養生館","110台灣台北市信義區忠孝東路五段487號（永春站5號出口）","全身按摩半身按摩腳底按摩肩頸按摩背部按摩指壓油壓中式按摩經絡按摩中式推拿拔罐刮痧精油按摩修腳皮",25.04116200611,121.578179039796
"2328","泰足悅足體健康館","600台灣嘉義市西區中興路191號","全身按摩腳底按摩肩頸按摩指壓油壓中式按摩經絡按摩中式推拿拔罐刮痧精油按摩熱石按摩局部護理修凍甲修腳皮足湯掏耳朵",23.482292007414,120.435452973673
"2329","巧伊妃男女SPA會館","600台灣嘉義市西區德安路77號","全身按摩半身按摩肩頸按摩背部按摩指壓油壓泰式按摩越式按摩中式按摩休閒舒壓經絡按摩中式推拿刮痧精油按摩局部護理被動式瑜伽踩背",23.483682984246,120.430437997184
"2330","優勝美地健康養生館","600台灣嘉義市西區新民路924號","全身按摩腳底按摩指壓油壓泰式按摩中式按摩經絡按摩精油按摩足湯被動式瑜伽",23.47441901149,120.439538983833
"2331","泰皇村養生館 – 中興店","600台灣嘉義市西區中興路244號","全身按摩腳底按摩肩頸按摩指壓泰式按摩中式按摩經絡按摩中式推拿修凍甲修腳皮足湯泰式SPA被動式瑜伽",23.482404995469,120.43315398527
"2332","泰皇村養生館 – 友愛店","600台灣嘉義市西區友愛路119號","全身按摩腳底按摩肩頸按摩背部按摩指壓油壓泰式按摩泰式古法中式按摩休閒舒壓經絡按摩拔罐刮痧精油按摩修凍甲修腳皮足湯泰式SPA被動式瑜伽踩背",23.479580000732,120.433989996293
"2333","泰皇村養生館 – 新民店","600台灣嘉義市西區新民路804號","全身按摩腳底按摩肩頸按摩指壓泰式按摩泰式古法中式按摩經絡按摩中式推拿修凍甲修腳皮足湯泰式SPA被動式瑜伽踩背",23.4705389866,120.439970987122
"2334","足御堂足體養生館 – 林口館","244台灣新北市林口區文化三路一段627號","全身按摩腳底按摩中式按摩經絡按摩刮痧修腳皮",25.077628984618,121.371938037394
"2335","淳 男/女個人SPA工作室","701台灣台南市東區崇德二十二街73-5號(3A髮廊2樓)","全身按摩肩頸按摩指壓油壓中式按摩經絡按摩中式推拿刮痧精油按摩局部護理臉部護膚",22.966828012358,120.22934096876
"2336","松雲居養生會館","701台灣台南市東區東平路42號","全身按摩腳底按摩肩頸按摩背部按摩指壓油壓東方指壓中式按摩穴道按摩休閒舒壓經絡按摩中式推拿拔罐刮痧精油按摩熱石按摩局部護理修凍甲修腳皮足湯芳療SPA踩背",22.99504900025,120.233107963685
"2337","168 SPA 按摩館 – 楠梓店","811台灣高雄市楠梓區軍校路736號","全身按摩半身按摩肩頸按摩背部按摩指壓油壓泰式按摩越式按摩中式按摩休閒舒壓經絡按摩中式推拿刮痧精油按摩局部護理芳療SPA泰式SPA被動式瑜伽踩背",22.708442016835,120.293153990197
"2338","御尚足養生會館-楠梓店","811台灣高雄市楠梓區後昌路1218號","全身按摩腳底按摩肩頸按摩中式按摩經絡按摩中式推拿拔罐刮痧精油按摩修凍甲修腳皮足湯",22.716834020203,120.289234025539
"2339","足旺足體養生會館","521台灣彰化縣北斗鎮中山路二段369號","全身按摩腳底按摩肩頸按摩指壓油壓中式按摩經絡按摩中式推拿拔罐刮痧精油按摩修凍甲修腳皮足湯",23.879936492946,120.521289026607
"2340","足臨天下泡腳養生會館","521台灣彰化縣北斗鎮文苑東路82-1號","全身按摩半身按摩腳底按摩肩頸按摩指壓油壓中式按摩經絡按摩中式推拿拔罐刮痧精油按摩修凍甲修腳皮足湯",23.875476985181,120.526132006443
"2341","足悅足體養生會館","521台灣彰化縣北斗鎮斗苑路二段548號","全身按摩半身按摩腳底按摩肩頸按摩指壓油壓中式按摩經絡按摩中式推拿拔罐刮痧精油按摩修凍甲修腳皮足湯",23.880039296988,120.505376318705
"2342","足湯匯日式足湯會社","407台灣台中市西屯區河南路二段353號","全身按摩腳底按摩肩頸按摩指壓日式按摩中式按摩經絡按摩足湯",24.171744908286,120.645155785906
"2343","日森足湯-專業養生行館","40643台灣台中市北屯區松竹路一段5號","全身按摩腳底按摩肩頸按摩指壓油壓台式按摩中式按摩休閒舒壓經絡按摩中式推拿刮痧精油按摩修凍甲修腳皮足湯",24.175368195481,120.730079636318
"2344","舒蘭舒壓生活館","338台灣桃園市蘆竹區光明路二段273號","全身按摩半身按摩肩頸按摩背部按摩指壓油壓越式按摩中式按摩休閒舒壓中式推拿精油按摩局部護理",25.049532384169,121.290407684301
"2345","莃萃斯人文養生會館 Citrus Spa","338台灣桃園市蘆竹區中山路240號","全身按摩腳底按摩肩頸按摩頸胸按摩指壓油壓中式按摩經絡按摩中式推拿拔罐刮痧精油按摩臉部護膚孕婦按摩薰香耳燭掏耳朵岩盤浴",25.058398006977,121.296848003425
"2346","大師兄足體養身館","326台灣桃園市楊梅區中山路101號（位全國電子斜對面，楊梅分局旁）","全身按摩腳底按摩肩頸按摩指壓油壓中式按摩經絡按摩中式推拿拔罐刮痧精油按摩孕婦按摩修凍甲修腳皮足湯",24.907117520881,121.146894917426
"2347","天川養生會館 Tain-Chuan Massage","320台灣桃園市中壢區中央西路一段73/75號","全身按摩腳底按摩肩頸按摩指壓油壓中式按摩經絡按摩中式推拿拔罐刮痧精油按摩修凍甲修腳皮足湯掏耳朵",24.957734995968,121.221382963109
"2348","活絡健康會館","265台灣宜蘭縣羅東鎮忠孝路18號(近羅東夜市)","全身按摩半身按摩腳底按摩肩頸按摩背部按摩指壓油壓中式按摩運動按摩醫療按摩經絡按摩精油按摩局部護理足湯",24.674952004419,121.764554009663
"2349","活絡養生會館","545台灣南投縣埔里鎮中華路146號","全身按摩腳底按摩肩頸按摩背部按摩指壓油壓中式按摩經絡按摩中式推拿精油按摩修凍甲修腳皮足湯",23.966983018428,120.974290995381
"2350","兆品自然風養生館","351台灣苗栗縣頭份市公園六街5號","全身按摩半身按摩腳底按摩肩頸按摩背部按摩指壓油壓泰式按摩中式按摩經絡按摩中式推拿拔罐刮痧精油按摩臉部護膚足湯太空艙",24.691458989257,120.89092098218
"2351","沐居健康舒壓會館","640台灣雲林縣斗六市西平路363號","全身按摩肩頸按摩背部按摩指壓油壓泰式按摩越式按摩台式按摩中式按摩休閒舒壓經絡按摩拔罐刮痧精油按摩局部護理芳療SPA泰式SPA被動式瑜伽",23.717500699552,120.528285401188
"2352","彩芸泰式全身按摩","640台灣雲林縣斗六市莊敬路374巷30弄23號","全身按摩半身按摩肩頸按摩背部按摩指壓油壓泰式按摩泰式古法越式按摩中式按摩休閒舒壓經絡按摩中式推拿精油按摩局部護理臉部護膚芳療SPA美容SPA泰式SPA被動式瑜伽踩背",23.703354980658,120.543905999765
"2353","康老師日式經絡調理-昆陽店","115台灣台北市南港區忠孝東路六段443號2樓","全身按摩半身按摩腳底按摩肩頸按摩日式按摩中式按摩運動按摩理療按摩經絡按摩中式推拿",25.050800985215,121.593618002531
"2354","康老師日式經絡調理-板橋店","220台灣新北市板橋區廣權路 113 號","全身按摩半身按摩腳底按摩肩頸按摩日式按摩中式按摩運動按摩理療按摩經絡按摩中式推拿",24.993011527195,121.46499648603
"2355","知足常樂養生館","221台灣新北市汐止區康寧街484號","全身按摩半身按摩腳底按摩肩頸按摩背部按摩中式按摩經絡按摩中式推拿拔罐刮痧",25.068310990496,121.632555966094
"2356","曼谷養身舒體會館","242台灣新北市新莊區民樂街37號","全身按摩腳底按摩指壓油壓泰式按摩泰式古法精油按摩足湯被動式瑜伽",25.041296996661,121.457820274615
"2357","五心級足體養生館","242台灣新北市新莊區新泰路34號1樓","全身按摩半身按摩腳底按摩肩頸按摩頸胸按摩背部按摩指壓油壓中式按摩經絡按摩中式推拿拔罐刮痧精油按摩局部護理臉部護膚足湯美容SPA",25.034105994289,121.449636016716
"2358","金足養生館","333台灣桃園市龜山區文化三路 78巷 22號 1樓","全身按摩半身按摩腳底按摩肩頸按摩背部按摩中式按摩經絡按摩中式推拿",25.057924680904,121.361942869314
"2359","樂足軒足體養身館","244台灣新北市林口區文化三路一段177號1樓","全身按摩半身按摩腳底按摩指壓油壓中式按摩經絡按摩中式推拿拔罐刮痧精油按摩修凍甲修腳皮足湯",25.06953898122,121.361846980342
"2360","皇城泰式養生館","244台灣新北市林口區文化一路一段225號","全身按摩半身按摩腳底按摩肩頸按摩背部按摩指壓油壓泰式按摩泰式古法經絡按摩精油按摩臉部護膚足湯泰式SPA被動式瑜伽",25.076235996129,121.379267005892
"2361","不想走泰式古法按摩","330台灣桃園市桃園區三民路三段88號(近麥當勞三民店、桃園國中旁)","全身按摩半身按摩腳底按摩肩頸按摩背部按摩指壓油壓泰式按摩泰式古法中式按摩經絡按摩精油按摩芳香按摩足湯被動式瑜伽",24.994733009951,121.305710022014
"2362","樂采足體經絡養生館","545台灣南投縣埔里鎮中正路521號","全身按摩半身按摩腳底按摩肩頸按摩背部按摩指壓油壓日式按摩台式按摩中式按摩休閒舒壓經絡按摩中式推拿精油按摩局部護理足湯",23.969663006239,120.963993994968
"2363","地天泰養生館","804台灣高雄市鼓山區美術東五路39號","全身按摩腳底按摩肩頸按摩中式按摩經絡按摩中式推拿局部護理修凍甲修腳皮足湯",22.658726015435,120.294606993112
"2364","足師傅腳底按摩","900台灣屏東縣屏東市廣東路777號","全身按摩腳底按摩肩頸按摩背部按摩中式按摩經絡按摩中式推拿拔罐刮痧修凍甲修腳皮",22.687149007193,120.492496015733
"2365","竹之沐足湯屋","900台灣屏東縣屏東市廣東路737-1號","全身按摩腳底按摩指壓油壓中式按摩經絡按摩中式推拿精油按摩足湯",22.686698982812,120.493933009214
"2366","蕓吉足體養生館","900台灣屏東縣屏東市自由路174號","全身按摩腳底按摩肩頸按摩指壓油壓中式按摩經絡按摩中式推拿拔罐刮痧精油按摩修凍甲修腳皮",22.6689510153,120.494229980043
"2367","菘足體養生館","900台灣屏東縣屏東市建民路8-2號","全身按摩腳底按摩肩頸按摩指壓油壓中式按摩經絡按摩中式推拿拔罐刮痧精油按摩足湯",22.665556302604,120.481073828638
"2368","樂見足體養生館-崇蘭館","900台灣屏東縣屏東市大同北路112號","全身按摩半身按摩腳底按摩肩頸按摩背部按摩中式按摩經絡按摩中式推拿足湯",22.681808980499,120.474958978815
"2369","加賀屋養生會館- 東港店","928台灣屏東縣東港鎮光復路二段63號","全身按摩半身按摩腳底按摩肩頸按摩指壓油壓中式按摩經絡按摩中式推拿拔罐刮痧精油按摩修凍甲修腳皮足湯",22.467713003265,120.453697024125
"2370","加賀屋養生會館","800台灣高雄市新興區七賢一路466號","全身按摩半身按摩腳底按摩肩頸按摩指壓油壓中式按摩經絡按摩中式推拿拔罐刮痧精油按摩修凍甲修腳皮足湯",22.63457398053,120.304524963863
"2371","炫養生館","920台灣屏東縣潮州鎮中洲路171巷30號","全身按摩半身按摩腳底按摩肩頸按摩中式按摩經絡按摩中式推拿足湯",22.54124769128,120.539806410922
"2372","復康養生舘","920台灣屏東縣潮州鎮朝昇路276號","全身按摩半身按摩腳底按摩肩頸按摩中式按摩經絡按摩中式推拿拔罐刮痧臉部護膚修腳皮足湯",22.55640401624,120.540706040589
"2373","君笙足體健康會館","900台灣屏東縣屏東市中山路250號","全身按摩腳底按摩肩頸按摩指壓油壓中式按摩經絡按摩中式推拿拔罐刮痧精油按摩修凍甲修腳皮",22.685777015372,120.484430026489
"2374","金鐵塔健康會館","404台灣台中市北區五權路322號","全身按摩半身按摩腳底按摩肩頸按摩背部按摩指壓油壓泰式按摩越式按摩台式按摩中式按摩休閒舒壓經絡按摩中式推拿刮痧精油按摩局部護理芳療SPA泰式SPA掏耳朵被動式瑜伽踩背",24.152100116085,120.680016205031
"2375","意蓁健康養生館","730台灣台南市新營區復興路241-1號","全身按摩肩頸按摩背部按摩指壓油壓泰式按摩中式按摩休閒舒壓經絡按摩中式推拿刮痧精油按摩局部護理芳療SPA泰式SPA被動式瑜伽",23.303635010172,120.304150041334
"2376","金上豪經絡養生館","730台灣台南市新營區新進路304號","全身按摩半身按摩腳底按摩肩頸按摩背部按摩指壓油壓泰式按摩中式按摩休閒舒壓經絡按摩中式推拿刮痧精油按摩局部護理芳療SPA泰式SPA被動式瑜伽",23.301632112498,120.315814884527
"2377","DREAM SPA 日式の美肌社 マッサージ","403台灣台中市西區向上南路一段166-6號","全身按摩肩頸按摩頸胸按摩背部按摩指壓油壓日式按摩芳香療法按摩刮痧精油按摩熱石按摩芳香按摩局部護理臉部護膚芳療SPA美容SPA薰香耳燭被動式瑜伽",24.14511799074,120.653536012701
"2378","紓心禪養生按摩","407台灣台中市西屯區大墩十七街68號","全身按摩半身按摩肩頸按摩頸胸按摩背部按摩指壓油壓東方指壓日式按摩歐式按摩中式按摩能量按摩芳香療法按摩深層組織按摩熱油按摩放鬆按摩運動按摩穴道按摩休閒舒壓理療按摩經絡按摩拔罐刮痧精油按摩熱石按摩芳香按摩局部護理臉部護膚孕婦按摩芳療SPA美容SPA薰香耳燭",24.155681200398,120.649175327574
"2379","泰棧複合式舒壓館-礁溪館","262台灣宜蘭縣礁溪鄉礁溪路五段45號","全身按摩半身按摩腳底按摩肩頸按摩背部按摩指壓油壓泰式按摩泰式古法經絡按摩精油按摩熱石按摩足湯泰式SPA被動式瑜伽",24.826620195446,121.771510234928
"2380","素問。足體工房","262台灣宜蘭縣礁溪鄉仁愛路64號(近湯圍溝溫泉公園)","全身按摩半身按摩腳底按摩肩頸按摩指壓油壓中式按摩深層組織按摩經絡按摩中式推拿拔罐刮痧精油按摩局部護理足湯",24.826947005851,121.769647021671
"2381","足之林足體養生舘 – 三民店","330台灣桃園市桃園區中正路364號","全身按摩半身按摩腳底按摩指壓油壓中式按摩經絡按摩中式推拿刮痧精油按摩修凍甲修腳皮足湯掏耳朵",24.998711983207,121.308662966503
"2382","足之林足體養生舘 – 中正店","330台灣桃園市桃園區中正路848號","全身按摩半身按摩腳底按摩指壓油壓中式按摩經絡按摩中式推拿刮痧精油按摩修凍甲修腳皮足湯掏耳朵",25.010767840757,121.301285402927
"2383","足之林足體養生舘 – 藝文會舘","330台灣桃園市桃園區新埔六街101號","全身按摩半身按摩腳底按摩指壓油壓中式按摩經絡按摩中式推拿刮痧精油按摩修凍甲修腳皮足湯掏耳朵",25.014730009723,121.302030031244
"2384","台中拾玖保養","400台灣台中市中區公園路38號","全身按摩油壓中式按摩拔罐刮痧精油按摩局部護理",24.146203698658,120.680230362658
"2385","天泰足體養生館","320台灣桃園市中壢區健行路58號","全身按摩半身按摩腳底按摩肩頸按摩背部按摩指壓油壓泰式按摩泰式古法經絡按摩精油按摩被動式瑜伽",24.950949007157,121.226697005903
"2386","千勝家平價足體養生館-崇德店","701台灣台南市東區崇明二十街19號","全身按摩腳底按摩肩頸按摩指壓油壓中式按摩經絡按摩刮痧精油按摩局部護理修凍甲修腳皮足湯薰香耳燭太空艙",22.969338979092,120.226652976231
"2387","千勝家平價足體養身館-文賢館","704台灣台南市北區文賢路365巷18弄29號","全身按摩腳底按摩肩頸按摩指壓油壓中式按摩經絡按摩刮痧精油按摩局部護理修凍甲修腳皮足湯薰香耳燭太空艙",23.008685979531,120.193090997726
"2388","莞喬隱集專業理容機構","412台灣台中市大里區大明路332巷1號","全身按摩半身按摩油壓泰式按摩台式按摩中式按摩精油按摩局部護理",24.115369903909,120.681035025362
"2389","夯足足體養生會館-北車會館","100台灣台北市中正區南陽街3號3樓之3(近捷運台大醫院站4號出口、台北車站Z2出口)","全身按摩半身按摩腳底按摩肩頸按摩背部按摩指壓油壓中式按摩經絡按摩中式推拿刮痧精油按摩修凍甲修腳皮足湯",25.045429987388,121.516188998481
"2390","夯足足體養生會館-士林店","111台灣台北市士林區文林路135號","全身按摩半身按摩腳底按摩肩頸按摩背部按摩指壓油壓中式按摩經絡按摩中式推拿刮痧精油按摩修凍甲修腳皮足湯",25.088754997164,121.526422966982
"2391","巧遇SPA養生館","803台灣高雄市鹽埕區五福四路167號","全身按摩半身按摩背部按摩指壓油壓越式按摩中式按摩休閒舒壓經絡按摩中式推拿精油按摩局部護理",22.62347600545,120.283292010558
"2392","泰亞築泰式皇家養生館","640台灣雲林縣斗六市西平路131號","全身按摩半身按摩腳底按摩肩頸按摩背部按摩指壓油壓泰式按摩泰式古法經絡按摩刮痧精油按摩熱石按摩孕婦按摩足湯泰式SPA被動式瑜伽",23.711022913321,120.536497319367
"2393","健康主義養生館-莊敬店","640台灣雲林縣斗六市莊敬路300號","全身按摩頸胸按摩背部按摩中式按摩放鬆按摩經絡按摩中式推拿拔罐刮痧精油按摩芳香按摩臉部護膚孕婦按摩美容SPA太空艙",23.703344000365,120.546027962373
"2394","健康主義養生館-永昌店","640台灣雲林縣斗六市永昌東街58號","全身按摩頸胸按摩背部按摩中式按摩放鬆按摩經絡按摩中式推拿拔罐刮痧精油按摩芳香按摩臉部護膚孕婦按摩美容SPA太空艙",23.702522406216,120.540290214373
"2395","新世界養生館(舊舒益泰)","640台灣雲林縣斗六市中華路264號","全身按摩腳底按摩肩頸按摩背部按摩指壓油壓泰式按摩台式按摩中式按摩經絡按摩中式推拿拔罐刮痧精油按摩芳療SPA泰式SPA",23.708485795049,120.548451841133
"2396","富代雅緻SPA休閒會館","600台灣嘉義市西區中興路410號","全身按摩腳底按摩指壓油壓中式按摩穴道按摩經絡按摩中式推拿精油按摩臉部護膚全身去角質",23.479109985511,120.42879011502
"2397","晶悅足體健康會館-垂楊店","600台灣嘉義市西區垂楊路574號","全身按摩半身按摩腳底按摩肩頸按摩背部按摩指壓油壓台式按摩中式按摩休閒舒壓經絡按摩中式推拿拔罐刮痧精油按摩局部護理修凍甲修腳皮足湯",23.473629981034,120.445229960813
"2398","芝足養生館","600台灣嘉義市西區興達路78號","全身按摩腳底按摩肩頸按摩指壓油壓中式按摩經絡按摩中式推拿精油按摩修凍甲修腳皮足湯",23.489349988983,120.443779975382
"2399","銀座足體養身會館","108台灣台北市萬華區華西街24號","全身按摩半身按摩腳底按摩肩頸按摩中式按摩經絡按摩中式推拿拔罐刮痧修腳皮足湯",25.038209983631,121.498320960206
"2400","蒙恩堂傳統整復推拿","304台灣新竹縣新豐鄉康樂路一段188號1樓","全身按摩半身按摩腳底按摩肩頸按摩頸胸按摩背部按摩中式按摩深層組織按摩經絡按摩中式推拿拔罐刮痧局部護理",24.868405994432,120.989026967897
"2401","彤岩SPA生活館","231台灣新北市新店區安康路二段142巷1弄1號","全身按摩肩頸按摩頸胸按摩指壓油壓中式按摩經絡按摩中式推拿精油按摩臉部護膚美容SPA薰香耳燭",24.961703994759,121.512135007191
"2402","花緹時尚會館-MyHuati","105台灣台北市松山區南京東路四段186-1號","全身按摩肩頸按摩背部按摩指壓油壓中式按摩休閒舒壓中式推拿精油按摩局部護理",25.051343000984,121.557599036748
"2403","五趾沐足體養生會館","600台灣嘉義市西區仁愛路528號2樓","全身按摩腳底按摩肩頸按摩背部按摩指壓油壓中式按摩經絡按摩中式推拿拔罐刮痧精油按摩修凍甲修腳皮足湯",23.477289980965,120.442099990529
"2404","盛陽足體養生館","404台灣台中市北區中清路一段3號(中清路五權路口)","全身按摩半身按摩腳底按摩肩頸按摩背部按摩指壓油壓中式按摩經絡按摩中式推拿拔罐刮痧精油按摩修凍甲修腳皮足湯",24.151621216047,120.676959492581
"2405","吳神父養生泡腳會館-中山館","510台灣彰化縣員林市中山路二段476號","全身按摩半身按摩腳底按摩肩頸按摩背部按摩指壓油壓中式按摩休閒舒壓經絡按摩中式推拿拔罐刮痧精油按摩局部護理修凍甲修腳皮足湯",23.97113201859,120.571639035163
"2406","金手純泰式按摩坊","540台灣南投縣南投市南崗二路468號","全身按摩半身按摩腳底按摩肩頸按摩背部按摩指壓油壓泰式按摩泰式古法休閒舒壓經絡按摩精油按摩足湯芳療SPA泰式SPA被動式瑜伽",23.917231056516,120.676701038076
"2407","69六九SPA時尚美學會館","302台灣新竹縣竹北市興隆路五段69號","全身按摩半身按摩肩頸按摩背部按摩指壓油壓中式按摩休閒舒壓經絡按摩中式推拿精油按摩局部護理",24.802639989556,121.03274001788
"2408","禾曼SPA會館(舊心語)","302台灣新竹縣竹北市縣政九路135巷2號","全身按摩半身按摩肩頸按摩背部按摩指壓油壓泰式按摩越式按摩中式按摩休閒舒壓經絡按摩中式推拿精油按摩局部護理芳療SPA泰式SPA被動式瑜伽雙人四手岩盤浴",24.82794000992,121.009890027814
"2409","心悅美體舒活館","234台灣新北市永和區林森路95號","全身按摩腳底按摩指壓油壓中式按摩經絡按摩中式推拿拔罐刮痧精油按摩修凍甲",25.003555004952,121.52362098057
"2410","健康養生館","241台灣新北市三重區長壽街23號","全身按摩半身按摩腳底按摩中式按摩經絡按摩中式推拿刮痧",25.067869683294,121.499429969815
"2411","佳倍足體按摩養生館","110台灣台北市信義區忠孝東路五段71巷5號","全身按摩半身按摩腳底按摩肩頸按摩指壓油壓中式按摩經絡按摩中式推拿刮痧精油按摩局部護理臉部護膚足湯",25.041692999677,121.56742002888
"2412","宏陽泰式SPA養生舒壓館","241台灣新北市三重區三民街132-2號","全身按摩半身按摩腳底按摩肩頸按摩背部按摩指壓油壓泰式按摩泰式古法經絡按摩精油按摩芳療SPA泰式SPA被動式瑜伽踩背",25.065027002741,121.482836986651
"2413","御君閣美容會館 Yujune SPA Beauty Club","800台灣高雄市新興區七賢一路72號","全身按摩半身按摩肩頸按摩背部按摩指壓油壓泰式按摩越式按摩台式按摩中式按摩休閒舒壓經絡按摩中式推拿刮痧精油按摩局部護理芳療SPA泰式SPA被動式瑜伽",22.633846012239,120.3150519637
"2414","金SPA會館(舊金色SPA)","802台灣高雄市苓雅區中正一路271號","全身按摩半身按摩肩頸按摩背部按摩指壓油壓泰式按摩越式按摩台式按摩中式按摩休閒舒壓經絡按摩中式推拿精油按摩局部護理芳療SPA泰式SPA被動式瑜伽踩背",22.629556992384,120.325258020463
"2415","足恩養生會館","802台灣高雄市苓雅區福德二路228號","全身按摩腳底按摩肩頸按摩指壓油壓中式按摩經絡按摩中式推拿精油按摩足湯",22.634188999717,120.32839201406
"2416","沐妍SPA舒壓會館 – 福德店","802台灣高雄市苓雅區福德三路158號","全身按摩背部按摩指壓油壓中式按摩深層組織按摩經絡按摩中式推拿精油按摩薰香耳燭",22.626055997157,120.326655032265
"2417","沐妍SPA紓壓養生會館-尚志店","802台灣高雄市苓雅區尚志街38號","全身按摩背部按摩指壓油壓中式按摩深層組織按摩經絡按摩中式推拿精油按摩薰香耳燭",22.628502004141,120.314399013442
"2418","伊巧泰式養生館","830台灣高雄市鳳山區建國路三段545號","全身按摩半身按摩腳底按摩肩頸按摩背部按摩指壓油壓泰式按摩中式按摩休閒舒壓經絡按摩刮痧精油按摩局部護理足湯泰式SPA",22.636503997555,120.345178032455
"2419","足放鬆 足體館","114台灣台北市內湖區東湖路7巷3號","全身按摩半身按摩腳底按摩肩頸按摩背部按摩指壓油壓中式按摩經絡按摩中式推拿拔罐刮痧精油按摩修凍甲修腳皮足湯",25.069115611291,121.612616005173
"2420","北門足體養生會館(마사지 Massage)","100台灣台北市中正區中華路一段29之2號","全身按摩半身按摩腳底按摩肩頸按摩背部按摩指壓油壓中式按摩經絡按摩中式推拿拔罐刮痧精油按摩修凍甲修腳皮足湯",25.045600014294,121.509734011027
"2421","988養生會館-昆明店","108台灣台北市萬華區昆明街23號","全身按摩半身按摩腳底按摩肩頸按摩指壓油壓中式按摩經絡按摩中式推拿拔罐刮痧精油按摩修凍甲修腳皮足湯",25.045350610765,121.505582705841
"2422","988養生會館-重慶店","100台灣台北市中正區重慶南路一段1之1號","全身按摩半身按摩腳底按摩肩頸按摩指壓油壓中式按摩經絡按摩中式推拿拔罐刮痧精油按摩修凍甲修腳皮足湯",25.046630988385,121.513414001797
"2423","988紅樓養生會館","108台灣台北市萬華區成都路34號","全身按摩半身按摩腳底按摩肩頸按摩指壓油壓中式按摩經絡按摩中式推拿拔罐刮痧精油按摩修凍甲修腳皮足湯",25.042524987386,121.506534973861
"2424","漾足道 足體養生會館","10491台灣台北市中山區長春路20號","全身按摩半身按摩腳底按摩肩頸按摩背部按摩指壓油壓中式按摩經絡按摩中式推拿拔罐刮痧精油按摩臉部護膚修凍甲修腳皮足湯美容SPA",25.054847013696,121.523810998315
"2425","沐禾軒足體養生會館","10491台灣台北市中山區中山北路二段115巷7號","全身按摩半身按摩腳底按摩肩頸按摩指壓油壓中式按摩經絡按摩中式推拿精油按摩局部護理臉部護膚孕婦按摩足湯",25.06101471142,121.523617292532
"2426","悅足坊足體養生館","244台灣新北市林口區文化二路一段248-1號","全身按摩半身按摩腳底按摩肩頸按摩指壓中式按摩經絡按摩中式推拿足湯",25.073118011967,121.370635992554
"2427","綠楓泰式按摩會館 Green Maple Thai Massage","111台灣台北市士林區忠誠路二段158號","全身按摩半身按摩腳底按摩肩頸按摩背部按摩指壓油壓泰式按摩泰式古法經絡按摩精油按摩足湯被動式瑜伽",25.115255012696,121.532835961102
"2428","心柔養生按摩館 Xin Rou Massage","112台灣台北市北投區裕民四路2巷23號","全身按摩半身按摩腳底按摩肩頸按摩背部按摩指壓油壓泰式按摩中式按摩中式推拿精油按摩",25.114673979168,121.516283965444
"2429","雙湖泰式養生舒活會館","114台灣台北市內湖區內湖路二段482號","全身按摩半身按摩腳底按摩肩頸按摩背部按摩指壓油壓泰式按摩泰式古法經絡按摩精油按摩局部護理臉部護膚足湯美容SPA泰式SPA被動式瑜伽",25.084191008976,121.593234027546
"2430","湖SPA峇里島熱石精油舒壓會館","114台灣台北市內湖區成功路五段51號","全身按摩半身按摩腳底按摩肩頸按摩背部按摩指壓油壓峇里島式按摩中式按摩放鬆按摩休閒舒壓精油按摩熱石按摩芳香按摩",25.074435982422,121.606328991058
"2431","足門四季養生概念館 – 連興店","221台灣新北市汐止區連興街2號","全身按摩半身按摩腳底按摩肩頸按摩背部按摩指壓油壓中式按摩經絡按摩中式推拿精油按摩足湯",25.064022683103,121.656504404571
"2432","足門四季養生概念館 – 長安店","10491台灣台北市中山區長安東路二段236號","全身按摩半身按摩腳底按摩肩頸按摩指壓油壓中式按摩經絡按摩中式推拿精油按摩足湯",25.048146981303,121.54299398956
"2433","泰蘭泰式SPA精緻會館 – 板橋南雅店","220台灣新北市板橋區南雅西路二段76號","全身按摩半身按摩腳底按摩肩頸按摩背部按摩指壓油壓泰式按摩泰式古法經絡按摩精油按摩局部護理足湯泰式SPA被動式瑜伽",25.01050397987,121.452803035012
"2434","泰蘭泰式SPA精緻會館 – 中和景平店","235台灣新北市中和區景平路727號","全身按摩半身按摩腳底按摩肩頸按摩背部按摩指壓油壓泰式按摩泰式古法經絡按摩精油按摩足湯泰式SPA被動式瑜伽",25.00418800628,121.49632698926
"2435","晶儷時尚會館","10491台灣台北市中山區長春路134號","全身按摩半身按摩指壓油壓泰式按摩東方指壓越式按摩中式按摩休閒舒壓經絡按摩中式推拿精油按摩局部護理踩背",25.054718980125,121.531100990964
"2436","九福泡腳會館","800台灣高雄市新興區南台路87號","全身按摩半身按摩腳底按摩肩頸按摩指壓油壓中式按摩經絡按摩中式推拿精油按摩修腳皮足湯",22.632617015686,120.299648959329
"2437","妍林中泰養身會館 – 金華店","700台灣台南市中西區金華路三段248號","全身按摩半身按摩腳底按摩肩頸按摩背部按摩指壓油壓泰式按摩泰式古法中式按摩經絡按摩中式推拿精油按摩芳香按摩局部護理足湯泰式SPA被動式瑜伽",22.995189983861,120.193875208587
"2438","新莊5號店養生館​","242台灣新北市新莊區中平路6巷9號","全身按摩半身按摩腳底按摩指壓能量按摩經絡按摩中式推拿拔罐刮痧臉部護膚修凍甲修腳皮美容SPA",25.042741994859,121.445223028513
"2439","長青養身館","242台灣新北市新莊區建安街26巷6弄2號","全身按摩腳底按摩肩頸按摩背部按摩指壓油壓中式按摩經絡按摩中式推拿刮痧精油按摩足湯",25.026014985063,121.428586040357
"2440","沛澄養生館","709台灣台南市安南區海佃路一段158巷108-3號","全身按摩半身按摩腳底按摩肩頸按摩背部按摩指壓油壓中式按摩經絡按摩中式推拿局部護理臉部護膚美容SPA太空艙",23.024666999944,120.194853963421
"2441","熊本木足體養生會館","220台灣新北市板橋區民權路45號","全身按摩半身按摩腳底按摩肩頸按摩背部按摩指壓油壓中式按摩經絡按摩中式推拿拔罐刮痧精油按摩修腳皮足湯",25.011041008407,121.461850964214
"2442","同慶堂傳統整復館","242台灣新北市新莊區民安路98巷17號","中式按摩運動按摩經絡按摩中式推拿拔罐刮痧局部護理",25.025300008722,121.423526975058
"2443","登豐傳統整復推拿","206台灣基隆市七堵區大德路85-3號","全身按摩半身按摩肩頸按摩背部按摩指壓中式按摩理療按摩經絡按摩中式推拿刮痧局部護理",25.083912981247,121.691958010985
"2444","泰莉雅泰式美容SPA會館 Terra Ya Beauty – 新店大坪林","231台灣新北市新店區中興路三段223號2樓","全身按摩半身按摩腳底按摩肩頸按摩背部按摩指壓油壓泰式按摩泰式古法精油按摩足湯被動式瑜伽",24.983061586964,121.543054758358
"2445","立康社區按摩站","103台灣台北市大同區南京西路18巷8之3號 1樓","全身按摩半身按摩腳底按摩肩頸按摩背部按摩指壓油壓中式按摩理療按摩醫療按摩經絡按摩中式推拿刮痧",25.051715995675,121.520166965909
"2446","162 美容SPA館","807台灣高雄市三民區大豐一路162號","全身按摩半身按摩腳底按摩肩頸按摩指壓油壓中式按摩經絡按摩中式推拿刮痧精油按摩臉部護膚足湯美容SPA",22.657697011092,120.331156030451
"2447","六本木養生館 Roppongi Massage – 高雄楠梓店","811台灣高雄市楠梓區德祥路12之1號","全身按摩腳底按摩肩頸按摩指壓油壓日式按摩中式按摩經絡按摩中式推拿拔罐刮痧精油按摩局部護理修凍甲修腳皮",22.728512986902,120.311653018143
"2448","水舞間時尚會館","10491台灣台北市中山區長春路169號B1","全身按摩腳底按摩指壓油壓東方指壓中式按摩穴道按摩休閒舒壓經絡按摩中式推拿精油按摩芳香按摩臉部護膚修凍甲修腳皮美容SPA掏耳朵",25.054797679847,121.537130992518
"2449","金芸養生會館","106台灣台北市大安區忠孝東路四段170巷18弄3號","全身按摩腳底按摩肩頸按摩背部按摩指壓油壓中式按摩經絡按摩中式推拿拔罐刮痧精油按摩修腳皮足湯",25.040033005662,121.550544994674
"2450","​二足行館 Feet’s Paradise","106台灣台北市大安區通化街6號","全身按摩腳底按摩肩頸按摩背部按摩指壓油壓中式按摩經絡按摩中式推拿拔罐刮痧精油按摩修凍甲修腳皮足湯",25.032214995023,121.554138987118
"2451","泰和悅泰式養生會館 – 東湖店","114台灣台北市內湖區東湖路7巷17號","全身按摩半身按摩腳底按摩背部按摩指壓油壓泰式按摩泰式古法精油按摩被動式瑜伽",25.069481984279,121.612602007395
"2452","舒悅養生會館","420台灣台中市豐原區中正路540號","全身按摩半身按摩肩頸按摩背部按摩指壓油壓泰式按摩中式按摩休閒舒壓經絡按摩刮痧精油按摩局部護理",24.250327807036,120.707796598183
"2453","紫妍男女SPA生活館","406台灣台中市北屯區北屯路426-5號","全身按摩半身按摩腳底按摩肩頸按摩背部按摩指壓油壓泰式按摩泰式古法精油按摩足湯",24.178307980382,120.700524039893
"2454","泰輕鬆","401台灣台中市東區東英七街8號","全身按摩半身按摩腳底按摩肩頸按摩背部按摩指壓油壓泰式按摩泰式古法休閒舒壓經絡按摩精油按摩芳香按摩足湯芳療SPA泰式SPA被動式瑜伽踩背",24.140961614503,120.702584898426
"2455","足之樂養生會館","404台灣台中市北區五權路182之2號(五權路與中央街口)","全身按摩半身按摩腳底按摩肩頸按摩背部按摩指壓東方指壓台式按摩中式按摩穴道按摩足反射按摩經絡按摩中式推拿刮痧修凍甲修腳皮足湯",24.149583994481,120.675920974778
"2456","足堂足體養生館","106台灣台北市大安區通化街38巷5號","全身按摩半身按摩腳底按摩肩頸按摩背部按摩指壓油壓中式按摩經絡按摩中式推拿拔罐刮痧精油按摩修凍甲修腳皮足湯",25.03099899042,121.553862803408
"2457","金和爺Thai Siam 泰式養生會館","105台灣台北市松山區八德路二段386號2樓之4(台安醫院附近商圈)","全身按摩半身按摩腳底按摩肩頸按摩背部按摩指壓油壓泰式按摩泰式古法精油按摩芳香按摩足湯被動式瑜伽",25.047976996306,121.546343984802
"2458","Bella泰式養生館 Thai Ancient Massage","112台灣台北市北投區北投路二段25號","全身按摩半身按摩腳底按摩肩頸按摩背部按摩指壓油壓泰式按摩泰式古法精油按摩足湯被動式瑜伽",25.131329994244,121.497889040736
"2459","馬寧泰SPA工作室","112台灣台北市北投區北投區石牌路一段8號B1","全身按摩半身按摩腳底按摩肩頸按摩背部按摩指壓油壓泰式按摩泰式古法日式按摩中式按摩精油按摩足湯",25.112620969259,121.509681856232
"2460","六本木養生館 Roppongi Massage – 大甲店","437台灣台中市大甲區五福街230號","全身按摩腳底按摩肩頸按摩指壓油壓日式按摩中式按摩經絡按摩中式推拿拔罐刮痧精油按摩局部護理修凍甲修腳皮",24.350852013729,120.621609008229
"2461","六本木養生館 Roppongi Massage – 八德店","10491台灣台北市中山區八德路二段312巷1號1樓","全身按摩腳底按摩肩頸按摩指壓油壓日式按摩中式按摩經絡按摩中式推拿拔罐刮痧精油按摩局部護理修凍甲修腳皮",25.047005994733,121.542894999284
"2462","王品時尚會館","807台灣高雄市三民區十全二路188號","全身按摩半身按摩腳底按摩肩頸按摩背部按摩指壓油壓泰式按摩歐式按摩越式按摩台式按摩中式按摩休閒舒壓經絡按摩中式推拿刮痧精油按摩局部護理修凍甲修腳皮足湯芳療SPA泰式SPA歐式SPA被動式瑜伽踩背",22.645977014977,120.297820028056
"2463","蕎藝經絡推拿","351台灣苗栗縣頭份市中正一路161號","全身按摩半身按摩腳底按摩肩頸按摩背部按摩指壓油壓泰式按摩台式按摩中式按摩休閒舒壓經絡按摩中式推拿拔罐刮痧精油按摩局部護理芳療SPA泰式SPA被動式瑜伽",24.686635497346,120.928028505728
"2464","沙妮亞古泰式舒壓館","360台灣苗栗縣苗栗市華民路47號","全身按摩半身按摩腳底按摩肩頸按摩背部按摩指壓油壓泰式按摩泰式古法中式按摩中式推拿拔罐刮痧精油按摩足湯",24.564154979104,120.817170041062
"2465","芭泰雅古泰式男女舒壓館","360台灣苗栗縣苗栗市中華路465號","全身按摩背部按摩指壓油壓泰式按摩休閒舒壓精油按摩",24.581391985799,120.824609985959
"2466","足步天下養生館","360台灣苗栗縣苗栗市縣府路108號","全身按摩半身按摩腳底按摩背部按摩指壓油壓中式按摩中式推拿刮痧精油按摩修凍甲修腳皮",24.564797996806,120.819503982002
"2467","活力足健康行館","802台灣高雄市苓雅區中山二路483 號","全身按摩半身按摩腳底按摩肩頸按摩頸胸按摩背部按摩指壓油壓日式按摩中式按摩放鬆按摩運動按摩休閒舒壓經絡按摩拔罐刮痧精油按摩修凍甲修腳皮足湯",22.619170825051,120.302362227923
"2468","草莓泰式按摩養生館(函宣泰式)","640台灣雲林縣斗六市中華路278巷4號","全身按摩半身按摩腳底按摩肩頸按摩背部按摩指壓油壓越式按摩中式按摩休閒舒壓經絡按摩中式推拿拔罐刮痧精油按摩局部護理臉部護膚美容SPA",23.708110490942,120.548809578796
"2469","沐果香氛男女SPA","813台灣高雄市左營區文自路408巷1號","全身按摩腳底按摩肩頸按摩指壓油壓中式按摩中式推拿精油按摩芳香按摩臉部護膚足湯",22.676686003188,120.309729958097
"2470","檸檬樹泰式按摩SPA","241台灣新北市三重區自強路一段42號","全身按摩腳底按摩指壓油壓泰式按摩泰式古法經絡按摩精油按摩足湯泰式SPA被動式瑜伽",25.067043018093,121.497828439576
"2471","蘭納泰式舒壓會館 Lanna Thai Massage & SPA","106台灣台北市大安區和平東路一段15-2號2樓","全身按摩半身按摩腳底按摩肩頸按摩背部按摩指壓油壓泰式按摩泰式古法精油按摩足湯被動式瑜伽",25.02726099688,121.522766026446
"2472","苗栗 蘭納古泰式按摩Lan-Na Thai Massage","360台灣苗栗縣苗栗市自治路84-1號","全身按摩腳底按摩指壓油壓泰式按摩泰式古法精油按摩修腳皮足湯被動式瑜伽",24.566003985035,120.818783976519
"2473","丞御SPA會館","234台灣新北市永和區永利路38號","全身按摩半身按摩肩頸按摩背部按摩指壓油壓中式按摩休閒舒壓中式推拿精油按摩",25.005425007551,121.518671969659
"2474","泰和村男女養身會館","221台灣新北市汐止區新台五路一段190號","全身按摩半身按摩腳底按摩肩頸按摩背部按摩指壓油壓泰式按摩泰式古法精油按摩足湯泰式SPA被動式瑜伽",25.062693019892,121.655162964787
"2475","足御 健康養生館","108台灣台北市萬華區華西街47號","全身按摩半身按摩腳底按摩肩頸按摩指壓油壓中式按摩經絡按摩中式推拿拔罐刮痧精油按摩修凍甲修腳皮足湯",25.037517009786,121.498478037072
"2476","怡然富足足體會館","221台灣新北市汐止區青山路5號","全身按摩半身按摩腳底按摩指壓油壓中式按摩經絡按摩中式推拿精油按摩",25.062622989091,121.656139959421
"2477","漢峰養生足道館","108台灣台北市萬華區廣州街235號","全身按摩半身按摩腳底按摩肩頸按摩指壓油壓中式按摩經絡按摩中式推拿拔罐刮痧精油按摩足湯",25.036819006799,121.498575015691
"2478","足道養生會館","360台灣苗栗縣苗栗市自治路92號","腳底按摩指壓油壓中式按摩經絡按摩中式推拿拔罐刮痧修凍甲修腳皮足湯",24.566232014711,120.818568980702
"2479","森活憩息","10491台灣台北市中山區錦州街108號","全身按摩指壓油壓中式按摩經絡按摩中式推拿精油按摩芳香按摩",25.060288338888,121.528572333427
"2480","尹芙琳美容SPA紓活館 – 五權路","403台灣台中市西區五權路2-52號","全身按摩半身按摩腳底按摩肩頸按摩背部按摩指壓油壓中式按摩芳香療法按摩經絡按摩中式推拿刮痧精油按摩熱石按摩芳香按摩局部護理臉部護膚足湯美容SPA薰香耳燭",24.141180591723,120.667145122153
"2481","薇風美容養生館","403台灣台中市西區五權路29-1號","全身按摩腳底按摩肩頸按摩背部按摩指壓油壓歐式按摩台式按摩中式按摩芳香療法按摩穴道按摩休閒舒壓經絡按摩中式推拿拔罐刮痧精油按摩熱石按摩芳香按摩局部護理臉部護膚臉部按摩足湯芳療SPA美容SPA歐式SPA被動式瑜伽全身去角質",24.144252684966,120.669692131071
"2482","水亮麗 SPA 養生館 – 虎尾館","632台灣雲林縣虎尾鎮光復路206巷46號","全身按摩肩頸按摩頸胸按摩背部按摩指壓油壓中式按摩經絡按摩中式推拿拔罐刮痧精油按摩局部護理全身去角質踩背",23.712199020065,120.443712333424
"2483","水亮麗 SPA 養生館 – 斗六店","640台灣雲林縣斗六市大學路二段579號","全身按摩肩頸按摩頸胸按摩背部按摩指壓油壓中式按摩經絡按摩中式推拿拔罐刮痧精油按摩局部護理被動式瑜伽岩盤浴全身去角質",23.697567486063,120.542369010179
"2484","想你養生館(舊天祐)","632台灣雲林縣虎尾鎮埒內路79-2號","全身按摩半身按摩肩頸按摩背部按摩指壓油壓越式按摩中式按摩休閒舒壓經絡按摩中式推拿刮痧精油按摩局部護理芳療SPA泰式SPA被動式瑜伽",23.707873,120.42994
"2485","禪云心養生會舘","100台灣台北市中正區和平西路一段19號","全身按摩腳底按摩指壓油壓中式按摩經絡按摩中式推拿精油按摩",25.027027979971,121.521128034927
"2486","山本足體養生會館","220台灣新北市板橋區漢生東路17號","全身按摩腳底按摩指壓油壓中式按摩經絡按摩中式推拿拔罐刮痧精油按摩修凍甲修腳皮",25.017395999756,121.464885967534
"2487","禾匯足體養生行館","10491台灣台北市中山區吉林路284號","全身按摩腳底按摩肩頸按摩背部按摩指壓油壓中式按摩經絡按摩中式推拿刮痧精油按摩局部護理臉部護膚修凍甲修腳皮足湯",25.060784502449,121.530045625535
"2488","神奇原始點養生館","10491台灣台北市中山區八德路二段326號","全身按摩腳底按摩肩頸按摩指壓油壓中式按摩經絡按摩中式推拿拔罐刮痧精油按摩修凍甲修腳皮",25.047248986106,121.543150982607
"2489","永常樂足體養身館","106台灣台北市大安區安和路二段243號2樓","全身按摩腳底按摩肩頸按摩指壓油壓中式按摩中式推拿拔罐刮痧精油按摩修凍甲修腳皮",25.024851995998,121.550463019661
"2490","德力方足體養生館","111台灣台北市士林區德行東路115號","全身按摩半身按摩腳底按摩肩頸按摩背部按摩指壓油壓中式按摩經絡按摩中式推拿",25.107940000067,121.528634029221
"2491","常樂養生館","106台灣台北市大安區安和路二段153號(近捷運信義安和站、六張犁站、通化夜市)","全身按摩半身按摩腳底按摩肩頸按摩背部按摩指壓油壓中式按摩中式推拿拔罐刮痧精油按摩修凍甲修腳皮足湯",25.028471008422,121.55048296859
"2492","金美足體養生會館","106台灣台北市大安區忠孝東路四段55-1號3樓","全身按摩半身按摩腳底按摩肩頸按摩背部按摩指壓油壓台式按摩中式按摩休閒舒壓經絡按摩中式推拿拔罐刮痧精油按摩修凍甲修腳皮足湯芳療SPA",25.041810011045,121.545519037892
"2493","金美舒壓館","242台灣新北市新莊區中正路新旺巷2號","全身按摩半身按摩腳底按摩肩頸按摩背部按摩指壓油壓越式按摩中式按摩休閒舒壓中式推拿拔罐刮痧精油按摩局部護理",25.023583017766,121.415606998566
"2494","金享樂足體養生館","106台灣台北市大安區忠孝東路四段205巷7弄1號2樓","全身按摩半身按摩腳底按摩肩頸按摩指壓油壓中式按摩中式推拿拔罐刮痧精油按摩修凍甲修腳皮足湯",25.042149017119,121.552061029501
"2495","台北皇家巴黎會館 Taipei Royal Paris","10491台灣台北市中山區南京東路一段48號1樓","全身按摩半身按摩腳底按摩指壓油壓中式按摩拔罐刮痧精油按摩修腳皮足湯",25.051943019522,121.524546007404
"2496","花緹SPA舒活養生旗艦會館","801台灣高雄市前金區大同一路222號","全身按摩半身按摩腳底按摩肩頸按摩指壓油壓中式按摩放鬆按摩中式推拿精油按摩芳香按摩局部護理美容SPA",22.628577986094,120.299285017093
"2497","花緹SPA經典會館","813台灣高雄市左營區忠言路156號","全身按摩指壓油壓中式按摩深層組織按摩放鬆按摩中式推拿精油按摩芳香按摩局部護理臉部護膚美容SPA",22.658616002956,120.304858982705
"2498","晶采夢男女時尚舒壓會館","235台灣新北市中和區中正路76號","全身按摩半身按摩肩頸按摩頸胸按摩背部按摩指壓油壓東方指壓日式按摩歐式按摩中式按摩能量按摩芳香療法按摩深層組織按摩熱油按摩放鬆按摩運動按摩穴道按摩休閒舒壓理療按摩經絡按摩中式推拿拔罐刮痧精油按摩熱石按摩芳香按摩局部護理芳療SPA美容SPA歐式SPA薰香耳燭被動式瑜伽雙人四手全身去角質踩背",24.993838996158,121.500684992178
"2499","曼谷甸泰式SPA美容","220台灣新北市板橋區中正路337號2樓","全身按摩半身按摩腳底按摩肩頸按摩背部按摩指壓油壓泰式按摩泰式古法精油按摩足湯泰式SPA",25.020277111335,121.454855008728
"2500","悠閒生活養生SPA會館","813台灣高雄市左營區文恩路57號","全身按摩腳底按摩肩頸按摩指壓油壓中式按摩休閒舒壓精油按摩足湯",22.685245015978,120.317629985659
"2501","五越天養生館","320台灣桃園市中壢區中美路二段129號","全身按摩半身按摩肩頸按摩背部按摩指壓油壓越式按摩中式按摩休閒舒壓中式推拿精油按摩局部護理",24.959927995205,121.220550975399
"2502","湯布院足體養生會館","220台灣新北市板橋區松江街10號","全身按摩半身按摩腳底按摩肩頸按摩背部按摩指壓油壓中式按摩經絡按摩中式推拿精油按摩足湯",25.026330018894,121.469143303795
"2503","喜樂佳腳底按摩養生館","830台灣高雄市鳳山區善美路85號","全身按摩腳底按摩肩頸按摩指壓中式按摩經絡按摩拔罐刮痧臉部護膚",22.601726014447,120.33314899557
"2504","Kiraku Massage 喜樂健康按摩站","10491台灣台北市中山區民生東路一段22號","全身按摩半身按摩腳底按摩肩頸按摩背部按摩指壓油壓中式按摩經絡按摩中式推拿拔罐刮痧精油按摩局部護理修凍甲修腳皮足湯掏耳朵全身去角質",25.057885998421,121.52371100221
"2505","好腳舍足體健康會館 – 仁武館","814台灣高雄市仁武區仁雄路80-8號","全身按摩半身按摩腳底按摩肩頸按摩背部按摩指壓油壓中式按摩芳香療法按摩經絡按摩中式推拿精油按摩芳香按摩局部護理孕婦按摩修凍甲修腳皮足湯",22.678170019145,120.347351040853
"2506","好腳舍足體健康會館 – 屏東瑞光館","900台灣屏東縣屏東市中正路842號","全身按摩半身按摩腳底按摩肩頸按摩背部按摩指壓油壓中式按摩芳香療法按摩經絡按摩中式推拿精油按摩芳香按摩局部護理孕婦按摩修凍甲修腳皮足湯",22.692299016142,120.50228800648
"2507","喜濼養生館","900台灣屏東縣屏東市勝利路258-2號","全身按摩半身按摩肩頸按摩背部按摩指壓油壓中式按摩休閒舒壓經絡按摩中式推拿精油按摩局部護理",22.6788890188,120.475209010986
"2508","康熙養生會館","811台灣高雄市楠梓區大學東路202號 2 樓","全身按摩半身按摩腳底按摩肩頸按摩背部按摩指壓油壓中式按摩穴道按摩經絡按摩中式推拿精油按摩局部護理臉部護膚修腳皮足湯全身去角質",22.72843268827,120.290192579986
"2509","珊瑚男女美容坊","105台灣台北市松山區八德路四段92號","全身按摩半身按摩肩頸按摩背部按摩指壓油壓泰式按摩越式按摩台式按摩中式按摩休閒舒壓經絡按摩中式推拿刮痧精油按摩局部護理芳療SPA泰式SPA被動式瑜伽",25.048320989613,121.560542006772
"2510","竹悅足體養生會館","105台灣台北市松山區南京東路五段141-1號","全身按摩腳底按摩肩頸按摩指壓油壓中式按摩經絡按摩中式推拿拔罐刮痧精油按摩修凍甲修腳皮足湯",25.051678989572,121.561707007495
"2511","新泰屋泰式養生館","111台灣台北市士林區中正路637號","全身按摩半身按摩腳底按摩肩頸按摩背部按摩指壓油壓泰式按摩泰式古法精油按摩足湯泰式SPA被動式瑜伽",25.086135987698,121.508272039475
"2512","新柔柔養生會館","710台灣台南市永康區文化路140號","全身按摩半身按摩肩頸按摩背部按摩指壓油壓泰式按摩越式按摩中式按摩休閒舒壓經絡按摩中式推拿刮痧精油按摩局部護理芳療SPA泰式SPA被動式瑜伽踩背",23.015822499532,120.257221777112
"2513","妍欣養生館","802台灣高雄市苓雅區建國一路169號","全身按摩半身按摩肩頸按摩背部按摩指壓油壓泰式按摩越式按摩台式按摩中式按摩休閒舒壓經絡按摩中式推拿刮痧精油按摩局部護理芳療SPA泰式SPA",22.632763992358,120.327136991698
"2514","越漂亮生活館(越飄亮)","320台灣桃園市中壢區環西路17號","全身按摩半身按摩肩頸按摩背部按摩指壓油壓越式按摩中式按摩休閒舒壓精油按摩局部護理",24.957942489981,121.206809264238
"2515","經典時尚養生館","202台灣基隆市中正區義二路87號2樓","全身按摩半身按摩肩頸按摩背部按摩指壓油壓泰式按摩越式按摩台式按摩中式按摩休閒舒壓經絡按摩中式推拿拔罐刮痧精油按摩局部護理芳療SPA泰式SPA被動式瑜伽踩背",25.13253799413,121.746255979755
"2516","潤頤足體健康館","900台灣屏東縣屏東市自由路436號","全身按摩半身按摩腳底按摩肩頸按摩背部按摩指壓油壓中式按摩經絡按摩中式推拿拔罐刮痧精油按摩修腳皮",22.6826589893,120.492790974906
"2517","泰晟泰式舒壓養生館","200台灣基隆市仁愛區仁二路173號2樓","全身按摩半身按摩腳底按摩肩頸按摩背部按摩指壓油壓泰式按摩泰式古法休閒舒壓經絡按摩精油按摩足湯泰式SPA被動式瑜伽全身去角質踩背",25.128400686722,121.745154597678
"2518","美美養生館","807台灣高雄市三民區九如二路249號","全身按摩半身按摩肩頸按摩背部按摩指壓油壓泰式按摩越式按摩台式按摩中式按摩休閒舒壓經絡按摩中式推拿刮痧精油按摩局部護理芳療SPA泰式SPA被動式瑜伽踩背",22.640779983551,120.306810038307
"2519","雲海養身會館(舊心海)","404台灣台中市北區中清路一段339號","全身按摩半身按摩肩頸按摩背部按摩指壓油壓泰式按摩越式按摩台式按摩中式按摩休閒舒壓經絡按摩中式推拿刮痧精油按摩局部護理芳療SPA泰式SPA被動式瑜伽踩背",24.161373183206,120.674836691783
"2520","W紓活芳香調理會館","407台灣台中市西屯區東興路三段319號","全身按摩半身按摩肩頸按摩背部按摩指壓油壓歐式按摩中式按摩精油按摩熱石按摩芳香按摩局部護理臉部護膚美容SPA薰香耳燭雙人四手",24.156698009072,120.654280996255
"2521","元師父生活會館","241台灣新北市三重區文化北路39巷54號","全身按摩半身按摩腳底按摩肩頸按摩頸胸按摩背部按摩中式按摩運動按摩穴道按摩理療按摩經絡按摩中式推拿",25.065471997981,121.500173025532
"2522","天王星時尚養生館","300台灣新竹市東區自由路61號","全身按摩半身按摩肩頸按摩背部按摩指壓油壓泰式按摩越式按摩台式按摩中式按摩放鬆按摩休閒舒壓刮痧精油按摩局部護理芳療SPA泰式SPA被動式瑜伽踩背",24.812457000284,120.981031973372
"2523","京城夢馥芳舒體會館","220台灣新北市板橋區板新路59號","全身按摩背部按摩指壓油壓歐式按摩芳香療法按摩精油按摩熱石按摩局部護理臉部護膚美容SPA",25.013360993477,121.473986032174
"2524","泰皇工作室(原泰皇泰式養生館)","238台灣新北市樹林區佳園路三段606號1樓","全身按摩腳底按摩肩頸按摩背部按摩指壓油壓泰式按摩泰式古法經絡按摩拔罐刮痧精油按摩足湯被動式瑜伽",24.943784407779,121.379803782971
"2525","文妤美妍SPA會館","302台灣新竹縣竹北市福興路663號","全身按摩半身按摩肩頸按摩背部按摩指壓油壓中式按摩休閒舒壓中式推拿精油按摩",24.820778008933,121.014522035147
"2526","水漾時尚會館","220台灣新北市板橋區四川路一段140號","全身按摩半身按摩肩頸按摩背部按摩指壓油壓泰式按摩歐式按摩台式按摩中式按摩休閒舒壓經絡按摩中式推拿刮痧精油按摩局部護理芳療SPA泰式SPA被動式瑜伽踩背",25.003694898916,121.459859926933
"2527","健推拿養生館","700台灣台南市中西區金華路三段28號","全身按摩腳底按摩肩頸按摩背部按摩指壓油壓中式按摩足反射按摩經絡按摩中式推拿拔罐刮痧精油按摩局部護理",22.988870489872,120.192338302821
"2528","木築調理養生館","330台灣桃園市桃園區236 中山北路","全身按摩半身按摩腳底按摩肩頸按摩頸胸按摩背部按摩指壓油壓中式按摩放鬆按摩穴道按摩足反射按摩休閒舒壓理療按摩經絡按摩中式推拿拔罐刮痧精油按摩孕婦按摩修凍甲修腳皮足湯雙人四手",24.997524979989,121.3033480017
"2529","重按族SPA活絡館","242台灣新北市新莊區中原路67號","全身按摩腳底按摩背部按摩指壓油壓中式按摩拔罐刮痧精油按摩臉部護膚修腳皮",25.054209108955,121.457355665722
"2530","零八九 089美容美甲養生館","950台灣台東縣台東市中華路一段193號","全身按摩腳底按摩肩頸按摩背部按摩美胸按摩指壓油壓泰式按摩越式按摩台式按摩中式按摩休閒舒壓經絡按摩中式推拿拔罐刮痧精油按摩局部護理臉部護膚臉部按摩芳療SPA美容SPA泰式SPA薰香耳燭掏耳朵除毛美甲美睫",22.757107011395,121.156109981777
"2531","太陽城養生館","10491台灣台北市中山區民生東路二段69號","全身按摩背部按摩指壓油壓中式按摩中式推拿精油按摩芳香按摩",25.058132007279,121.530008493704
"2532","泰悠閒男女泰式養生館","220台灣新北市板橋區三民路一段183號","全身按摩半身按摩肩頸按摩背部按摩指壓油壓泰式按摩中式按摩精油按摩被動式瑜伽",25.019482004,121.479408033881
"2533","夢美養生館","116台灣台北市文山區羅斯福路六段309號","全身按摩半身按摩腳底按摩肩頸按摩背部按摩指壓油壓泰式按摩越式按摩台式按摩中式按摩休閒舒壓經絡按摩中式推拿拔罐刮痧精油按摩局部護理芳療SPA泰式SPA被動式瑜伽",24.994051016399,121.541404026347
"2534","愛琴海舒壓會館","231台灣新北市新店區北新路二段52號","全身按摩半身按摩肩頸按摩背部按摩指壓油壓泰式按摩越式按摩台式按摩中式按摩休閒舒壓經絡按摩中式推拿刮痧精油按摩局部護理芳療SPA泰式SPA被動式瑜伽踩背",24.971933017937,121.543067917946
"2535","東方明珠養生會館","265台灣宜蘭縣羅東鎮大同路86號2樓","全身按摩背部按摩指壓油壓中式按摩芳香療法按摩經絡按摩中式推拿刮痧精油按摩芳香按摩臉部護膚",24.679973015878,121.77377200768
"2536","泰合殿泰式按摩養生館","950台灣台東縣台東市興安路一段618號","全身按摩腳底按摩肩頸按摩指壓油壓泰式按摩泰式古法休閒舒壓經絡按摩拔罐刮痧精油按摩足湯芳療SPA泰式SPA被動式瑜伽踩背",22.795174844286,121.127165923
"2537","微風雅緻精品養生會館","302台灣新竹縣竹北市自強五路18號","全身按摩半身按摩腳底按摩肩頸按摩背部按摩指壓油壓中式按摩休閒舒壓經絡按摩中式推拿拔罐刮痧精油按摩修凍甲修腳皮足湯",24.820282009812,121.024016971245
"2538","三沐養生館 – 竹科店","300台灣新竹市東區金山18街15號","全身按摩半身按摩腳底按摩肩頸按摩背部按摩指壓油壓中式按摩經絡按摩中式推拿拔罐刮痧精油按摩臉部護膚修凍甲修腳皮足湯",24.776704118017,121.024879720539
"2539","三沐養身館 – 大里店","412台灣台中市大里區國光路二段186號","全身按摩腳底按摩背部按摩指壓油壓中式按摩經絡按摩中式推拿拔罐刮痧精油按摩修凍甲修腳皮",24.104069086771,120.681590494086
"2540","三民健康工作坊","433台灣台中市沙鹿區三民路55號","全身按摩腳底按摩肩頸按摩背部按摩指壓油壓泰式按摩越式按摩中式按摩休閒舒壓經絡按摩中式推拿拔罐刮痧精油按摩臉部護膚足湯美容SPA泰式SPA被動式瑜伽",24.239770590439,120.569560574633
"2541","蘭娜泰式養生會舘","302台灣新竹縣竹北市成功十一街110號","全身按摩腳底按摩指壓油壓泰式按摩泰式古法經絡按摩精油按摩足湯泰式SPA被動式瑜伽",24.814660309262,121.022249479323
"2542","天堂泰式SPA會館","300台灣新竹市北區仁化街14-1號","全身按摩腳底按摩肩頸按摩背部按摩指壓油壓泰式按摩泰式古法休閒舒壓經絡按摩精油按摩足湯泰式SPA被動式瑜伽踩背",24.805027993771,120.965110967385
"2543","沐男女養生會館","104台灣台北市中山區民權西路9巷15號","全身按摩腳底按摩肩頸按摩背部按摩指壓油壓中式按摩深層組織按摩精油按摩臉部護膚孕婦按摩足湯美容SPA",25.063525007602,121.521914005988
"2544","愛泰足體養身館(歇業)","10491台灣台北市中山區建國北路三段117號(近榮星花園、建國高架停車場旁)","全身按摩腳底按摩肩頸按摩背部按摩指壓泰式按摩泰式古法中式按摩精油按摩足湯泰式SPA",25.066591987883,121.535818996623
"2545","大總領健康養身會館 – 美村店","403台灣台中市西區西區美村路一段302號","全身按摩背部按摩指壓油壓中式按摩休閒舒壓中式推拿精油按摩",24.146141002023,120.661274018074
"2546","神瓏養生會館 – 中山店","510台灣彰化縣員林市中山路一段286號","全身按摩腳底按摩指壓中式按摩經絡按摩中式推拿拔罐刮痧修凍甲修腳皮",23.948249003826,120.564812980855
"2547","神瓏養生會館 – 員基店","510台灣彰化縣員林市莒光路577號","全身按摩腳底按摩指壓中式按摩經絡按摩中式推拿拔罐刮痧修凍甲修腳皮",23.963767091727,120.566441919918
"2548","君悅足體養生館","510台灣彰化縣員林市大同路一段459號","全身按摩腳底按摩頸胸按摩背部按摩指壓油壓中式按摩經絡按摩中式推拿拔罐刮痧精油按摩修凍甲修腳皮足湯",23.965657139848,120.579059943949
"2549","泰舒府皇家泰式養生會館","407台灣台中市西屯區台灣大道二段776號","全身按摩腳底按摩指壓油壓泰式按摩泰式古法芳香療法按摩精油按摩芳香按摩足湯泰式SPA被動式瑜伽",24.160438014269,120.654344028167
"2550","足清風養生館-旗艦店","510台灣彰化縣員林市莒光路265號","全身按摩腳底按摩肩頸按摩背部按摩指壓油壓中式按摩經絡按摩中式推拿刮痧精油按摩足湯",23.957161984386,120.566545017327
"2551","芷妍養生館","406台灣台中市北屯區文心路四段273號","全身按摩腳底按摩肩頸按摩背部按摩指壓油壓泰式按摩越式按摩台式按摩中式按摩休閒舒壓中式推拿刮痧精油按摩局部護理足湯芳療SPA泰式SPA被動式瑜伽踩背",24.173302014439,120.678703012261
"2552","紅牌養生會館-沙田店","433台灣台中市沙鹿區沙田路17-32號","全身按摩半身按摩肩頸按摩背部按摩指壓油壓泰式按摩越式按摩中式按摩休閒舒壓經絡按摩中式推拿刮痧精油按摩局部護理芳療SPA泰式SPA被動式瑜伽踩背",24.223298013314,120.556585975251
"2553","清雲養生館","406台灣台中市太平區太平路826號","全身按摩半身按摩腳底按摩頸胸按摩背部按摩指壓油壓泰式按摩越式按摩中式按摩休閒舒壓經絡按摩中式推拿拔罐刮痧精油按摩局部護理臉部護膚修凍甲修腳皮足湯芳療SPA美容SPA泰式SPA被動式瑜伽踩背",24.1569,120.727
"2554","經典足體養生館 – 武廟二店","802台灣高雄市苓雅區建國一路140巷9號(大仁國中/加油站旁巷內)","全身按摩腳底按摩指壓油壓泰式按摩精油按摩",22.633497995619,120.330378022199
"2555","經典足體養生館 – 熱河店","807台灣高雄市三民區熱河一街418號2F(近博愛路小林髮廊)","全身按摩半身按摩腳底按摩肩頸按摩背部按摩指壓油壓泰式按摩越式按摩台式按摩中式按摩休閒舒壓經絡按摩中式推拿刮痧精油按摩局部護理芳療SPA泰式SPA被動式瑜伽",22.64411,120.30434
"2556","經典足體養生館 – 鳳山自由店","830台灣高雄市鳳山區自由路226號","全身按摩腳底按摩指壓油壓泰式按摩精油按摩",22.625527015247,120.348714022128
"2557","經典足體養生館 – 武廟店","802台灣高雄市苓雅區武廟路118-8號3樓","全身按摩腳底按摩指壓油壓泰式按摩精油按摩",22.631027010563,120.329171028142
"2558","經典足體養生館 – 鳳山青年店","830台灣高雄市鳳山區青年路二段247號2樓","全身按摩腳底按摩指壓油壓泰式按摩精油按摩",22.63793801546,120.35053096728
"2559","雅典娜美容SPA會館","412台灣台中市大里區大明路519號","全身按摩半身按摩肩頸按摩背部按摩指壓油壓泰式按摩越式按摩台式按摩中式按摩休閒舒壓經絡按摩中式推拿拔罐刮痧精油按摩局部護理臉部護膚芳療SPA泰式SPA被動式瑜伽",24.114771980846,120.674104029627
"2560","春不荖足湯 – 大里行館","412台灣台中市大里區國光路二段551號","全身按摩腳底按摩肩頸按摩指壓油壓日式按摩中式按摩經絡按摩中式推拿精油按摩",24.112113702163,120.678790686968
"2561","春不荖足湯 – 中港行館","403台灣台中市西區台灣大道二段157號","全身按摩腳底按摩肩頸按摩指壓油壓日式按摩中式按摩經絡按摩中式推拿精油按摩",24.151358191926,120.66879367487
"2562","足松養身會館 – 台南赤崁樓店","700台灣台南市中西區民族路二段373號","全身按摩腳底按摩肩頸按摩背部按摩指壓油壓日式按摩中式按摩經絡按摩中式推拿精油按摩足湯",22.996969881,120.201663589199
"2563","足松養身會館 – 台中東興店","407台灣台中市西屯區東興路三段404號","全身按摩腳底按摩肩頸按摩背部按摩指壓油壓日式按摩中式按摩經絡按摩中式推拿精油按摩足湯",24.158278291187,120.65566560284
"2564","泰妃泰式養生殿","406台灣台中市北屯區文心路四段682號","全身按摩腳底按摩肩頸按摩背部按摩指壓油壓泰式按摩泰式古法經絡按摩精油按摩足湯泰式SPA被動式瑜伽",24.171676009042,120.686879977904
"2565","鑫樂園泰式養生館","108台灣台北市萬華區康定路296號","全身按摩半身按摩肩頸按摩背部按摩指壓油壓泰式按摩越式按摩台式按摩中式按摩休閒舒壓中式推拿刮痧精油按摩局部護理芳療SPA泰式SPA被動式瑜伽踩背",25.036385997681,121.501329979627
"2566","時雨經典會館(舊郁晴)","108台灣台北市萬華區康定路200號","全身按摩半身按摩肩頸按摩背部按摩指壓油壓泰式按摩泰式古法越式按摩台式按摩中式按摩休閒舒壓經絡按摩中式推拿拔罐刮痧精油按摩局部護理足湯芳療SPA泰式SPA被動式瑜伽踩背",25.038793992735,121.501705991804
"2567","新凱悅休閒館按摩","108台灣台北市萬華區昆明街107號","全身按摩腳底按摩肩頸按摩指壓油壓中式按摩芳香療法按摩中式推拿精油按摩芳香按摩足湯",25.04219997909,121.504793968752
"2568","晏蒂SPA時尚舒壓館","108台灣台北市萬華區西園路二段259號1樓、2樓","全身按摩半身按摩肩頸按摩背部按摩指壓油壓泰式按摩越式按摩台式按摩中式按摩休閒舒壓中式推拿刮痧精油按摩局部護理芳療SPA泰式SPA被動式瑜伽踩背",25.025805898488,121.492662588829
"2569","金采經絡推拿工作坊","320台灣桃園市中壢區後寮一路198號","全身按摩半身按摩腳底按摩肩頸按摩背部按摩指壓油壓泰式按摩越式按摩台式按摩中式按摩休閒舒壓經絡按摩中式推拿拔罐刮痧精油按摩熱石按摩局部護理芳療SPA泰式SPA被動式瑜伽",24.938749985275,121.246390035956
"2570","芭塔雅養生館","220台灣新北市板橋區裕民街119號","全身按摩腳底按摩指壓油壓泰式按摩泰式古法中式按摩經絡按摩中式推拿精油按摩泰式SPA被動式瑜伽",25.027478004353,121.459516017446
"2571","金枕頭泰式男女SPA國際美容館","110台灣台北市信義區松山路643號","全身按摩腳底按摩肩頸按摩指壓油壓泰式按摩泰式古法精油按摩泰式SPA被動式瑜伽",25.035915982461,121.578734005605
"2572","玉成美甲美容SPA","241台灣新北市三重區大智街121號","全身按摩指壓油壓中式按摩精油按摩局部護理臉部護膚美容SPA",25.070171018629,121.491283681938
"2573","恆美樂養生館(舊泰華城)","108台灣台北市萬華區華西街22號(攤位號100號, 靠近桂林路口)","全身按摩半身按摩肩頸按摩背部按摩指壓油壓泰式按摩泰式古法越式按摩中式按摩足反射按摩休閒舒壓經絡按摩中式推拿刮痧精油按摩局部護理芳療SPA泰式SPA被動式瑜伽",25.038259981684,121.498323977691
"2574","富民養生泡腳會館 – 四維店二館","802台灣高雄市苓雅區四維四路6號","全身按摩腳底按摩指壓油壓中式按摩經絡按摩中式推拿精油按摩修凍甲修腳皮足湯",22.614540980484,120.293517010423
"2575","富民養生泡腳會館-巨蛋店一館","813台灣高雄市左營區富民路466號","全身按摩腳底按摩指壓油壓中式按摩經絡按摩中式推拿精油按摩修凍甲修腳皮足湯",22.667519009052,120.305773029246
"2576","芳香閣足體養生會館","251台灣新北市淡水區中正路84號","全身按摩腳底按摩指壓油壓中式按摩芳香療法按摩經絡按摩中式推拿精油按摩足湯",25.133664982921,121.459026011386
"2577","黃金海岸泰式養生館","251台灣新北市淡水區中正路二段10號一樓","全身按摩腳底按摩指壓油壓泰式按摩泰式古法精油按摩足湯",25.180578788361,121.420870079389
"2578","泰臣泰式養生館","710台灣台南市永康區中華路136號","全身按摩半身按摩肩頸按摩背部按摩指壓油壓泰式按摩泰式古法越式按摩中式按摩休閒舒壓經絡按摩精油按摩足湯芳療SPA泰式SPA被動式瑜伽踩背",23.002834992019,120.235351966804
"2579","享足SPA個人工作室","950台灣台東縣台東市衡陽路151巷57號","全身按摩腳底按摩肩頸按摩指壓油壓泰式按摩台式按摩中式按摩穴道按摩休閒舒壓經絡按摩中式推拿拔罐刮痧精油按摩熱石按摩局部護理臉部護膚修腳皮足湯芳療SPA美容SPA泰式SPA烤箱SPA薰香耳燭被動式瑜伽全身去角質除毛",22.746361998257,121.133049019209
"2580","88 SPA","950台灣台東縣台東市中山路79號","全身按摩指壓油壓中式按摩拔罐刮痧精油按摩修腳皮",22.760682018828,121.156137977334
"2581","柔 BODY SPA","950台灣台東縣台東市更生路544號","全身按摩腳底按摩指壓油壓中式按摩經絡按摩中式推拿精油按摩局部護理臉部護膚修腳皮美容SPA",22.764299019596,121.140212026024
"2582","大師傅足體按摩","111台灣台北市士林區天母西路71號","全身按摩半身按摩腳底按摩肩頸按摩頸胸按摩背部按摩指壓油壓中式按摩經絡按摩中式推拿拔罐刮痧精油按摩局部護理孕婦按摩修凍甲修腳皮",25.118549980744,121.525417976792
"2583","清崧居足體養生館","251台灣新北市淡水區新市一路三段53號","全身按摩背部按摩指壓油壓中式按摩經絡按摩中式推拿拔罐刮痧精油按摩",25.183070015713,121.445702976289
"2584","瑪隡吉泰式養生館","500台灣彰化縣彰化市崙平南路540號","全身按摩腳底按摩肩頸按摩背部按摩指壓油壓泰式按摩泰式古法中式按摩休閒舒壓經絡按摩精油按摩局部護理足湯泰式SPA被動式瑜伽踩背",24.065258989141,120.529010016718
"2585","健生養生館","333台灣桃園市龜山區自強南路342號","全身按摩半身按摩腳底按摩肩頸按摩指壓油壓中式按摩經絡按摩中式推拿拔罐刮痧精油按摩修凍甲修腳皮足湯",24.990866018921,121.334565980981
"2586","口坤卡泰式養身館","330台灣桃園市桃園區三民路三段257號","全身按摩指壓油壓泰式按摩泰式古法精油按摩被動式瑜伽",24.994114006401,121.306092991171
"2587","新潮流SPA養生會館-南屯店","408台灣台中市南屯區五權西路二段721號","全身按摩半身按摩肩頸按摩背部按摩指壓油壓泰式按摩日式按摩越式按摩中式按摩休閒舒壓經絡按摩中式推拿拔罐刮痧精油按摩局部護理芳療SPA泰式SPA歐式SPA被動式瑜伽踩背",24.142310095086,120.637259111105
"2588","新潮流SPA養生會館-大里店","412台灣台中市大里區新光路98號","全身按摩半身按摩肩頸按摩背部按摩指壓油壓泰式按摩日式按摩歐式按摩越式按摩中式按摩休閒舒壓經絡按摩中式推拿拔罐刮痧精油按摩芳香按摩局部護理芳療SPA泰式SPA歐式SPA被動式瑜伽踩背",24.108729005842,120.691591026584
"2589","新潮流SPA養生會館-樂業店","401台灣台中市東區樂業路482號","全身按摩半身按摩肩頸按摩背部按摩指壓油壓泰式按摩日式按摩歐式按摩越式按摩中式按摩休閒舒壓經絡按摩中式推拿拔罐刮痧精油按摩局部護理芳療SPA泰式SPA被動式瑜伽踩背",24.135900411818,120.707503734486
"2590","新潮流SPA養生會館-向陽店","420台灣台中市豐原區向陽路311號","全身按摩半身按摩肩頸按摩背部按摩指壓油壓泰式按摩日式按摩越式按摩台式按摩中式按摩休閒舒壓經絡按摩中式推拿拔罐刮痧精油按摩局部護理芳療SPA泰式SPA被動式瑜伽踩背",24.25056991831,120.72983010706
"2591","新潮流SPA養生會館-圓環南店","420台灣台中市豐原區圓環南路138號","全身按摩半身按摩肩頸按摩背部按摩指壓油壓泰式按摩日式按摩越式按摩中式按摩休閒舒壓經絡按摩中式推拿拔罐刮痧精油按摩局部護理芳療SPA泰式SPA歐式SPA被動式瑜伽全身去角質踩背",24.247541913878,120.710288621816
"2592","維納斯(舊清邁)舒壓養生館","320台灣桃園市中壢區中北路二段109號","全身按摩指壓油壓中式按摩休閒舒壓精油按摩局部護理",24.95139978591,121.225688914408
"2593","全芙養生會館","238台灣新北市樹林區中山路一段18號","全身按摩腳底按摩指壓油壓中式按摩中式推拿精油按摩修凍甲修腳皮",24.992768291846,121.42407129585
"2594","清邁美容舒壓","247台灣新北市蘆洲區三民路194號","全身按摩半身按摩肩頸按摩背部按摩指壓油壓越式按摩中式按摩休閒舒壓經絡按摩中式推拿拔罐刮痧精油按摩局部護理臉部護膚美容SPA踩背",25.088867985219,121.469405992641
"2595","泰樂情舒活館","251台灣新北市淡水區沙崙路3號","全身按摩腳底按摩肩頸按摩背部按摩指壓油壓泰式按摩泰式古法休閒舒壓經絡按摩精油按摩足湯芳療SPA泰式SPA被動式瑜伽踩背",25.181205000347,121.420769999465
"2596","大千足體按摩(淡水重按組)","251台灣新北市淡水區公明街56巷8號","全身按摩半身按摩腳底按摩肩頸按摩背部按摩指壓油壓泰式按摩中式按摩經絡按摩中式推拿足湯",25.168214014344,121.443711016999
"2597","湘淋SPA生活館","812台灣高雄市小港區中安路599號","全身按摩肩頸按摩指壓油壓越式按摩中式按摩休閒舒壓經絡按摩中式推拿刮痧精油按摩局部護理",22.58498701853,120.355877028944
"2598","薇妙會館","330台灣桃園市桃園區建國路62號","全身按摩半身按摩肩頸按摩背部按摩指壓油壓泰式按摩越式按摩中式按摩休閒舒壓經絡按摩中式推拿拔罐刮痧精油按摩局部護理芳療SPA泰式SPA被動式瑜伽踩背",24.985927988303,121.316072988005
"2599","摩登風情美容SPA養生館","251台灣新北市淡水區沙崙路25巷16-1號","全身按摩腳底按摩指壓油壓泰式古法拔罐刮痧精油按摩熱石按摩臉部護膚美容SPA岩盤浴",25.1820089925,121.421093038014
"2600","泰清萊泰式養生SPA 館Thai Massage Oil massage – 桃鶯店","330台灣桃園市桃園區桃鶯路184號2樓","全身按摩腳底按摩背部按摩指壓油壓泰式按摩泰式古法精油按摩足湯被動式瑜伽",24.982661979731,121.31885661805
"2601","泰清萊泰式養生SPA館 Thai Massage Oil massage – 寶山店","330台灣桃園市桃園區寶山街387號","全身按摩腳底按摩背部按摩指壓油壓泰式按摩泰式古法精油按摩足湯被動式瑜伽",25.010642993735,121.311628986761
"2602","泰清萊泰式養生SPA館 Thai Massage Oil massage – 奉化店","338台灣桃園市蘆竹區奉化路210號","全身按摩腳底按摩背部按摩指壓油壓泰式按摩泰式古法精油按摩足湯被動式瑜伽",25.038121009729,121.29090297096
"2603","沐漾足體坊","220台灣新北市板橋區長江路二段159號","全身按摩腳底按摩指壓油壓中式按摩經絡按摩中式推拿精油按摩足湯",25.031967980336,121.466204021809
"2604","太乙養身館","804台灣高雄市鼓山區明華路228號","全身按摩腳底按摩肩頸按摩背部按摩指壓油壓中式按摩經絡按摩中式推拿拔罐刮痧精油按摩",22.663036995876,120.297879958664
"2605","木野養生會館 Muye Spa","406台灣台中市北屯區崇德十路一段338號","全身按摩腳底按摩指壓油壓泰式按摩峇里島式按摩日式按摩刮痧精油按摩修凍甲修腳皮足湯",24.188539015217,120.689038988524
"2606","暮玥健康美容SPA","404台灣台中市北區中清路一段482號","全身按摩半身按摩肩頸按摩背部按摩指壓油壓泰式按摩越式按摩台式按摩中式按摩休閒舒壓精油按摩局部護理芳療SPA泰式SPA被動式瑜伽踩背",24.164247002529,120.674370825605
"2607","新世紀養生館","249台灣新北市八里區中山路二段107 號","全身按摩半身按摩肩頸按摩背部按摩指壓油壓泰式按摩越式按摩台式按摩中式按摩能量按摩休閒舒壓經絡按摩中式推拿拔罐刮痧精油按摩局部護理芳療SPA泰式SPA被動式瑜伽",25.152378162051,121.405765735681
"2608","非凡足跡養生館","262台灣宜蘭縣礁溪鄉德陽路55號","全身按摩半身按摩腳底按摩肩頸按摩背部按摩指壓油壓中式按摩中式推拿刮痧精油按摩修腳皮",24.827798984399,121.772781099087
"2609","川泰足體泰式養生館","330台灣桃園市桃園區國強一街96號","全身按摩半身按摩腳底按摩指壓油壓泰式按摩中式按摩能量按摩經絡按摩拔罐刮痧精油按摩足湯",24.992915017061,121.287205964926
"2610","泰自然舒壓養生館","105台灣台北市松山區南京東路五段263號二樓","全身按摩半身按摩肩頸按摩背部按摩指壓油壓泰式按摩越式按摩台式按摩中式按摩休閒舒壓經絡按摩中式推拿精油按摩局部護理芳療SPA泰式SPA被動式瑜伽踩背",25.051596008731,121.565439971893
"2611","務本堂養身館","950台灣台東縣台東市浙江路295號","全身按摩腳底按摩背部按摩指壓油壓中式按摩經絡按摩中式推拿拔罐刮痧精油按摩臉部護膚足湯美容SPA",22.761863992904,121.149098016857
"2612","雅蔓妮美容養生館","700台灣台南市中西區成功路231號","全身按摩肩頸按摩背部按摩指壓油壓泰式按摩歐式按摩中式按摩休閒舒壓經絡按摩中式推拿刮痧臉部護膚芳療SPA美容SPA泰式SPA",22.998648692387,120.203793011701
"2613","旻鳳泰式按摩美容坊(舊寶妹)","900台灣屏東縣屏東市中正路465號","全身按摩半身按摩肩頸按摩背部按摩指壓油壓泰式按摩泰式古法休閒舒壓經絡按摩中式推拿精油按摩局部護理修凍甲修腳皮芳療SPA泰式SPA被動式瑜伽踩背",22.690156014958,120.499703027541
"2614","金悅健康養生會館","221台灣新北市汐止區大同路二段649號","全身按摩腳底按摩指壓油壓中式按摩精油按摩",25.071557008229,121.664641975269
"2615","泰可愛養生館","717台灣台南市仁德區中山路687巷13號","全身按摩半身按摩肩頸按摩背部按摩指壓油壓泰式按摩泰式古法越式按摩中式按摩休閒舒壓經絡按摩刮痧精油按摩局部護理泰式SPA被動式瑜伽踩背",22.971849694369,120.248409882304
"2616","歡喜養生館","920台灣屏東縣潮州鎮介壽路168號","全身按摩半身按摩腳底按摩肩頸按摩背部按摩指壓油壓中式按摩中式推拿刮痧精油按摩局部護理",22.541247984646,120.535039035853
"2617","翊鈴男女SPA養生館","900台灣屏東縣屏東市和平路458號","全身按摩肩頸按摩背部按摩指壓油壓中式按摩休閒舒壓經絡按摩中式推拿精油按摩",22.677745014745,120.477998005449
"2618","咖哩男女養生館","900台灣屏東縣屏東市仁愛路11-1號","全身按摩半身按摩肩頸按摩背部按摩指壓油壓泰式按摩越式按摩台式按摩中式按摩休閒舒壓經絡按摩中式推拿刮痧精油按摩局部護理芳療SPA泰式SPA被動式瑜伽踩背",22.668693984239,120.491363033881
"2619","足健 – 滋和堂健康養生中心","10491台灣台北市中山區新生北路一段59號","全身按摩腳底按摩肩頸按摩指壓油壓中式按摩經絡按摩中式推拿拔罐刮痧精油按摩",25.048939993162,121.529510021922
"2620","足健能量足體養生館","970台灣花蓮縣花蓮市成功街53號","全身按摩腳底按摩肩頸按摩指壓油壓中式按摩深層組織按摩中式推拿拔罐刮痧精油按摩臉部護膚足湯",23.97084200474,121.60258303471
"2621","米緹男女休閒養生館","900台灣屏東縣屏東市自由路791號","全身按摩腳底按摩肩頸按摩背部按摩指壓油壓中式按摩經絡按摩中式推拿刮痧精油按摩局部護理",22.681444996354,120.478478037044
"2622","珮淳推拿養生館","900台灣屏東縣屏東市廣東路1352號","全身按摩背部按摩指壓油壓中式按摩經絡按摩中式推拿拔罐刮痧精油按摩局部護理",22.687328002736,120.479304995611
"2623","甜美養生館(舊欣伶)","807台灣高雄市三民區九如二路214號","全身按摩半身按摩腳底按摩肩頸按摩背部按摩指壓油壓泰式按摩越式按摩中式按摩休閒舒壓經絡按摩中式推拿刮痧精油按摩局部護理芳療SPA泰式SPA被動式瑜伽",22.641123012938,120.306767039144
"2624","欣樂經絡按摩店","632台灣雲林縣虎尾鎮復興路159號","全身按摩半身按摩肩頸按摩背部按摩指壓中式按摩穴道按摩經絡按摩中式推拿",23.707424981383,120.428165998509
"2625","欣樂美容舒壓SPA館","900台灣屏東縣屏東市自由路西段106號","全身按摩指壓油壓中式按摩休閒舒壓中式推拿精油按摩美容SPA",22.666741000799,120.482691033037
"2626","櫻花男女養生館","704台灣台南市北區西門路四段292號","全身按摩半身按摩肩頸按摩背部按摩指壓油壓泰式按摩越式按摩台式按摩中式按摩休閒舒壓經絡按摩中式推拿刮痧精油按摩局部護理芳療SPA泰式SPA被動式瑜伽踩背",23.012664994696,120.209320960664
"2627","薇晶SPA養生館","900台灣屏東縣屏東市中山路183號","全身按摩半身按摩肩頸按摩背部按摩指壓油壓泰式按摩越式按摩台式按摩中式按摩休閒舒壓經絡按摩中式推拿刮痧精油按摩局部護理芳療SPA泰式SPA被動式瑜伽踩背",22.683880986964,120.484276972937
"2628","紫漾男女SPA館","900台灣屏東縣屏東市中正路702-9號","全身按摩半身按摩肩頸按摩背部按摩指壓油壓泰式按摩越式按摩台式按摩中式按摩休閒舒壓經絡按摩中式推拿刮痧精油按摩局部護理芳療SPA泰式SPA被動式瑜伽踩背",22.689767010831,120.499572018394
"2629","采品養生會館","900台灣屏東縣屏東市復興路140號","全身按摩半身按摩肩頸按摩背部按摩指壓油壓泰式按摩中式按摩休閒舒壓經絡按摩中式推拿刮痧精油按摩局部護理被動式瑜伽踩背",22.665866013926,120.488447975595
"2630","儷晶理容養生會館 旗艦店(台灣大道店)","407台灣台中市西屯區台灣大道三段525號","全身按摩半身按摩肩頸按摩背部按摩指壓油壓中式按摩休閒舒壓經絡按摩中式推拿精油按摩局部護理芳療SPA踩背",24.168988980432,120.6384940169
"2631","儷晶養生會館","408台灣台中市南屯區黎明路一段101號5樓","全身按摩半身按摩肩頸按摩背部按摩指壓油壓泰式按摩越式按摩台式按摩中式按摩休閒舒壓經絡按摩中式推拿刮痧精油按摩局部護理芳療SPA泰式SPA被動式瑜伽踩背",24.114549189859,120.625789063343
"2632","詩曼妮精油SPA館 Smani SPA","408台灣台中市南屯區向心路22號","全身按摩肩頸按摩背部按摩指壓油壓泰式按摩歐式按摩瑞典式按摩台式按摩中式按摩深層組織按摩放鬆按摩休閒舒壓經絡按摩中式推拿刮痧精油按摩熱石按摩臉部護膚芳療SPA美容SPA歐式SPA雙人四手岩盤浴",24.139004984935,120.644541979136
"2633","鑫鑫SPA館","730台灣台南市新營區裕民路36號","全身按摩腳底按摩肩頸按摩背部按摩指壓油壓泰式按摩中式按摩休閒舒壓經絡按摩中式推拿刮痧精油按摩局部護理臉部護膚芳療SPA美容SPA泰式SPA",23.301741999249,120.3071759922
"2634","金錢泰式按摩養生館(舊鳳頂泰式)","830台灣高雄市鳳山區鳳頂路243號","全身按摩半身按摩肩頸按摩背部按摩指壓油壓泰式按摩泰式古法越式按摩中式按摩休閒舒壓經絡按摩中式推拿刮痧精油按摩局部護理芳療SPA泰式SPA被動式瑜伽踩背",22.59199898345,120.3586510198
"2635","樂活刮痧工作室 – 復興店","807台灣高雄市三民區復興一路162號","全身按摩指壓油壓中式按摩經絡按摩刮痧",22.636976988351,120.308854971225
"2636","樂活刮痧工作室 – 林森店","800台灣高雄市新興區林森一路242-3號","全身按摩指壓油壓中式按摩經絡按摩刮痧",22.635018011851,120.305373966836
"2637","花城養生館","242台灣新北市新莊區中正路新生巷1號","全身按摩肩頸按摩背部按摩指壓油壓中式按摩拔罐刮痧精油按摩",25.02434099327,121.416943995942
"2638","艾麗絲舒壓男女SPA","235台灣新北市中和區連城路352號","全身按摩半身按摩肩頸按摩背部按摩指壓油壓泰式按摩歐式按摩越式按摩台式按摩中式按摩芳香療法按摩休閒舒壓經絡按摩中式推拿刮痧精油按摩芳香按摩芳療SPA泰式SPA歐式SPA被動式瑜伽",24.995660006532,121.482198034172
"2639","森活Mori足體養生館","330台灣桃園市桃園區三民路三段502號","全身按摩半身按摩腳底按摩肩頸按摩指壓油壓中式按摩拔罐刮痧精油按摩足湯",24.983423014629,121.307338039068
"2640","康美新養身館","220台灣新北市板橋區南雅西路二段147號","全身按摩半身按摩肩頸按摩背部按摩指壓油壓泰式按摩越式按摩台式按摩中式按摩休閒舒壓經絡按摩中式推拿刮痧精油按摩局部護理芳療SPA泰式SPA被動式瑜伽踩背",25.011826015549,121.452136003157
"2641","我愛泰泰 – 平鎮店","324台灣桃園市平鎮區中豐路南勢二段43號","全身按摩腳底按摩肩頸按摩指壓油壓泰式按摩泰式古法經絡按摩拔罐刮痧精油按摩足湯泰式SPA被動式瑜伽岩盤浴",24.918741879481,121.211363068415
"2642","我愛泰泰 – 龍潭店","325台灣桃園市龍潭區中正路464號","全身按摩腳底按摩肩頸按摩指壓油壓泰式按摩泰式古法經絡按摩拔罐刮痧精油按摩足湯泰式SPA被動式瑜伽岩盤浴",24.857996005964,121.218802007483
"2643","溫師傅經絡調理","334台灣桃園市八德區仁愛街8巷9號(陸光圓環邊)","全身按摩半身按摩腳底按摩經絡按摩中式推拿拔罐刮痧",24.960966596827,121.297663730242
"2644","宥忻按摩工作室","338台灣桃園市蘆竹區錦順街7號","全身按摩肩頸按摩背部按摩指壓油壓泰式按摩台式按摩中式按摩休閒舒壓經絡按摩中式推拿拔罐刮痧精油按摩局部護理芳療SPA泰式SPA太空艙全身去角質",25.051647012612,121.286819978285
"2645","金峇里SPA養身會館-北屯店","404台灣台中市北區北屯路59號1,2樓","全身按摩半身按摩肩頸按摩頸胸按摩背部按摩指壓油壓泰式按摩泰式古法精油按摩修腳皮足湯泰式SPA被動式瑜伽",24.160898013115,120.691824797863
"2646","百瑞福養生館","427台灣台中市潭子區榮興街25號","全身按摩腳底按摩背部按摩指壓油壓中式按摩中式推拿拔罐刮痧精油按摩美容SPA",24.188035011379,120.701661967068
"2647","泰瑪村宮廷手技養生館 – 公益店","408台灣台中市南屯區公益路二段61號B1","全身按摩腳底按摩背部按摩指壓油壓泰式按摩泰式古法中式按摩休閒舒壓經絡按摩中式推拿拔罐刮痧精油按摩局部護理足湯泰式SPA被動式瑜伽",24.15096678969,120.651273048562
"2648","泰瑪村泰式美容養生館 – 彰化店","504台灣彰化縣秀水鄉彰鹿路17號","全身按摩腳底按摩背部按摩指壓油壓泰式按摩泰式古法中式按摩中式推拿拔罐刮痧精油按摩足湯泰式SPA被動式瑜伽",24.053788187007,120.509786373242
"2649","泰嬡霖養生會館(舊嬡霖)","406台灣台中市北屯區中清路二段1022號","全身按摩半身按摩肩頸按摩背部按摩指壓油壓泰式按摩越式按摩台式按摩中式按摩休閒舒壓經絡按摩中式推拿拔罐刮痧精油按摩局部護理芳療SPA泰式SPA薰香耳燭被動式瑜伽",24.190015990376,120.661809034954
"2650","情麗推拿養生館","414台灣台中市烏日區中山路三段484號","全身按摩半身按摩肩頸按摩背部按摩指壓油壓泰式按摩中式按摩休閒舒壓中式推拿刮痧精油按摩局部護理芳療SPA泰式SPA全身去角質",24.110787685081,120.601049708482
"2651","皇足養生會館 – 經國店","330台灣桃園市桃園區經國路483號","全身按摩半身按摩腳底按摩指壓油壓中式按摩經絡按摩中式推拿刮痧精油按摩修凍甲修腳皮",25.019899003683,121.303823004153
"2652","皇足養生會舘 Royal Family","235台灣新北市中和區錦和路199號","全身按摩腳底按摩指壓油壓中式按摩經絡按摩中式推拿拔罐刮痧精油按摩",24.990577010899,121.490836004489
"2653","尊皇泰式按摩養生會館","242台灣新北市新莊區中安街13號","全身按摩腳底按摩肩頸按摩背部按摩指壓油壓泰式按摩泰式古法精油按摩泰式SPA被動式瑜伽",25.045769999291,121.453069998628
"2654","夏依養身會館(進化店)","404台灣台中市北區進化北路228號","全身按摩肩頸按摩背部按摩指壓油壓中式按摩精油按摩",24.163232792245,120.68442173334
"2655","金鑽泰式養生館 Thai Body Massage","510台灣彰化縣員林市中山路二段434號","全身按摩半身按摩肩頸按摩背部按摩指壓油壓泰式按摩泰式古法越式按摩中式按摩休閒舒壓經絡按摩中式推拿刮痧精油按摩局部護理泰式SPA被動式瑜伽踩背",23.970084993155,120.571556976331
"2656","百越香越式舒壓生活館","320台灣桃園市中壢區新生路317號","全身按摩半身按摩背部按摩指壓油壓越式按摩中式按摩放鬆按摩精油按摩",24.964553883748,121.223096810851
"2657","越可愛SPA生活館","320台灣桃園市中壢區環北路88號","全身按摩半身按摩肩頸按摩背部按摩指壓油壓泰式按摩越式按摩台式按摩中式按摩放鬆按摩休閒舒壓經絡按摩中式推拿刮痧精油按摩局部護理芳療SPA泰式SPA被動式瑜伽踩背",24.965986015725,121.218956988872
"2658","浪琴美容SPA名店","900台灣屏東縣屏東市和平路560號","全身按摩半身按摩肩頸按摩背部按摩指壓油壓泰式按摩越式按摩台式按摩中式按摩休閒舒壓經絡按摩中式推拿拔罐刮痧精油按摩局部護理芳療SPA泰式SPA被動式瑜伽踩背",22.680717991982,120.477812011017
"2659","莎哇哩卡泰式SPA養生館 – 新竹店","300台灣新竹市北區經國路二段216號","全身按摩半身按摩腳底按摩肩頸按摩背部按摩指壓油壓泰式按摩泰式古法東方指壓峇里島式按摩休閒舒壓經絡按摩中式推拿精油按摩局部護理足湯泰式SPA被動式瑜伽踩背",24.810136009385,120.961366016865
"2660","莎哇哩卡泰式SPA養生館 – 三民店","330台灣桃園市桃園區三民路一段177號","全身按摩半身按摩腳底按摩肩頸按摩背部按摩指壓油壓泰式按摩泰式古法東方指壓峇里島式按摩精油按摩泰式SPA被動式瑜伽",25.000932097901,121.318085902053
"2661","莎哇哩卡泰式SPA養生館 – 永安店","330台灣桃園市桃園區永安路149號","全身按摩半身按摩腳底按摩肩頸按摩背部按摩指壓油壓泰式按摩泰式古法東方指壓峇里島式按摩精油按摩泰式SPA被動式瑜伽",24.997230481821,121.305711363119
"2662","撒哇低泰式按摩養生館 Sa Wad Dee Thai Massage","510台灣彰化縣員林市中山路二段374號","全身按摩腳底按摩肩頸按摩背部按摩指壓油壓泰式按摩泰式古法休閒舒壓經絡按摩精油按摩局部護理足湯泰式SPA被動式瑜伽踩背",23.968666984685,120.571505008532
"2663","芭塔雅SPA會館","515台灣彰化縣大村鄉中山路一段70號","全身按摩半身按摩腳底按摩肩頸按摩背部按摩指壓油壓泰式按摩泰式古法越式按摩中式按摩休閒舒壓經絡按摩中式推拿精油按摩局部護理足湯芳療SPA泰式SPA被動式瑜伽全身去角質踩背",23.976465004485,120.571922008214
"2664","啟明經穴保健養身館","500台灣彰化縣彰化市中華西路340號","全身按摩半身按摩腳底按摩肩頸按摩指壓油壓中式按摩放鬆按摩穴道按摩足反射按摩經絡按摩中式推拿精油按摩足湯芳療SPA",24.070372997816,120.52790603625
"2665","曼谷泰式養生會館 Bangkok Thai Spa","500台灣彰化縣彰化市中華西路 332號(近精誠夜市)","全身按摩半身按摩腳底按摩肩頸按摩背部按摩指壓油壓泰式按摩泰式古法經絡按摩精油按摩局部護理足湯泰式SPA被動式瑜伽",24.070446004193,120.528039979063
"2666","華陀經脈動館","320台灣桃園市中壢區中正路291號","全身按摩半身按摩腳底按摩指壓油壓中式按摩經絡按摩中式推拿拔罐刮痧精油按摩修凍甲修腳皮",24.954939002616,121.218594974474
"2667","快樂腳足體養生會館","221台灣新北市汐止區大同路一段394號","全身按摩腳底按摩背部按摩指壓油壓中式按摩中式推拿刮痧精油按摩修腳皮足湯",25.059648000197,121.639767001215
"2668","快樂脚養生館","803台灣高雄市鹽埕區七賢三路148號(阿婆冰隔壁)","全身按摩半身按摩腳底按摩肩頸按摩背部按摩指壓油壓中式按摩精油按摩",22.626762004861,120.282722041143
"2669","南金7號時尚會館","10491台灣台北市中山區南京東路二段7號","全身按摩腳底按摩肩頸按摩背部按摩指壓油壓中式按摩精油按摩臉部護膚美容SPA",25.052269997565,121.528251982074
"2670","雅士萊養生會館","404台灣台中市北區中清路一段307號","全身按摩半身按摩肩頸按摩背部按摩指壓油壓泰式按摩越式按摩台式按摩中式按摩休閒舒壓經絡按摩中式推拿拔罐刮痧精油按摩局部護理修凍甲修腳皮芳療SPA泰式SPA被動式瑜伽",24.160694584325,120.675087394507
"2671","6星集按摩會館 – 台北安和會館","106台灣台北市大安區安和路二段225號","全身按摩腳底按摩肩頸按摩指壓油壓中式按摩中式推拿拔罐刮痧精油按摩芳香按摩修凍甲修腳皮足湯",25.02546898789,121.550305020786
"2672","6星集按摩會館 – 台北八德會館","10491台灣台北市中山區八德路二段298號","全身按摩腳底按摩肩頸按摩指壓油壓中式按摩中式推拿拔罐刮痧精油按摩芳香按摩修凍甲修腳皮足湯",25.046960983913,121.542067034888
"2673","6星集按摩會館 – 台北天母會館","111台灣台北市士林區天母東路25號","全身按摩腳底按摩肩頸按摩指壓油壓中式按摩中式推拿拔罐刮痧精油按摩芳香按摩修凍甲修腳皮足湯",25.11816600576,121.531803981183
"2674","6星集按摩會館 – 台北南京會館","105台灣台北市松山區南京東路五段76號","全身按摩腳底按摩肩頸按摩指壓油壓中式按摩中式推拿拔罐刮痧精油按摩芳香按摩修凍甲修腳皮足湯",25.051244010707,121.561160004493
"2675","283養生會館","801台灣高雄市前金區自立橫路73號","全身按摩腳底按摩指壓油壓中式按摩經絡按摩中式推拿拔罐刮痧精油按摩美容SPA掏耳朵",22.629171005743,120.298772966628
"2676","AP SPA 精品會館","802台灣高雄市苓雅區中華四路34號","全身按摩肩頸按摩背部按摩指壓油壓中式按摩休閒舒壓經絡按摩精油按摩臉部護膚芳療SPA薰香耳燭掏耳朵全身去角質",22.612418012047,120.302744982905
"2677","雪漾養生館-德中店","811台灣高雄市楠梓區德中路249號","全身按摩半身按摩肩頸按摩背部按摩指壓油壓泰式按摩越式按摩中式按摩休閒舒壓經絡按摩中式推拿刮痧精油按摩局部護理芳療SPA泰式SPA被動式瑜伽踩背",22.72459599782,120.275863967964
"2678","喜瑞足體養生館 – 長榮店","247台灣新北市蘆洲區長榮路663號","全身按摩腳底按摩肩頸按摩背部按摩指壓油壓中式按摩經絡按摩中式推拿拔罐刮痧精油按摩局部護理臉部護膚修腳皮足湯芳療SPA美容SPA",25.091584015215,121.459994959393
"2679","舒可泰泰式SPA會館 – 中和店","235台灣新北市中和區中和路 585號","全身按摩半身按摩腳底按摩肩頸按摩背部按摩指壓油壓泰式按摩泰式古法休閒舒壓經絡按摩中式推拿精油按摩局部護理足湯芳療SPA泰式SPA被動式瑜伽全身去角質踩背",25.004033988809,121.512022019137
"2680","舒可泰泰式SPA會館 – 龍安店","242台灣新北市新莊區龍安路331號","全身按摩半身按摩腳底按摩肩頸按摩背部按摩指壓油壓泰式按摩泰式古法休閒舒壓經絡按摩中式推拿精油按摩局部護理足湯芳療SPA泰式SPA被動式瑜伽踩背",25.019347013449,121.422270024858
"2681","舒可泰泰式SPA – 泰山店","243台灣新北市泰山區明志路一段192號","全身按摩半身按摩腳底按摩肩頸按摩背部按摩指壓油壓泰式按摩泰式古法休閒舒壓經絡按摩中式推拿精油按摩局部護理足湯芳療SPA泰式SPA被動式瑜伽全身去角質踩背",25.062145011063,121.432900038284
"2682","舒可泰泰式SPA – 蘆洲店","247台灣新北市蘆洲區長榮路 341 號","全身按摩半身按摩腳底按摩肩頸按摩背部按摩指壓油壓泰式按摩泰式古法休閒舒壓經絡按摩中式推拿精油按摩局部護理足湯芳療SPA泰式SPA被動式瑜伽踩背",25.087645139682,121.459404407974
"2683","金普吉島泰式舒壓館","247台灣新北市蘆洲區和平路132號","全身按摩腳底按摩頸胸按摩指壓油壓泰式按摩泰式古法精油按摩泰式SPA",25.080537002106,121.467174981473
"2684","娜灣泰式SPA養生會館 Nir Wana and SPA","235台灣新北市中和區宜安路28號","全身按摩腳底按摩肩頸按摩背部按摩指壓油壓泰式按摩泰式古法休閒舒壓經絡按摩精油按摩足湯芳療SPA泰式SPA被動式瑜伽踩背",24.996065020094,121.512919972424
"2685","太原養生會館 Tai,yuan – 天水店","103台灣台北市大同區天水路14號","全身按摩半身按摩腳底按摩肩頸按摩背部按摩指壓油壓中式按摩經絡按摩中式推拿刮痧精油按摩足湯",25.052861005558,121.513291039277
"2686","太原養生會館 Tai,yuan – 永和旗艦店","234台灣新北市永和區永和路一段57號2樓","全身按摩半身按摩腳底按摩肩頸按摩背部按摩指壓油壓中式按摩經絡按摩中式推拿刮痧精油按摩足湯",25.006770009644,121.512911003788
"2687","太原養生會館 – 台中館","403台灣台中市西區東興路三段160號","全身按摩半身按摩腳底按摩肩頸按摩背部按摩指壓油壓中式按摩經絡按摩中式推拿刮痧精油按摩足湯",24.150485090981,120.653197216174
"2688","大統領養生會館","400台灣台中市中區民權路196號","全身按摩半身按摩腳底按摩背部按摩指壓油壓中式按摩放鬆按摩經絡按摩中式推拿拔罐刮痧精油按摩修凍甲修腳皮",24.142802992902,120.674507031531
"2689","盈盈養生館","540台灣南投縣南投市南崗二路454號","全身按摩半身按摩肩頸按摩背部按摩指壓油壓泰式按摩越式按摩中式按摩休閒舒壓經絡按摩中式推拿刮痧精油按摩局部護理臉部護膚被動式瑜伽踩背",23.916732000148,120.677026966902
"2690","康美男女養生館","330台灣桃園市桃園區博愛路128號","全身按摩半身按摩指壓油壓中式按摩中式推拿精油按摩",24.994490018578,121.309081977843
"2691","嬌嬿坊舒壓會館","330台灣桃園市桃園區博愛路126號","全身按摩半身按摩腳底按摩背部按摩指壓油壓中式按摩經絡按摩中式推拿精油按摩",24.994514996649,121.309126988663
"2692","紫羅蘭男女美容SPA養生館","330台灣桃園市桃園區博愛路109號","全身按摩半身按摩指壓油壓中式按摩精油按摩美容SPA",24.994406492912,121.309182728319
"2693","美麗健康養生館","330台灣桃園市桃園區民權路103號","全身按摩半身按摩指壓油壓中式按摩精油按摩",24.994402008594,121.309510041638
"2694","金孋男女養生館","330台灣桃園市桃園區民權路86號","全身按摩指壓油壓中式按摩中式推拿精油按摩",24.99435301637,121.3097124646
"2695","仟愛男女養身館","330台灣桃園市桃園區民權路８４號","全身按摩指壓油壓中式按摩中式推拿精油按摩",24.99430280877,121.30975311683
"2696","緣圓園男女養生館","330台灣桃園市桃園區民權路84號1樓","全身按摩指壓油壓中式按摩中式推拿精油按摩",24.99430280877,121.30975311683
"2697","佳薰養生館","330台灣桃園市桃園區民權路95號","全身按摩半身按摩背部按摩指壓油壓中式按摩中式推拿精油按摩",24.994270999448,121.309602996944
"2698","友嘉養生坊","330台灣桃園市桃園區民權路82號","全身按摩半身按摩背部按摩指壓油壓中式按摩精油按摩",24.994247111024,121.309802570059
"2699","芳芳養生館","330台灣桃園市桃園區民權路89之1號","全身按摩背部按摩指壓油壓中式按摩中式推拿精油按摩",24.994109019169,121.309759989991
"2700","太陽男女健康養生館","330台灣桃園市桃園區民權路87號1樓","全身按摩半身按摩肩頸按摩指壓油壓東方指壓越式按摩中式按摩放鬆按摩休閒舒壓經絡按摩中式推拿精油按摩局部護理踩背",24.994008017235,121.309849005802
"2701","莉萊推拿館","540台灣南投縣南投市南崗一路337號","全身按摩肩頸按摩背部按摩指壓油壓中式按摩經絡按摩中式推拿拔罐刮痧精油按摩局部護理",23.904971016527,120.680364976023
"2702","麗緻男女SPA養生會館 – 七賢店","800台灣高雄市新興區七賢一路270號二樓","全身按摩肩頸按摩背部按摩指壓油壓泰式按摩泰式古法台式按摩中式按摩休閒舒壓經絡按摩中式推拿精油按摩局部護理芳療SPA泰式SPA被動式瑜伽踩背",22.634263011922,120.309370039175
"2703","麗緻男女SPA養生會館 – 六合店","800台灣高雄市新興區六合一路140號","全身按摩肩頸按摩背部按摩指壓油壓泰式按摩泰式古法越式按摩台式按摩中式按摩休閒舒壓經絡按摩中式推拿精油按摩局部護理芳療SPA泰式SPA被動式瑜伽踩背",22.632986992892,120.303815016664
"2704","神仙半島男女SPA會館 – 復興店","802台灣高雄市苓雅區復興二路54號","全身按摩半身按摩肩頸按摩背部按摩指壓油壓泰式按摩越式按摩台式按摩中式按摩休閒舒壓經絡按摩中式推拿拔罐刮痧精油按摩局部護理芳療SPA美容SPA泰式SPA被動式瑜伽踩背",22.617704017375,120.311388988193
"2705","小楊自然療法工作室","10491台灣台北市中山區新生北路二段62巷5之1號2F","全身按摩半身按摩肩頸按摩背部按摩指壓日式按摩中式按摩經絡按摩中式推拿",25.056169007465,121.527035013552
"2706","君樂美容時尚養生會館(舊草莓園)","203台灣基隆市中山區成功二路61號","全身按摩半身按摩肩頸按摩背部按摩指壓油壓泰式按摩越式按摩台式按摩中式按摩休閒舒壓經絡按摩中式推拿拔罐刮痧精油按摩局部護理臉部護膚芳療SPA泰式SPA被動式瑜伽踩背",25.129893000764,121.736068027902
"2707","New Star小嘉美容坊","807台灣高雄市三民區三民區陽明路385號2樓","全身按摩半身按摩指壓油壓精油按摩美容SPA",22.644873998428,120.342380991365
"2708","鑫泰樂養身會館","108台灣台北市萬華區艋舺大道279號","全身按摩指壓油壓泰式按摩精油按摩",25.033277987984,121.497399034676
"2709","康優美會館(舊璞玉)","330台灣桃園市桃園區永安路605號","全身按摩肩頸按摩背部按摩指壓油壓泰式按摩越式按摩台式按摩中式按摩休閒舒壓經絡按摩中式推拿刮痧精油按摩芳療SPA泰式SPA",25.005662005863,121.29467298337
"2710","泰楓情泰式養生會館","114台灣台北市內湖區內湖路二段179巷228號","全身按摩腳底按摩指壓油壓泰式按摩泰式古法精油按摩泰式SPA",25.084215987047,121.584721031405
"2711","康麗芳香館","807台灣高雄市三民區鼎山街471號","全身按摩半身按摩肩頸按摩背部按摩指壓油壓泰式按摩越式按摩中式按摩休閒舒壓經絡按摩中式推拿拔罐刮痧精油按摩熱石按摩局部護理芳療SPA泰式SPA被動式瑜伽踩背",22.654340980879,120.319669973254
"2712","Hotsister美容美體時尚美學","241台灣新北市三重區六張街6巷2號1樓(鄰近捷運三重國小站)","全身按摩指壓油壓拔罐刮痧精油按摩熱石按摩美容SPA",25.070482993066,121.495979978468
"2713","舒活養生館","403台灣台中市西區忠誠街42號","全身按摩腳底按摩指壓油壓經絡按摩精油按摩美容SPA",24.152689992521,120.662040040205
"2714","正心氣功調養","500台灣彰化縣彰化市公園路二段176號","全身按摩半身按摩肩頸按摩中式按摩能量按摩穴道按摩足反射按摩經絡按摩中式推拿局部護理東方易筋",24.072316006791,120.560841970407
"2715","泰森活泰式SPA舒壓館","241台灣新北市三重區集成路24號","全身按摩半身按摩腳底按摩肩頸按摩背部按摩指壓油壓泰式按摩泰式古法泰式SPA被動式瑜伽",25.052333993396,121.48861203412
"2716","台媚時尚會館","241台灣新北市三重區重新路四段95號","全身按摩肩頸按摩背部按摩指壓油壓中式按摩經絡按摩中式推拿刮痧精油按摩",25.055176212944,121.485802420176
"2717","御仙堂 – 台北臨江健康會館","106台灣台北市大安區基隆路2段128號2F-2","全身按摩腳底按摩肩頸按摩背部按摩指壓油壓中式按摩經絡按摩中式推拿刮痧精油按摩足湯",25.028831011163,121.556838965768
"2718","御仙堂 – 新北新莊健康會館","242台灣新北市新莊區新泰路118號","全身按摩腳底按摩肩頸按摩背部按摩指壓油壓中式按摩經絡按摩中式推拿刮痧精油按摩足湯",25.036569980456,121.448354004625
"2719","御仙堂 – 新北中和健康會館","235台灣新北市中和區和平街25-2號","全身按摩腳底按摩肩頸按摩背部按摩指壓油壓中式按摩經絡按摩中式推拿刮痧精油按摩足湯",24.990757179908,121.508345297309
"2720","御仙堂 – 新竹關新健康會館","300台灣新竹市東區關新西街2號","全身按摩腳底按摩肩頸按摩背部按摩指壓油壓中式按摩經絡按摩中式推拿刮痧精油按摩足湯",24.786899320216,121.01860519546
"2721","御仙堂 – 台中三民健康會館","404台灣台中市北區三民路三段227號","全身按摩腳底按摩肩頸按摩背部按摩指壓油壓中式按摩經絡按摩中式推拿刮痧精油按摩足湯",24.155322999766,120.686303973518
"2722","御仙堂 – 台中大墩健康會館","408台灣台中市南屯區大墩路502號","全身按摩腳底按摩肩頸按摩背部按摩指壓油壓中式按摩經絡按摩中式推拿刮痧精油按摩足湯",24.148502393695,120.650062216748
"2723","御仙堂 – 台中松竹健康會館","406台灣台中市北屯區松竹路二段158號","全身按摩腳底按摩肩頸按摩背部按摩指壓油壓中式按摩經絡按摩中式推拿刮痧精油按摩足湯",24.183312898587,120.697296671894
"2724","御仙堂-嘉義垂楊健康會館","600台灣嘉義市東區垂楊路824號","全身按摩腳底按摩肩頸按摩背部按摩指壓油壓中式按摩經絡按摩中式推拿刮痧精油按摩足湯",23.473019988031,120.43861898614
"2725","御仙堂 – 嘉義興業健康會館","600台灣嘉義市西區興業西路79號","全身按摩腳底按摩肩頸按摩背部按摩指壓油壓中式按摩穴道按摩休閒舒壓經絡按摩中式推拿刮痧精油按摩局部護理足湯芳療SPA被動式瑜伽",23.468287020674,120.444611041082
"2726","肋典養生工作室","404台灣台中市北區五義街208巷8號","全身按摩半身按摩腳底按摩肩頸按摩背部按摩指壓油壓中式按摩刮痧足湯",24.153497505073,120.678867968115
"2727","健康家活力按摩館 – 黎明店","408台灣台中市南屯區干城街257號","全身按摩半身按摩腳底按摩肩頸按摩頸胸按摩背部按摩指壓中式按摩中式推拿刮痧",24.152208410274,120.631628986742
"2728","健康家活力按摩館 – 大墩店","408台灣台中市南屯區大墩路260號","全身按摩半身按摩腳底按摩肩頸按摩頸胸按摩背部按摩指壓中式按摩中式推拿刮痧",24.143031986497,120.650121979718
"2729","健康家活力按摩館 – 逢甲店","407台灣台中市西屯區福星路583號","全身按摩半身按摩腳底按摩肩頸按摩頸胸按摩背部按摩指壓中式按摩中式推拿刮痧",24.175593710586,120.646175528246
"2730","健康家活力按摩館 – 向上店","403台灣台中市西區向上路一段248號(近向上市場、向上路與華美街口附近)","全身按摩半身按摩腳底按摩肩頸按摩頸胸按摩背部按摩指壓中式按摩中式推拿刮痧",24.146859289215,120.658546965876
"2731","玲瓏男女SPA館","234台灣新北市永和區福和路185號2F","全身按摩指壓油壓中式按摩穴道按摩經絡按摩中式推拿拔罐刮痧精油按摩",25.007455020681,121.519839987867
"2732","潮州驛站視障按摩小棧","920台灣屏東縣潮州鎮信義路111號(服務台隔壁)","全身按摩半身按摩腳底按摩肩頸按摩背部按摩指壓中式按摩中式推拿",22.550046007405,120.536451889452
"2733","屏東驛站視障按摩小棧","900台灣屏東縣屏東市公勇路62號(義美門市旁)","全身按摩半身按摩腳底按摩肩頸按摩背部按摩指壓中式按摩中式推拿",22.668710999502,120.486353002715
"2734","凱得利精品會館","10491台灣台北市中山區南京東路二段140號","全身按摩腳底按摩肩頸按摩背部按摩指壓油壓中式按摩經絡按摩中式推拿拔罐刮痧精油按摩",25.051756019262,121.533882022618
"2735","華利時尚會館","234台灣新北市永和區永利路54之1號","全身按摩指壓油壓中式按摩中式推拿精油按摩雙人四手",25.00509698177,121.519061979614
"2736","天悅養生會館","811台灣高雄市楠梓區右昌街412號","全身按摩肩頸按摩指壓油壓越式按摩中式按摩休閒舒壓拔罐刮痧精油按摩熱石按摩局部護理踩背",22.715690016148,120.288400026173
"2737","禾康男女休閒館","247台灣新北市蘆洲區三民路242號","全身按摩指壓油壓越式按摩中式按摩拔罐刮痧精油按摩",25.089817990125,121.468240991918
"2738","老宅中式按摩","326台灣桃園市楊梅區中興路193號","全身按摩半身按摩腳底按摩肩頸按摩指壓油壓中式按摩中式推拿拔罐刮痧精油按摩",24.914590993391,121.186697725759
"2739","高雄泰式推拿養生館 THAI Massage","800台灣高雄市新興區自立二路132號","全身按摩腳底按摩肩頸按摩指壓油壓泰式按摩泰式古法精油按摩泰式SPA被動式瑜伽",22.632754017894,120.298451017727
"2740","莉晶養生會館","825台灣高雄市橋頭區成功南路10號","全身按摩半身按摩肩頸按摩背部按摩指壓油壓泰式按摩越式按摩中式按摩休閒舒壓經絡按摩中式推拿拔罐刮痧精油按摩局部護理芳療SPA泰式SPA被動式瑜伽踩背",22.755970006229,120.311235012632
"2741","靜泰坊(男女泰式古法推拿 泰式spa舒壓)","24265台灣新北市新莊區莊崑路9號","全身按摩肩頸按摩背部按摩指壓油壓泰式按摩泰式古法精油按摩泰式SPA被動式瑜伽",24.999538187403,121.431436725627
"2742","不老松足湯 – 台中中科行館","407台灣台中市西屯區永福路170號","全身按摩腳底按摩肩頸按摩指壓油壓中式按摩中式推拿拔罐刮痧精油按摩修凍甲修腳皮足湯",24.185631584463,120.621760804496
"2743","不老松足湯 – 員林中山行館","510台灣彰化縣員林市員林大道一段48號","全身按摩腳底按摩肩頸按摩指壓油壓中式按摩經絡按摩中式推拿拔罐刮痧精油按摩修凍甲修腳皮足湯",23.949586713663,120.567243062224
"2744","不老松足湯 – 台北新生行館","10491台灣台北市中山區70 新生北路二段","全身按摩腳底按摩肩頸按摩指壓油壓中式按摩中式推拿拔罐刮痧精油按摩修凍甲修腳皮足湯",25.05668197994,121.527177002992
"2745","不老松足湯 – 高雄愛河館","801台灣高雄市前金區河東路2號","全身按摩腳底按摩肩頸按摩指壓油壓中式按摩中式推拿拔罐刮痧精油按摩修凍甲修腳皮足湯",22.62118799734,120.291090030359
"2746","逸美男女養生館","220台灣新北市板橋區大仁街103號","全身按摩肩頸按摩指壓油壓中式按摩經絡按摩中式推拿精油按摩",25.015701011296,121.452835975891
"2747","不老松足湯養身行館 – 漢口行館","404台灣台中市北區漢口路四段367號","全身按摩腳底按摩肩頸按摩指壓油壓中式按摩中式推拿拔罐刮痧精油按摩修凍甲修腳皮足湯",24.167246005576,120.683007035722
"2748","Mina285複合式養身會館","411台灣台中市太平區育賢路376號","全身按摩腳底按摩肩頸按摩指壓油壓中式按摩經絡按摩中式推拿刮痧精油按摩臉部護膚修凍甲修腳皮美容SPA",24.15882600665,120.714148991142
"2749","月荷足體養生會館(公益館)","408台灣台中市南屯區公益路二段271號2F","全身按摩腳底按摩肩頸按摩背部按摩指壓油壓歐式按摩中式按摩芳香療法按摩足反射按摩休閒舒壓經絡按摩中式推拿刮痧精油按摩修凍甲修腳皮足湯芳療SPA歐式SPA",24.150820492837,120.642953524665
"2750","長野足湯養身行館","406台灣台中市北屯區軍榮一街71號","全身按摩腳底按摩肩頸按摩背部按摩指壓油壓中式按摩休閒舒壓經絡按摩中式推拿刮痧精油按摩修凍甲修腳皮足湯",24.17952700247,120.720349001102
"2751","唐門足體養身會館","407台灣台中市西屯區大墩路998號","全身按摩半身按摩腳底按摩肩頸按摩背部按摩指壓油壓中式按摩穴道按摩經絡按摩中式推拿拔罐刮痧精油按摩被動式瑜伽",24.159166689105,120.65232147493
"2752","中艾堂足體養生會館","406台灣台中市北屯區梅川西路四段293號(近大和屋)","全身按摩腳底按摩肩頸按摩指壓油壓中式按摩經絡按摩中式推拿拔罐刮痧精油按摩修凍甲修腳皮足湯",24.174948094494,120.679610604737
"2753","自然甦活視障養身棧 – 河北棧","406台灣台中市北屯區河北路二段66號","全身按摩半身按摩腳底按摩肩頸按摩背部按摩指壓中式按摩經絡按摩中式推拿被動式瑜伽",24.17014999975,120.683352034857
"2754","自然甦活視障養身棧 – 大聖棧","408台灣台中市南屯區大聖街32號","全身按摩半身按摩腳底按摩肩頸按摩背部按摩指壓中式按摩經絡按摩中式推拿被動式瑜伽",24.148045286605,120.650768978824
"2755","鶴康屋足體養生會館","403台灣台中市西區五權五街151號","全身按摩腳底按摩肩頸按摩指壓油壓中式按摩經絡按摩中式推拿精油按摩修凍甲修腳皮",24.136408019874,120.659182984689
"2756","諾亞時尚會館","236台灣新北市土城區青雲路30號","全身按摩肩頸按摩背部按摩指壓油壓泰式按摩歐式按摩越式按摩台式按摩中式按摩芳香療法按摩休閒舒壓經絡按摩中式推拿精油按摩芳香按摩局部護理臉部按摩芳療SPA泰式SPA歐式SPA被動式瑜伽踩背",24.988636306947,121.459902004087
"2757","庄腳養生會館","403台灣台中市西區五權五街43號","全身按摩腳底按摩肩頸按摩指壓中式按摩經絡按摩中式推拿足湯",24.136396201391,120.662433319102
"2758","御手國醫 – 新竹旗艦館","302台灣新竹縣竹北市成功二街23號","全身按摩半身按摩腳底按摩肩頸按摩背部按摩指壓油壓中式按摩經絡按摩中式推拿刮痧局部護理足湯",24.820262605706,121.023058584436
"2759","御手國醫 – 奇美會館","710台灣台南市永康區中華路1000號","全身按摩半身按摩腳底按摩肩頸按摩背部按摩指壓油壓中式按摩休閒舒壓經絡按摩中式推拿刮痧精油按摩局部護理足湯",23.021785008266,120.221429038896
"2760","御手國醫 – 安平會館","708台灣台南市安平區慶平路555號","全身按摩半身按摩腳底按摩肩頸按摩背部按摩指壓油壓中式按摩經絡按摩中式推拿刮痧局部護理足湯",22.997390191535,120.170749286269
"2761","御手國醫 – 新市會館","74441台灣台南市新市區民生路67號","全身按摩半身按摩腳底按摩肩頸按摩背部按摩指壓油壓中式按摩經絡按摩中式推拿刮痧局部護理足湯",23.078923604022,120.289997616918
"2762","御手國醫 – 文化會館","701台灣台南市東區中華東路三段380巷47號","全身按摩半身按摩腳底按摩肩頸按摩背部按摩指壓油壓中式按摩經絡按摩中式推拿刮痧局部護理足湯",22.974567987479,120.219781994922
"2763","御手國醫 – 永康旗艦館","710台灣台南市永康區中正北路339-1號","全身按摩半身按摩腳底按摩肩頸按摩背部按摩指壓油壓中式按摩經絡按摩中式推拿刮痧局部護理足湯",23.042194020488,120.248294966411
"2764","御手國醫 – 中華會館","710台灣台南市永康區中華二路340巷7號","全身按摩半身按摩腳底按摩肩頸按摩背部按摩指壓油壓中式按摩經絡按摩中式推拿刮痧局部護理足湯",23.008922013924,120.231022965271
"2765","御手國醫 – 台南會館","704台灣台南市北區公園南路368號","全身按摩半身按摩腳底按摩肩頸按摩背部按摩指壓油壓中式按摩經絡按摩中式推拿刮痧局部護理足湯",23.003257020844,120.202015712951
"2766","迦南美地足體養生館","700台灣台南市中西區西門路一段406號","全身按摩腳底按摩肩頸按摩背部按摩指壓油壓中式按摩經絡按摩中式推拿精油按摩足湯",22.981710919636,120.197787294256
"2767","誠翊養生館","701台灣台南市東區崇善路25巷126號","全身按摩半身按摩腳底按摩肩頸按摩指壓油壓中式按摩經絡按摩中式推拿拔罐刮痧",22.984277500298,120.222622035175
"2768","禪風堂(足湯)養身會館","811台灣高雄市楠梓區德民路436號","全身按摩半身按摩腳底按摩指壓油壓中式按摩拔罐刮痧",22.724851981143,120.300349015882
"2769","樂活泡腳養生會館","813台灣高雄市左營區孟子路468號","全身按摩半身按摩腳底按摩肩頸按摩足湯",22.676306009608,120.306888995835
"2770","真功-足體養身會館","811台灣高雄市楠梓區學專路3號","全身按摩半身按摩腳底按摩肩頸按摩背部按摩指壓油壓東方指壓經絡按摩中式推拿",22.714919006785,120.309719983633
"2771","八千門泡腳養生館","807台灣高雄市三民區民族一路529號","全身按摩腳底按摩肩頸按摩頸胸按摩指壓油壓東方指壓中式按摩拔罐刮痧精油按摩",22.665729011719,120.316319978012
"2772","彩媚健康舒壓會館","241台灣新北市三重區集賢路162號","全身按摩半身按摩肩頸按摩背部按摩指壓油壓泰式按摩東方指壓台式按摩中式按摩休閒舒壓經絡按摩中式推拿拔罐刮痧精油按摩局部護理芳療SPA泰式SPA被動式瑜伽踩背",25.089111982421,121.485453984461
"2773","夏威夷舒壓會館","241台灣新北市三重區集賢路201號","全身按摩半身按摩肩頸按摩背部按摩指壓油壓泰式按摩東方指壓越式按摩台式按摩中式按摩休閒舒壓經絡按摩中式推拿刮痧精油按摩芳療SPA泰式SPA被動式瑜伽",25.08763521681,121.483856477534
"2774","黃金泰悅男女休閒會館","241台灣新北市三重區集賢路188號","全身按摩半身按摩肩頸按摩背部按摩指壓油壓泰式按摩越式按摩中式按摩休閒舒壓經絡按摩中式推拿刮痧精油按摩局部護理芳療SPA泰式SPA被動式瑜伽踩背",25.087922296993,121.483732593005
"2775","黃鶴樓養生會館","812台灣高雄市小港區宏平路603-1號","全身按摩腳底按摩肩頸按摩指壓油壓中式按摩經絡按摩中式推拿臉部護膚修凍甲修腳皮足湯掏耳朵",22.569664103244,120.353439403862
"2776","腳窩 足體養生泡腳會館","813台灣高雄市左營區富民路13巷2號","全身按摩腳底按摩肩頸按摩背部按摩指壓油壓中式按摩足反射按摩足湯",22.657145020858,120.30495202183
"2777","尊榮足體筋絡館","807台灣高雄市三民區大豐二路340號","全身按摩腳底按摩指壓油壓中式按摩拔罐刮痧修凍甲足湯",22.646258018281,120.334238978258
"2778","十分衡心 輕鬆推傳統整復","802台灣高雄市苓雅區五福一路23號(名揚整體美學2樓，由名揚整體美學門口進入)","全身按摩肩頸按摩背部按摩指壓油壓東方指壓中式按摩經絡按摩中式推拿拔罐刮痧",22.629461019593,120.320634981767
"2779","八号泡腳養生會館","807台灣高雄市三民區博愛一路137號","全身按摩腳底按摩肩頸按摩指壓油壓中式按摩精油按摩足湯",22.645060998688,120.302790999554
"2780","A’Chron艾珂菈【南京三民店】頂級精油·芳療SPA","105台灣台北市松山區南京東路五段66巷2弄7號1樓","全身按摩腳底按摩背部按摩油壓歐式按摩芳香療法按摩深層組織按摩放鬆按摩經絡按摩精油按摩芳香按摩局部護理臉部護膚孕婦按摩歐式SPA",25.050779988547,121.560160965454
"2781","A’chron艾珂菈【竹南光復店】","350台灣苗栗縣竹南鎮光復路247-1號","全身按摩腳底按摩肩頸按摩背部按摩指壓油壓歐式按摩瑞典式按摩中式按摩芳香療法按摩深層組織按摩放鬆按摩休閒舒壓經絡按摩精油按摩芳香按摩局部護理臉部護膚孕婦按摩芳療SPA美容SPA歐式SPA太空艙全身去角質",24.690242984654,120.879278015755
"2782","晶華養生會館","330台灣桃園市桃園區經國路515號","全身按摩腳底按摩指壓油壓精油按摩",25.020980017735,121.303294022243
"2783","水漾卉時尚舒壓會館 Shui Yang Hui","330台灣桃園市桃園區成功路二段151號1樓","全身按摩肩頸按摩背部按摩指壓油壓中式按摩休閒舒壓經絡按摩精油按摩芳療SPA歐式SPA",24.994855008551,121.31878302494
"2784","沛萱筋絡舒活館","326台灣桃園市楊梅區中山北路一段402號","全身按摩半身按摩肩頸按摩背部按摩指壓油壓中式按摩休閒舒壓經絡按摩中式推拿拔罐刮痧精油按摩局部護理踩背",24.909089992246,121.159571959246
"2785","金帝養生會館(舊富足)","807台灣高雄市三民區九如一路532-1號","全身按摩半身按摩肩頸按摩背部按摩指壓油壓泰式按摩越式按摩台式按摩中式按摩休閒舒壓經絡按摩中式推拿拔罐刮痧精油按摩局部護理臉部護膚芳療SPA泰式SPA掏耳朵被動式瑜伽踩背",22.63948497951,120.326688978973
"2786","Momi Momi 東京都會 足體養生","106台灣台北市大安區通化街15號","全身按摩腳底按摩肩頸按摩指壓油壓中式按摩拔罐刮痧精油按摩修凍甲修腳皮",25.032005992267,121.554381978491
"2787","經典足體養生館 – 自立店","800台灣高雄市新興區自立二路152號","全身按摩腳底按摩指壓油壓泰式按摩精油按摩",22.633366986473,120.298213977506
"2788","經典足體養生館 – 鳳山建國店","830台灣高雄市鳳山區建國路三段153號","全身按摩腳底按摩肩頸按摩背部按摩指壓油壓泰式按摩越式按摩台式按摩中式按摩休閒舒壓經絡按摩中式推拿精油按摩芳療SPA泰式SPA",22.63681480509,120.353800963561
"2789","經典SPA養生會館 – 七賢店","800台灣高雄市新興區七賢一路241號(近錦田路口)","全身按摩腳底按摩指壓油壓泰式按摩精油按摩",22.633897980039,120.310069006081
"2790","經典足體養生館 – 六合店","800台灣高雄市新興區六合一路56號(錦田路口)","全身按摩腳底按摩指壓油壓泰式按摩精油按摩",22.63253101736,120.310646016295
"2791","金鑽養生會館","900台灣屏東縣屏東市自由路96-3號(同心牙醫前面巷子內)","全身按摩半身按摩肩頸按摩背部按摩指壓油壓泰式按摩越式按摩台式按摩中式按摩休閒舒壓經絡按摩中式推拿刮痧精油按摩局部護理芳療SPA泰式SPA被動式瑜伽踩背",22.667312017953,120.487943971757
"2792","尊榮足體筋絡","807台灣高雄市三民區大豐二路 340 號","全身按摩腳底按摩拔罐刮痧修凍甲修腳皮",22.646300951934,120.334144174362
"2793","功夫經絡男女養神館","807台灣高雄市三民區博愛一路71號","全身按摩腳底按摩肩頸按摩背部按摩指壓油壓泰式按摩台式按摩中式按摩休閒舒壓經絡按摩中式推拿拔罐刮痧精油按摩修凍甲修腳皮芳療SPA泰式SPA",22.643217985818,120.302649010114
"2794","阿點足體養生會館","811台灣高雄市楠梓區東昌街119號(近德民黃昏市場、可利亞旁)","全身按摩腳底按摩肩頸按摩指壓中式按摩拔罐刮痧修凍甲修腳皮足湯",22.72139901422,120.289585981653
"2795","足藝泡腳養生會館 – 裕誠店","804台灣高雄市鼓山區明倫路138號2樓(裕誠路口)","全身按摩腳底按摩肩頸按摩背部按摩指壓油壓中式按摩足湯",22.666107999471,120.297844000299
"2796","鈅SPA男女舒壓休閒會館","330台灣桃園市桃園區春日路289號","全身按摩肩頸按摩背部按摩指壓油壓中式按摩芳香療法按摩深層組織按摩休閒舒壓經絡按摩中式推拿拔罐刮痧精油按摩芳香按摩臉部護膚芳療SPA歐式SPA被動式瑜伽雙人四手全身去角質踩背",24.998702008742,121.314788964258
"2797","足天下養生館 – 自由店","813台灣高雄市左營區自由二路3號(近大順路口)","腳底按摩肩頸按摩中式按摩拔罐刮痧修腳皮足湯",22.657065979511,120.308665959308
"2798","足天下養生館 – 鳳山店","830台灣高雄市鳳山區中山西路256號(近澄清路口)","腳底按摩肩頸按摩拔罐刮痧修腳皮足湯",22.628246984737,120.345378024664
"2799","足天下養生館 – 光華店","806台灣高雄市前鎮區光華二路169號","腳底按摩肩頸按摩中式按摩經絡按摩中式推拿拔罐刮痧足湯",22.611796996841,120.317465029805
"2800","舒安足體養生館","802台灣高雄市苓雅區四維二路119-1號","全身按摩腳底按摩肩頸按摩指壓油壓中式按摩足湯",22.622521013311,120.319949006811
"2801","Jen SPA｜珍選天然有機保養 Aromatherapy Massage SPA","100台灣台北市中正區杭州南路一段143巷19號1樓","全身按摩背部按摩瑞典式按摩芳香療法按摩深層組織按摩放鬆按摩理療按摩精油按摩芳香按摩臉部護膚美容SPA",25.035951982735,121.526021976735
"2802","鄧老師連鎖養生館 – 基隆店","200台灣基隆市仁愛區忠一路8號3樓(城隍廟旁)","全身按摩腳底按摩肩頸按摩指壓油壓拔罐刮痧精油按摩修凍甲修腳皮足湯",25.130746990969,121.740424019164
"2803","鄧老師連鎖養生館 – 恩主公","10491台灣台北市中山區民權東路二段136號(行天宮斜對面)","全身按摩腳底按摩肩頸按摩指壓油壓拔罐刮痧精油按摩修凍甲修腳皮足湯",25.06228201327,121.532936041026
"2804","鄧老師連鎖養生館 – 板橋店","220台灣新北市板橋區新興路1號2樓(南雅南路口)","全身按摩腳底按摩肩頸按摩指壓油壓拔罐刮痧精油按摩修凍甲修腳皮足湯",25.007119996011,121.456202986397
"2805","鄧老師連鎖養生館 – 新竹光復店","300台灣新竹市東區光復路二段661號(新光三越斜對面)","全身按摩腳底按摩肩頸按摩指壓油壓拔罐刮痧精油按摩修凍甲修腳皮足湯",24.803329340224,120.979012559438
"2806","鄧老師連鎖養生館 – 台南永華店","700台灣台南市中西區永華路一段290號","全身按摩腳底按摩肩頸按摩指壓油壓拔罐刮痧精油按摩修凍甲修腳皮足湯",22.988964283368,120.188783537684
"2807","鄧老師連鎖養生館 – 小北/西門店","704台灣台南市北區西門路四段340號(文成路口)","全身按摩腳底按摩肩頸按摩指壓油壓拔罐刮痧精油按摩修凍甲修腳皮足湯",23.013787582989,120.209695883193
"2808","鄧老師連鎖養生館 – 佳里店","722台灣台南市佳里區進學路48號","全身按摩腳底按摩肩頸按摩指壓油壓拔罐刮痧精油按摩修凍甲修腳皮足湯",23.16413000839,120.18271897928
"2809","鄧老師連鎖養生館 – 長榮店","701台灣台南市東區長榮路二段318號","全身按摩腳底按摩肩頸按摩指壓油壓拔罐刮痧精油按摩修凍甲修腳皮足湯",22.99167800834,120.221649985864
"2810","鄧老師連鎖養生館 – 恆春店","946台灣屏東縣恆春鎮恆南路140之6號","全身按摩腳底按摩肩頸按摩指壓油壓拔罐刮痧精油按摩修凍甲修腳皮足湯",21.997593092731,120.744947120894
"2811","鄧老師連鎖養生館 – 墾丁店","946台灣屏東縣恆春鎮墾丁路251號(墾丁大街口)","全身按摩腳底按摩肩頸按摩指壓油壓拔罐刮痧精油按摩修凍甲修腳皮足湯",21.945994012964,120.796391973643
"2812","鄧老師腳中傳奇養身會館 – 一心店","806台灣高雄市前鎮區一心一路239號","全身按摩腳底按摩肩頸按摩指壓油壓拔罐刮痧精油按摩修凍甲修腳皮足湯",22.608682994083,120.316142030208
"2813","鄧老師連鎖養生舘 – 大順店","802台灣高雄市苓雅區大順三路164號","全身按摩腳底按摩肩頸按摩指壓油壓拔罐刮痧精油按摩修凍甲修腳皮足湯",22.632551008199,120.325635960477
"2814","鄧老師連鎖養生館 – 覺民店","807台灣高雄市三民區覺民路360號","全身按摩腳底按摩肩頸按摩指壓油壓拔罐刮痧精油按摩修凍甲修腳皮足湯",22.640627046063,120.333963194592
"2815","鄧老師連鎖養生館 – 青年店","830台灣高雄市鳳山區青年路二段458號","全身按摩腳底按摩肩頸按摩指壓油壓拔罐刮痧精油按摩修凍甲修腳皮足湯",22.643751996869,120.351839969098
"2816","鄧老師腳中傳奇養生會館 – 裕誠店","813台灣高雄市左營區裕誠路303號2樓","全身按摩腳底按摩肩頸按摩指壓油壓拔罐刮痧精油按摩修凍甲修腳皮足湯",22.665204011214,120.307280011618
"2817","鄧老師連鎖養生館 – 瑞豐店","804台灣高雄市鼓山區裕誠路1142號2樓","全身按摩腳底按摩肩頸按摩指壓油壓拔罐刮痧精油按摩修凍甲修腳皮足湯",22.665960980889,120.298512037982
"2818","羽心閣美容舒壓會館(舊金泰樂)","200台灣基隆市仁愛區港西街27號","全身按摩半身按摩肩頸按摩背部按摩指壓油壓泰式按摩越式按摩台式按摩中式按摩休閒舒壓經絡按摩中式推拿刮痧精油按摩局部護理温泉SPA泰式SPA被動式瑜伽踩背",25.133546001806,121.740231989762
"2819","鄧老師連鎖養生館 – 五福旗艦店","801台灣高雄市前金區前金區五福三路96號","全身按摩腳底按摩肩頸按摩指壓油壓拔罐刮痧精油按摩修凍甲修腳皮足湯",22.621617988973,120.295782974128
"2820","村之閣 The Village Spa","10491台灣台北市中山區林森北路450號","全身按摩指壓油壓瑞典式按摩經絡按摩拔罐熱石按摩",25.060785005363,121.525424011762
"2821","湯之島足體養生館 OYU ISLAND SPA","220台灣新北市板橋區重慶路64號","全身按摩腳底按摩肩頸按摩指壓油壓中式按摩拔罐刮痧精油按摩修凍甲修腳皮足湯",25.006786396264,121.461771839048
"2822","熊讚養生會館","247台灣新北市蘆洲區中正路6-1號1樓","全身按摩腳底按摩指壓油壓拔罐刮痧",25.085684412665,121.477074428218
"2823","晴木養生會館-盛昌店","811台灣高雄市楠梓區盛昌街220-2號","全身按摩半身按摩肩頸按摩背部按摩指壓油壓越式按摩中式按摩休閒舒壓經絡按摩中式推拿精油按摩局部護理",22.714325987135,120.287852017343
"2824","晴木養生會館-大學店","811台灣高雄市楠梓區大學東路360號","全身按摩半身按摩肩頸按摩背部按摩指壓油壓越式按摩中式按摩休閒舒壓經絡按摩中式推拿精油按摩局部護理",22.729919009251,120.290372036533
"2825","LaQue 泰式瑜珈運動按摩教室","811台灣高雄市楠梓區大學南路395號2樓","全身按摩指壓油壓泰式按摩泰式古法精油按摩芳香按摩泰式SPA被動式瑜伽",22.732192013754,120.289075020835
"2826","悠SPA美容美體","241台灣新北市三重區慈愛街96號","全身按摩腳底按摩油壓精油按摩孕婦按摩美容SPA",25.080282485616,121.489239084297
"2827","悅活養生館","10491台灣台北市中山區龍江路281巷1號","全身按摩腳底按摩指壓油壓修腳皮",25.059895811165,121.540890634777
"2828","米娜養生館","235台灣新北市中和區景新街418巷18弄2號","全身按摩腳底按摩指壓油壓中式按摩經絡按摩中式推拿拔罐刮痧",24.98857201775,121.512146993313
"2829","泰皇都泰式SPA養生會館","235台灣新北市中和區中正路82號","全身按摩指壓油壓泰式按摩泰式古法",24.993825082199,121.500337478472
"2830","泰雅泰式養生館","200台灣基隆市仁愛區仁四路44-1號2樓","全身按摩腳底按摩肩頸按摩背部按摩指壓油壓泰式按摩泰式古法經絡按摩中式推拿精油按摩局部護理足湯泰式SPA被動式瑜伽",25.128048982065,121.741689015991
"2831","輕鬆足養生館(自強店)","802台灣高雄市苓雅區自強三路43號","全身按摩腳底按摩肩頸按摩指壓油壓東方指壓中式按摩經絡按摩中式推拿拔罐刮痧精油按摩臉部護膚修凍甲修腳皮足湯掏耳朵",22.614205997723,120.299460031232
"2832","輕鬆足養生館(昇平店)","802台灣高雄市苓雅區昇平街30號","全身按摩腳底按摩肩頸按摩指壓油壓東方指壓中式按摩經絡按摩中式推拿拔罐刮痧精油按摩臉部護膚修凍甲修腳皮足湯掏耳朵",22.617838002098,120.297888005291
"2833","浮宮漂浮SPA舒緩館 Floating Palace Water SPA","802台灣高雄市苓雅區苓雅一路360號","全身按摩放鬆按摩臉部護膚水療SPA美容SPA雙人四手",22.620027019931,120.30700198389
"2834","按摩達人 六合夜市 七賢店(美麗島站步行3分鐘)","800台灣高雄市新興區七賢二路46號","全身按摩腳底按摩肩頸按摩中式推拿拔罐刮痧臉部護膚修凍甲修腳皮",22.634823006873,120.300237033656
"2835","按摩達人 滯洪公園 義華店(近澄清路)","807台灣高雄市三民區三民區義華路45號","全身按摩腳底按摩肩頸按摩中式推拿拔罐刮痧臉部護膚修凍甲修腳皮",22.642040998974,120.343965003427
"2836","按摩達人 元氣養生 覺民店(近大昌路)","807台灣高雄市三民區覺民路530號","全身按摩腳底按摩肩頸按摩中式推拿拔罐刮痧臉部護膚修凍甲修腳皮",22.640924990476,120.330605004137
"2837","按摩達人 鳳山大潤發 文化店(大潤發旁)","830台灣高雄市鳳山區文化路65之3號","全身按摩腳底按摩肩頸按摩中式推拿拔罐刮痧臉部護膚修凍甲修腳皮",22.633913989474,120.354315983297
"2838","按摩達人 高雄後火車站 博愛店","807台灣高雄市三民區博愛一路120號(高捷後驛站步行3分鐘)","全身按摩腳底按摩肩頸按摩中式推拿拔罐刮痧臉部護膚修凍甲修腳皮",22.644596012609,120.303312018655
"2839","按摩達人 高雄鳳新高中 新富店","830台灣高雄市鳳山區鳳山區新富路247號(新甲國小旁)","全身按摩腳底按摩肩頸按摩中式推拿拔罐刮痧臉部護膚修凍甲修腳皮",22.612979012827,120.339032001951
"2840","按摩達人 楠梓加工區 德惠店","811台灣高雄市楠梓區德惠路56號(加工區正後門)","全身按摩腳底按摩肩頸按摩中式推拿拔罐刮痧臉部護膚修凍甲修腳皮",22.72682600316,120.30296701952
"2841","按摩達人 高雄瑞豐夜市 明倫店","804台灣高雄市鼓山區明倫路128-18號(瑞豐夜市旁)","全身按摩腳底按摩肩頸按摩中式推拿拔罐刮痧臉部護膚修凍甲修腳皮",22.666328988348,120.297750961174
"2842","普吉島古法泰式推拿","802台灣高雄市苓雅區三多三路186號","全身按摩腳底按摩指壓油壓泰式按摩精油按摩足湯",22.615705017287,120.309130987296
"2843","善水堂養生概念館 – 屏東館","900台灣屏東縣屏東市中正路153之2號","全身按摩腳底按摩指壓油壓中式按摩經絡按摩中式推拿精油按摩足湯",22.677056986223,120.490211025109
"2844","善水堂養生概念館 – 五權館","802台灣高雄市苓雅區五權街254號","全身按摩腳底按摩指壓油壓中式按摩經絡按摩中式推拿精油按摩足湯",22.619905985249,120.317889992296
"2845","善水堂養生概念館 – 鹽埕館","803台灣高雄市鹽埕區五福四路128號","全身按摩腳底按摩指壓油壓中式按摩經絡按摩中式推拿精油按摩足湯",22.622898995235,120.285478010907
"2846","YoKoSo日式健康按摩館","803台灣高雄市鹽埕區莒光街197號7F-3","全身按摩腳底按摩指壓油壓日式按摩芳香療法按摩精油按摩",22.624334018968,120.285054976253
"2847","豪功夫足體養生會館","800台灣高雄市新興區林森一路196之2號","全身按摩腳底按摩指壓油壓東方指壓中式按摩修凍甲修腳皮足湯",22.632179019336,120.304866023504
"2848","東風浮香 Oriental Aroma","801台灣高雄市前金區新田路290號","全身按摩腳底按摩肩頸按摩指壓油壓東方指壓中式按摩芳香療法按摩經絡按摩中式推拿拔罐精油按摩芳療SPA",22.620012016324,120.296581015129
"2849","左腳右腳經典按摩會館 (高雄陽明日式和風會館)","807台灣高雄市三民區陽明路28號","全身按摩腳底按摩指壓油壓拔罐刮痧精油按摩修凍甲修腳皮足湯",22.637898997701,120.341279022555
"2850","左腳右腳經典按摩會館 (高雄新田會館)","800台灣高雄市新興區新田路145號","全身按摩腳底按摩指壓油壓拔罐刮痧精油按摩修凍甲修腳皮足湯",22.622118011407,120.303500024743
"2851","左腳右腳經典按摩會館 (高雄中正會館)","802台灣高雄市苓雅區中正二路105號","全身按摩腳底按摩指壓油壓拔罐刮痧精油按摩修凍甲修腳皮足湯",22.630166985388,120.316097019387
"2852","左腳右腳經典按摩會館 (高雄自由會館)","813台灣高雄市左營區自由二路67號","全身按摩腳底按摩指壓油壓拔罐刮痧精油按摩修凍甲修腳皮足湯",22.658577991025,120.308624971802
"2853","大腳桶養生會館(師大店)","802台灣高雄市苓雅區林泉街6-1號","全身按摩腳底按摩指壓中式按摩拔罐刮痧修凍甲修腳皮",22.623796990432,120.320056965724
"2854","大腳桶養生會館(文化店)","802台灣高雄市苓雅區林南街15號","全身按摩腳底按摩指壓中式按摩拔罐刮痧修凍甲修腳皮",22.625707980537,120.315871965287
"2855","大腳桶養生會館(民權店)","806台灣高雄市前鎮區民權二路353號","全身按摩腳底按摩指壓中式按摩拔罐刮痧修凍甲修腳皮",22.61052801861,120.313048018288
"2856","足享養生會館","806台灣高雄市前鎮區三多三路201號","全身按摩腳底按摩指壓油壓東方指壓中式按摩經絡按摩中式推拿精油按摩修凍甲修腳皮",22.614696003783,120.307492995778
"2857","松足霖足體養生館-文山館","830台灣高雄市鳳山區文濱路77號","全身按摩腳底按摩肩頸按摩指壓油壓中式按摩休閒舒壓經絡按摩中式推拿精油按摩修凍甲修腳皮足湯芳療SPA",22.641806012318,120.34857798384
"2858","松足霖足體養生館-美術館","804台灣高雄市鼓山區美術東二路63號","全身按摩腳底按摩肩頸按摩指壓油壓中式按摩休閒舒壓經絡按摩中式推拿精油按摩修凍甲修腳皮足湯芳療SPA",22.652866101196,120.287789823621
"2859","御竹閣足湯養身會館","807台灣高雄市三民區大昌二路121-2號","全身按摩腳底按摩指壓油壓修凍甲修腳皮",22.642830993348,120.331971002897
"2860","宏賓按摩院","880台灣澎湖縣馬公市貿商街71號","全身按摩腳底按摩肩頸按摩頸胸按摩背部按摩指壓中式按摩中式推拿",23.575219988625,119.57209900933
"2861","一流按摩","880台灣澎湖縣馬公市三民路42號","全身按摩腳底按摩中式按摩刮痧",23.567344981044,119.568167980559
"2862","柿品館 足體養生","880台灣澎湖縣馬公市三民路49號","全身按摩腳底按摩指壓油壓精油按摩熱石按摩",23.567158986613,119.56810302081
"2863","沐悅足體養生館","892台灣金門縣金寧鄉埔邊珠浦西路13號1樓","全身按摩腳底按摩指壓油壓經絡按摩中式推拿拔罐刮痧精油按摩",24.439921188389,118.317128601756
"2864","金門楊家足體養生館","893台灣金門縣金城鎮西門里莒光路162之1號(永春廣東粥旁)","全身按摩腳底按摩指壓油壓拔罐刮痧精油按摩修凍甲修腳皮",24.433780007266,118.31616603691
"2865","足天下金城店","893台灣金門縣金城鎮金山路16號","全身按摩腳底按摩肩頸按摩指壓油壓精油按摩修腳皮足湯",24.429220000482,118.322230008581
"2866","貓爪爪盲人按摩工作室","209002台灣連江縣南竿鄉復興村 220 號(南竿機場)","全身按摩腳底按摩油壓中式按摩",0,0
"2867","久天養身館","880台灣澎湖縣馬公市長安里光武街11號","全身按摩腳底按摩指壓油壓中式推拿",23.565835987016,119.56567998024
"2868","樂活好の足養生館","880台灣澎湖縣馬公市中興路9號1樓","全身按摩腳底按摩肩頸按摩指壓油壓中式推拿刮痧",23.566440992787,119.568037977241
"2869","水姑娘按摩店","880台灣澎湖縣馬公市民福路2-5號","全身按摩肩頸按摩背部按摩指壓油壓泰式按摩台式按摩中式按摩休閒舒壓經絡按摩中式推拿精油按摩芳療SPA泰式SPA被動式瑜伽",23.563739002479,119.567496003382
"2870","一手絕養生館","880台灣澎湖縣馬公市海埔路12號","全身按摩指壓油壓中式按摩中式推拿",23.565734573985,119.568676869233
"2871","知足SPA泰式養生館","242台灣新北市新莊區中信街7號","全身按摩腳底按摩指壓油壓泰式按摩泰式古法精油按摩",25.050740719331,121.451316169208
"2872","磐泰SPA舒壓館 Pan Thai Massage","231台灣新北市新店區新明街1號","全身按摩腳底按摩肩頸按摩背部按摩指壓油壓泰式按摩泰式古法休閒舒壓經絡按摩精油按摩局部護理足湯芳療SPA泰式SPA被動式瑜伽全身去角質踩背",24.967972987782,121.541102026376
"2873","康妍經絡養生會館","10491台灣台北市中山區敬業三路157號","全身按摩腳底按摩指壓油壓東方指壓中式按摩",25.079497981388,121.556104040498
"2874","金樂足體養生會館(安和會館) Kinraku Massage","106台灣台北市大安區安和路二段68號","全身按摩腳底按摩指壓油壓東方指壓拔罐刮痧修凍甲修腳皮足湯",25.030212013531,121.551816026471
"2875","金樂足體養生會館(忠孝會館) Kinraku Massage","106台灣台北市大安區4 大安路一段83巷","全身按摩腳底按摩指壓油壓東方指壓拔罐刮痧修凍甲修腳皮足湯",25.040855982826,121.546472982292
"2876","金樂足體養生會館(牡丹會館) Kinraku Massage","105台灣台北市松山區八德路三段228號","全身按摩腳底按摩指壓油壓東方指壓拔罐刮痧修凍甲修腳皮足湯",25.047965010185,121.55717298461
"2877","金樂足體養生會館(八德會館） Kinraku Massage","10491台灣台北市中山區八德路二段324號","全身按摩腳底按摩指壓油壓東方指壓拔罐刮痧修凍甲修腳皮足湯",25.047234988328,121.543101026464
"2878","米黎-心知足養身館 二館","110台灣台北市信義區永吉路30巷158弄17號","全身按摩腳底按摩肩頸按摩指壓油壓東方指壓中式按摩中式推拿拔罐刮痧精油按摩臉部護膚修凍甲修腳皮足湯",25.04248999294,121.568027968317
"2879","心知足spa養生館/米黎時尚生活會館 Heart Full Massage center","110台灣台北市信義區基隆路一段149號1樓","全身按摩腳底按摩肩頸按摩指壓油壓東方指壓中式按摩中式推拿拔罐刮痧精油按摩臉部護膚修凍甲修腳皮足湯",25.042501979062,121.565585984646
"2880","True Massage | 松山區 南京三民店","105台灣台北市松山區南京東路五段156 號","全身按摩指壓油壓東方指壓深層組織按摩放鬆按摩運動按摩經絡按摩中式推拿拔罐刮痧精油按摩",25.051296217673,121.562750091435
"2881","True Massage | 內湖區 港墘店","114台灣台北市內湖區港墘路82巷7弄13號","全身按摩指壓油壓東方指壓深層組織按摩放鬆按摩運動按摩經絡按摩中式推拿拔罐刮痧精油按摩",25.081426992585,121.577578979348
"2882","泰神殿-泰式養生館 Thai Temple Massage","970台灣花蓮縣花蓮市國聯五路30號","全身按摩腳底按摩肩頸按摩背部按摩指壓油壓泰式按摩泰式古法芳香療法按摩休閒舒壓經絡按摩精油按摩修腳皮足湯芳療SPA泰式SPA被動式瑜伽踩背",23.989670902486,121.605975190925
"2883","忘憂谷男女舒壓會館","231台灣新北市新店區中央路83號","全身按摩半身按摩肩頸按摩背部按摩指壓油壓泰式按摩越式按摩台式按摩中式按摩休閒舒壓經絡按摩中式推拿刮痧精油按摩局部護理芳療SPA泰式SPA被動式瑜伽踩背",24.976433680847,121.532293484328
"2884","柔家泰式舒活館","244台灣新北市林口區文化三路二段322號","全身按摩腳底按摩肩頸按摩指壓油壓泰式按摩泰式古法休閒舒壓經絡按摩精油按摩芳香按摩局部護理足湯芳療SPA泰式SPA被動式瑜伽踩背",25.084617019205,121.378067974643
"2885","佳發足體館","10491台灣台北市中山區林森北路119巷2號1樓","全身按摩腳底按摩肩頸按摩指壓油壓",25.050610003551,121.525328038971
"2886","六條通按摩館","10491台灣台北市中山區中山北路1段105巷21號","全身按摩腳底按摩指壓油壓",25.050620983844,121.524180975521
"2887","峇里島SPA館花蓮站前店","970台灣花蓮縣花蓮市國聯五路2-4號","全身按摩腳底按摩肩頸按摩背部按摩指壓油壓泰式按摩泰式古法峇里島式按摩休閒舒壓經絡按摩精油按摩足湯泰式SPA被動式瑜伽全身去角質踩背",23.99032780788,121.605720899403
"2888","悠閒泰式舒壓館","247台灣新北市蘆洲區長榮路748號","全身按摩腳底按摩肩頸按摩背部按摩指壓油壓泰式按摩泰式古法休閒舒壓經絡按摩刮痧精油按摩足湯泰式SPA被動式瑜伽踩背",25.0923929946,121.460805992345
"2889","沐玥健康會館 Mu Yue SPA","247台灣新北市蘆洲區三民路569號","全身按摩肩頸按摩背部按摩指壓油壓歐式按摩中式按摩芳香療法按摩經絡按摩刮痧精油按摩芳香按摩臉部護膚東方易筋芳療SPA歐式SPA",25.092308002101,121.4620979789
"2890","椰子林SPA館","220台灣新北市板橋區板新路76號","全身按摩腳底按摩肩頸按摩背部按摩指壓油壓泰式按摩泰式古法中式按摩休閒舒壓經絡按摩精油按摩臉部護膚足湯泰式SPA薰香耳燭被動式瑜伽全身去角質踩背",25.014468997258,121.473032003955
"2891","來來按摩 – 頭份尚順店","351台灣苗栗縣頭份市中央路94號","全身按摩半身按摩腳底按摩肩頸按摩背部按摩指壓中式按摩經絡按摩中式推拿",24.689090011962,120.905727027406
"2892","來來按摩 – 竹北店","302台灣新竹縣竹北市中正東路233號","全身按摩半身按摩腳底按摩肩頸按摩背部按摩指壓中式按摩經絡按摩中式推拿",24.835058005916,121.014194973285
"2893","來來按摩 – 中和南勢角店","235台灣新北市中和區安樂路8號","全身按摩半身按摩腳底按摩肩頸按摩背部按摩指壓中式按摩經絡按摩中式推拿",24.991753997743,121.511785984743
"2894","來來按摩 – 板橋民族店","220台灣新北市板橋區民族路284號","全身按摩半身按摩腳底按摩肩頸按摩背部按摩指壓中式按摩經絡按摩中式推拿",25.006679988004,121.47010898286
"2895","來來按摩 – 新莊中正店","242台灣新北市新莊區中正路409號","全身按摩半身按摩腳底按摩肩頸按摩背部按摩指壓中式按摩經絡按摩中式推拿",25.034306992327,121.444985988291
"2896","來來按摩 – 新莊幸福二店","242台灣新北市新莊區幸福路592號","全身按摩半身按摩腳底按摩肩頸按摩背部按摩指壓中式按摩經絡按摩中式推拿",25.049397016433,121.453497978604
"2897","來來按摩 – 新莊幸福一店","242台灣新北市新莊區幸福路583號","全身按摩半身按摩腳底按摩肩頸按摩背部按摩指壓中式按摩經絡按摩中式推拿",25.049150001746,121.453725966371
"2898","來來按摩 – 士林葫蘆堵店","111台灣台北市士林區延平北路五段151號","全身按摩半身按摩腳底按摩肩頸按摩背部按摩指壓中式按摩經絡按摩中式推拿",25.08241601525,121.510168025973
"2899","來來按摩 – 三重重新店","241台灣新北市三重區重新路一段47-1號","全身按摩半身按摩腳底按摩肩頸按摩背部按摩指壓中式按摩經絡按摩中式推拿",25.063912586804,121.502198763891
"2900","來來按摩 – 三重菜寮站店","241台灣新北市三重區重新路三段85號","全身按摩半身按摩腳底按摩肩頸按摩背部按摩指壓中式按摩經絡按摩中式推拿",25.060190979885,121.491784500653
"2901","泰美舒壓養生館","247台灣新北市蘆洲區長興路318號","全身按摩半身按摩肩頸按摩背部按摩指壓油壓泰式按摩越式按摩中式按摩休閒舒壓經絡按摩中式推拿刮痧精油按摩局部護理泰式SPA被動式瑜伽踩背",25.092466000976,121.461881977255
"2902","靖芳養生會館","108台灣台北市萬華區武昌街二段19號3F","全身按摩腳底按摩指壓油壓東方指壓中式按摩拔罐刮痧精油按摩",25.044552988859,121.508102976488
"2903","曼谷皇族SPA養生按摩館 Bangkok Royale Massage Lounge","337台灣桃園市大園區領航北路四段352-2號","全身按摩半身按摩腳底按摩肩頸按摩背部按摩指壓油壓泰式按摩泰式古法休閒舒壓經絡按摩精油按摩局部護理足湯泰式SPA被動式瑜伽",25.022856013394,121.221265029731
"2904","來來按摩 – 三重自強店","241台灣新北市三重區自強路一段194號","全身按摩半身按摩腳底按摩肩頸按摩背部按摩指壓中式按摩經絡按摩中式推拿",25.06637498041,121.494740965541
"2905","來來按摩 – 三重國小店","241台灣新北市三重區三和路三段17號","全身按摩半身按摩腳底按摩肩頸按摩背部按摩指壓中式按摩經絡按摩中式推拿",25.070982009671,121.49630796234
"2906","來來按摩 – 蘆洲長安店","247台灣新北市蘆洲區長安街116號","全身按摩半身按摩腳底按摩肩頸按摩背部按摩指壓中式按摩經絡按摩中式推拿",25.081663990897,121.460773973475
"2907","然SPA男女養生會所","10491台灣台北市中山區錦西街4之5號2樓之3","全身按摩背部按摩指壓油壓中式按摩精油按摩",25.060153009864,121.522153979876
"2908","凱旋門精品會館","10491台灣台北市中山區民生東路三段53號","全身按摩腳底按摩肩頸按摩背部按摩指壓油壓中式按摩拔罐刮痧精油按摩修腳皮足湯",25.058012984254,121.540811006697
"2909","安瀾橋養生館","202台灣基隆市中正區中正路179號1樓","全身按摩腳底按摩肩頸按摩指壓油壓中式按摩經絡按摩中式推拿拔罐刮痧精油按摩修腳皮足湯",25.142457012619,121.7606120006
"2910","柬埔寨風情SPA養生館","105台灣台北市松山區八德路四段610號","全身按摩腳底按摩肩頸按摩背部按摩指壓油壓泰式按摩泰式古法越式按摩中式按摩休閒舒壓經絡按摩中式推拿精油按摩局部護理修腳皮足湯芳療SPA泰式SPA被動式瑜伽踩背",25.049778015842,121.573347040253
"2911","來來按摩 – 蘆洲中正店","247台灣新北市蘆洲區中正路26號","全身按摩半身按摩腳底按摩肩頸按摩背部按摩指壓中式按摩經絡按摩中式推拿",25.082280312237,121.471339613884
"2912","來來按摩 – 蘆洲民族店","247台灣新北市蘆洲區民族路98號","全身按摩半身按摩腳底按摩肩頸按摩背部按摩指壓中式按摩經絡按摩中式推拿",25.085094997233,121.478199028167
"2913","來來按摩 – 三和店","241台灣新北市三重區三和路四段165-4號","全身按摩半身按摩腳底按摩肩頸按摩背部按摩指壓中式按摩經絡按摩中式推拿",25.078747004773,121.483235965242
"2914","宏仁堂足體養生龍門店","241台灣新北市三重區龍門路237號","全身按摩腳底按摩肩頸按摩指壓油壓中式按摩經絡按摩中式推拿拔罐刮痧精油按摩足湯",25.073860019945,121.50199198234
"2915","恆仁堂健康足體養生中心 仁愛店","241台灣新北市三重區仁愛街697號","全身按摩腳底按摩肩頸按摩指壓油壓中式按摩經絡按摩中式推拿拔罐刮痧精油按摩局部護理",25.080820017066,121.483041002174
"2916","大稻城養生館","103台灣台北市大同區延平北路二段137號1樓、2樓","全身按摩半身按摩腳底按摩肩頸按摩背部按摩指壓油壓中式按摩拔罐刮痧精油按摩",25.057723515228,121.511625638936
"2917","足工場 Body & Foot Massage","10491台灣台北市中山區堤頂大道二段500號","全身按摩腳底按摩肩頸按摩指壓油壓拔罐刮痧精油按摩修凍甲修腳皮",25.083085016852,121.561174002272
"2918","森SPA足體養生館","10491台灣台北市中山區林森北路263號3樓","全身按摩腳底按摩肩頸按摩指壓油壓泰式按摩東方指壓中式按摩拔罐刮痧精油按摩熱石按摩修凍甲修腳皮",25.054598615996,121.52555753548
"2919","泰谷養身會館The Garden Spa","235台灣新北市中和區民樂路81號","全身按摩腳底按摩肩頸按摩背部按摩指壓油壓泰式按摩泰式古法日式按摩中式按摩休閒舒壓經絡按摩中式推拿刮痧精油按摩臉部護膚孕婦按摩修腳皮足湯泰式SPA薰香耳燭掏耳朵被動式瑜伽全身去角質踩背",25.001385014039,121.48444899427
"2920","泰舒活泰式SPA養生會館(東湖)","114台灣台北市內湖區東湖路113巷5弄7號","全身按摩腳底按摩肩頸按摩指壓油壓泰式按摩泰式古法精油按摩足湯泰式SPA被動式瑜伽",25.0692255338,121.614646228512
"2921","皇家東方泰 – 榮星會館 Royal Thai Oriental Massage & SPA","10491台灣台北市中山區龍江路333號","全身按摩腳底按摩肩頸按摩背部按摩指壓油壓泰式按摩泰式古法精油按摩修腳皮足湯泰式SPA被動式瑜伽",25.063044012088,121.54106699002
"2922","皇家東方泰 – 忠孝會館 Royal Thai Oriental Massage & SPA","106台灣台北市大安區忠孝東路4段208號6樓","全身按摩腳底按摩肩頸按摩背部按摩指壓油壓泰式按摩泰式古法精油按摩修腳皮足湯泰式SPA被動式瑜伽",25.041226001941,121.552451039456
"2923","金礦928頂級足體舒壓 Goldmine 928 Massage Center","407台灣台中市西屯區市政路567號","全身按摩腳底按摩肩頸按摩指壓油壓中式按摩休閒舒壓經絡按摩中式推拿拔罐刮痧精油按摩芳香按摩局部護理修凍甲修腳皮足湯芳療SPA",24.160521791391,120.635351389942
"2924","Villa Life 采禾莊園 SPA","10491台灣台北市中山區民權東路一段1號","全身按摩腳底按摩指壓油壓泰式按摩泰式古法東方指壓芳香療法按摩精油按摩芳香按摩足湯",25.062964006822,121.522926036978
"2925","伊通村日式整体院 – 站前店 Mura Body Massage Balance","100台灣台北市中正區南陽街21號2樓(捷運台大醫院站4號出口)","全身按摩腳底按摩指壓油壓東方指壓日式按摩精油按摩",25.044075010831,121.516161002925
"2926","伊通村日式整体院 – 伊通店 Mura Body Massage Balance","104台灣台北市中山區伊通街109-2號3樓 (捷運松江南京站/四平商圈)","全身按摩腳底按摩指壓油壓東方指壓日式按摩精油按摩",25.053525019928,121.534977034449
"2927","指舞春秋足體養生 – 小春秋內湖店 Dancing Finger Massage","114台灣台北市內湖區行善路289-2號","全身按摩腳底按摩肩頸按摩背部按摩指壓油壓拔罐刮痧精油按摩修凍甲修腳皮",25.061631996679,121.584205041446
"2928","指舞春秋足體養生 – 小春秋天母店 Dancing Finger Massage","111台灣台北市士林區天母東路51號","全身按摩腳底按摩肩頸按摩背部按摩指壓油壓拔罐刮痧精油按摩修凍甲修腳皮",25.118231007419,121.533025978847
"2929","指舞春秋足體養生 – 小春秋永和店 Dancing Finger Massage","234台灣新北市永和區中正路101號2樓","全身按摩腳底按摩肩頸按摩背部按摩指壓油壓拔罐刮痧精油按摩修凍甲修腳皮",24.997461989986,121.51548097912
"2930","指舞春秋足體養生 – 小春秋民生店 Dancing Finger Massage","105台灣台北市松山區民生東路五段39號","全身按摩腳底按摩肩頸按摩背部按摩指壓油壓拔罐刮痧精油按摩修凍甲修腳皮",25.058607009732,121.55707600599
"2931","指舞春秋足體養生 – 士林2館 Dancing Finger Massage","111台灣台北市士林區文林路63號","全身按摩腳底按摩肩頸按摩背部按摩指壓油壓拔罐刮痧精油按摩修凍甲修腳皮",25.087253002025,121.525712013955
"2932","指舞春秋足體養生 – 士林會館 Dancing Finger Massage","111台灣台北市士林區文林路69號","全身按摩腳底按摩肩頸按摩背部按摩拔罐刮痧精油按摩修凍甲修腳皮",25.08736599008,121.52576096427
"2933","指舞春秋足體養生 – 中和會館 Dancing Finger Massage","235台灣新北市中和區中山路三段122號(中和環球購物中心2F【萬岳旁邊 】)","全身按摩腳底按摩肩頸按摩背部按摩指壓油壓拔罐刮痧精油按摩芳香按摩修凍甲修腳皮",25.007253,121.474792
"2934","指舞春秋足體養生 – 板橋會館 Dancing Finger Massage","220台灣新北市板橋區縣民大道二段7號 – 板橋環球購物中心2F（板橋火車站）","全身按摩腳底按摩肩頸按摩背部按摩指壓油壓拔罐刮痧精油按摩",25.014114,121.463189
"2935","指舞春秋足體養生 – 通化會館 Dancing Finger Massage","106台灣台北市大安區通化街38巷16號","全身按摩腳底按摩肩頸按摩指壓油壓拔罐刮痧",25.030660990174,121.553664990493
"2936","指舞春秋足體養生 – 安和2館 Dancing Finger Massage","106台灣台北市大安區安和路二段25號","全身按摩腳底按摩肩頸按摩背部按摩指壓油壓拔罐刮痧精油按摩修凍甲修腳皮",25.032015002813,121.552661006131
"2937","指舞春秋足體養生 – 安和會館 Dancing Finger Massage","106台灣台北市大安區安和路二段37號","全身按摩腳底按摩肩頸按摩背部按摩指壓油壓經絡按摩中式推拿拔罐刮痧精油按摩修凍甲修腳皮",25.031634003404,121.552595962562
"2938","梅庭苑沐心SPA會館 Mei Ting Thai SPA","105台灣台北市松山區復興北路305號","全身按摩腳底按摩背部按摩指壓油壓泰式按摩泰式古法芳香療法按摩精油按摩芳香按摩孕婦按摩泰式SPA被動式瑜伽",25.058420302839,121.544410531197
"2939","泰晶殿皇家養身 高雄 左營會館 – Royal Thai Massage","813台灣高雄市左營區明華一路213號","全身按摩腳底按摩肩頸按摩背部按摩指壓油壓泰式按摩泰式古法精油按摩修腳皮足湯泰式SPA被動式瑜伽",22.662674017559,120.305859027573
"2940","泰晶殿皇家養身 台南 悠比泰安平會館 – Royal Thai Massage","708台灣台南市安平區府前四街126號","全身按摩腳底按摩肩頸按摩背部按摩指壓油壓泰式按摩泰式古法精油按摩修腳皮足湯泰式SPA被動式瑜伽",22.995816992128,120.185247967106
"2941","泰晶殿皇家養身 台南 中華會館 – Royal Thai Massage","701台灣台南市東區中華東路三段172號","全身按摩腳底按摩肩頸按摩背部按摩指壓油壓泰式按摩泰式古法精油按摩修腳皮足湯泰式SPA被動式瑜伽",22.976709018916,120.22610597323
"2942","泰晶殿皇家養身 大業會館 – Royal Thai Massage","408台灣台中市南屯區大業路375號","全身按摩腳底按摩肩頸按摩背部按摩指壓油壓泰式按摩泰式古法精油按摩修腳皮足湯泰式SPA被動式瑜伽",24.153431707133,120.645525008741
"2943","泰晶殿皇家養身 台中 北屯朵蘭會館 – Royal Thai Massage","406台灣台中市北屯區北屯路366號","全身按摩腳底按摩肩頸按摩背部按摩指壓油壓泰式按摩泰式古法精油按摩修腳皮足湯泰式SPA被動式瑜伽",24.175449499942,120.699595073564
"2944","泰晶殿皇家養身 台中 公益會館 – Royal Thai Massage","408台灣台中市南屯區公益路二段241號","全身按摩腳底按摩肩頸按摩背部按摩指壓油壓泰式按摩泰式古法精油按摩修腳皮足湯泰式SPA被動式瑜伽",24.150672803703,120.644591516184
"2945","泰晶殿皇家養身 台中 三民會館 – Royal Thai Massage","404台灣台中市北區三民路三段10號","全身按摩腳底按摩肩頸按摩背部按摩指壓油壓泰式按摩泰式古法休閒舒壓經絡按摩精油按摩修腳皮足湯芳療SPA泰式SPA被動式瑜伽踩背",24.146175619283,120.682828165909
"2946","泰晶殿皇家養身 台中 文心會館 – Royal Thai Massage","408台灣台中市南屯區文心路一段46-3號","全身按摩腳底按摩肩頸按摩背部按摩指壓油壓泰式按摩泰式古法精油按摩修腳皮足湯泰式SPA被動式瑜伽",24.138265491528,120.64683049016
"2947","泰晶殿皇家養身 台中 大墩會館 – Royal Thai Massage","407台灣台中市西屯區大墩路987號","全身按摩腳底按摩肩頸按摩背部按摩指壓油壓泰式按摩泰式古法精油按摩修腳皮足湯泰式SPA被動式瑜伽",24.160126794204,120.652482407471
"2948","泰晶殿皇家養身桃園 中正SPA會館 – Royal Thai Massage","330台灣桃園市桃園區同德二街131號3樓","全身按摩腳底按摩肩頸按摩背部按摩指壓油壓泰式按摩泰式古法精油按摩修腳皮泰式SPA被動式瑜伽",25.010488808626,121.301072734083
"2949","泰晶殿皇家養身 八德會館 – Royal Thai Massage","10491台灣台北市中山區八德路二段192號","全身按摩腳底按摩肩頸按摩背部按摩指壓油壓泰式按摩泰式古法精油按摩修腳皮泰式SPA被動式瑜伽",25.046262017007,121.538700024383
"2950","泰晶殿皇家養身 安和會館 –  Royal Thai Massage","106台灣台北市大安區安和路二段102號","全身按摩腳底按摩肩頸按摩背部按摩指壓油壓泰式按摩泰式古法精油按摩修腳皮足湯泰式SPA被動式瑜伽",25.028366486089,121.549544279254
"2951","唐宋沐足舒壓 The Oriental Massage SPA Center","106台灣台北市大安區建國南路一段352號1F","全身按摩腳底按摩指壓油壓東方指壓經絡按摩中式推拿拔罐刮痧修凍甲修腳皮足湯",25.034079004561,121.537435027555
"2952","O2 氧森按摩會館 O2 Yang Seng","108台灣台北市萬華區西寧南路129號2樓","全身按摩腳底按摩指壓油壓芳香療法按摩精油按摩",25.044280996101,121.506521981911
"2953","一級棒養生館","10491台灣台北市中山區林森北路159巷2號","全身按摩腳底按摩指壓油壓精油按摩修腳皮足湯",25.051684982633,121.525461981783
"2954","六心足體養生館","10491台灣台北市中山區龍江路250號","全身按摩半身按摩腳底按摩肩頸按摩背部按摩指壓油壓中式按摩休閒舒壓經絡按摩中式推拿精油按摩局部護理修凍甲修腳皮足湯",25.059316998841,121.540586036416
"2955","泰心禾泰式按摩-港墘店","114台灣台北市內湖區港墘路103號","全身按摩腳底按摩肩頸按摩背部按摩指壓油壓泰式按摩泰式古法休閒舒壓經絡按摩精油按摩足湯芳療SPA泰式SPA被動式瑜伽踩背",25.080185004082,121.577691967402
"2956","泰心泰式生活館 Taisin SPA – 松山館","110台灣台北市信義區413 永吉路","全身按摩腳底按摩肩頸按摩背部按摩指壓油壓泰式按摩泰式古法熱油按摩休閒舒壓經絡按摩精油按摩局部護理足湯芳療SPA泰式SPA被動式瑜伽全身去角質踩背",25.045631991255,121.577258036275
"2957","足旅養生行館 – 中壢館","320台灣桃園市中壢區健行路8號","全身按摩腳底按摩頸胸按摩指壓油壓中式推拿拔罐刮痧精油按摩芳香按摩修凍甲修腳皮足湯",24.951981992904,121.226259973471
"2958","足旅養生行館 – 林森店","10491台灣台北市中山區林森北路89號","全身按摩腳底按摩頸胸按摩指壓油壓中式推拿拔罐刮痧精油按摩芳香按摩修凍甲修腳皮足湯",25.049920005281,121.52494196851
"2959","足天地養生會館 Zu Tiandi Foot Massage and Body Massage","106台灣台北市大安區永康街15號芒果冰館B1","全身按摩腳底按摩指壓油壓中式推拿拔罐刮痧精油按摩修凍甲修腳皮足湯",25.032473995831,121.529835994136
"2960","青和泰信義會館 Thai SPA","110台灣台北市信義區信義路五段126號B1","全身按摩腳底按摩肩頸按摩背部按摩指壓油壓泰式按摩泰式古法精油按摩水療SPA泰式SPA被動式瑜伽",25.032678396307,121.568943957253
"2961","Bonjomay 彭村梅 SPA – 天母店","111台灣台北市士林區天母東路61巷6號","全身按摩腳底按摩肩頸按摩頸胸按摩指壓油壓東方指壓精油按摩足湯水療SPA温泉SPA太空艙岩盤浴",25.118209454644,121.533949774485
"2962","Bonjomay 彭村梅 SPA – 大直店","10491台灣台北市中山區樂群二路309號","全身按摩腳底按摩肩頸按摩頸胸按摩指壓油壓東方指壓精油按摩足湯水療SPA温泉SPA太空艙岩盤浴",25.080402011555,121.561936001089
"2963","樂活足體按摩館Lohas","10491台灣台北市中山區長春路321號","全身按摩腳底按摩肩頸按摩指壓油壓足湯",25.054716381736,121.543166824404
"2964","竹之坊養身會館","106台灣台北市大安區復興南路一段107巷40號","全身按摩半身按摩腳底按摩肩頸按摩指壓油壓拔罐刮痧修凍甲修腳皮",25.043481991181,121.546002003153
"2965","青崧養身會館 Qingsong Foot Massage","10491台灣台北市中山區長安東路一段61號","全身按摩腳底按摩肩頸按摩背部按摩指壓油壓拔罐刮痧精油按摩修凍甲修腳皮足湯",25.048694990132,121.527107014101
"2966","皇廷莊園仁愛店","106台灣台北市大安區仁愛路四段27巷26號","全身按摩半身按摩腳底按摩肩頸按摩指壓油壓中式按摩休閒舒壓經絡按摩中式推拿拔罐刮痧精油按摩修凍甲修腳皮足湯芳療SPA泰式SPA被動式瑜伽",25.040510019772,121.545099020724
"2967","皇廷莊園南西店","103台灣台北市大同區南京西路129號","全身按摩半身按摩腳底按摩肩頸按摩指壓油壓中式按摩休閒舒壓經絡按摩中式推拿拔罐刮痧精油按摩修凍甲修腳皮足湯芳療SPA泰式SPA被動式瑜伽",25.054150980457,121.514164014493
"2968","皇廷莊園長春店","10491台灣台北市中山區長春路154-4號","全身按摩半身按摩腳底按摩肩頸按摩指壓油壓中式按摩休閒舒壓經絡按摩中式推拿拔罐刮痧精油按摩修凍甲修腳皮足湯芳療SPA泰式SPA被動式瑜伽",25.0547030126,121.531973798541
"2969","皇廷足御養生會館 – 大安店 King Palace Foot Massage Center","106台灣台北市大安區大安路一段84巷11號","全身按摩半身按摩腳底按摩肩頸按摩指壓油壓中式按摩休閒舒壓經絡按摩中式推拿拔罐刮痧精油按摩修凍甲修腳皮足湯芳療SPA泰式SPA被動式瑜伽",25.04105299946,121.545438990717
"2970","東方量子SPA Oriental Quantum SPA","110台灣台北市信義區仁愛路四段520號","全身按摩腳底按摩肩頸按摩背部按摩指壓油壓東方指壓能量按摩中式推拿精油按摩臉部護膚修凍甲",25.037264002039,121.561667780188
"2971","Villa.like 悅禾莊園 -南京會館","105台灣台北市松山區南京東路四段186號2樓","全身按摩腳底按摩肩頸按摩背部按摩指壓油壓泰式按摩泰式古法東方指壓芳香療法按摩臉部護膚孕婦按摩泰式SPA被動式瑜伽",25.051358381776,121.55747942699
"2972","Villa.like 悅禾莊園 -安和會館","106台灣台北市大安區安和路二段171巷9號","全身按摩腳底按摩肩頸按摩背部按摩指壓油壓泰式按摩泰式古法東方指壓芳香療法按摩臉部護膚孕婦按摩泰式SPA被動式瑜伽",25.028113981256,121.550446004397
"2973","Villa.like 悅禾莊園Spa -中山會館","10491台灣台北市中山區中山北路一段97號","全身按摩腳底按摩肩頸按摩背部按摩指壓油壓泰式按摩泰式古法東方指壓芳香療法按摩臉部護膚孕婦按摩泰式SPA被動式瑜伽",25.050735983556,121.522280965709
"2974","Villa.like 悅禾莊園Spa -仁愛二館","106台灣台北市大安區復興南路一段211號","全身按摩腳底按摩肩頸按摩背部按摩指壓油壓泰式按摩泰式古法東方指壓芳香療法按摩臉部護膚孕婦按摩泰式SPA被動式瑜伽",25.039317987412,121.543978024993
"2975","Villa.like 悅禾莊園Spa -仁愛會館","106台灣台北市大安區仁愛路四段27巷6號","全身按摩腳底按摩肩頸按摩背部按摩指壓油壓泰式按摩泰式古法東方指壓芳香療法按摩臉部護膚孕婦按摩泰式SPA被動式瑜伽",25.03881000217,121.545038000469
"2976","再春舘(館)專業按摩－サイシュンカン－재춘관－TsayChuenKuan","10491台灣台北市中山區南京東路二段8號2樓","全身按摩腳底按摩肩頸按摩背部按摩",25.051889501071,121.528369328719
"2977","馥蘭朵烏來Dasha SPA","233台灣新北市烏來區新烏路五段176號","全身按摩半身按摩腳底按摩肩頸按摩背部按摩指壓油壓歐式按摩中式按摩芳香療法按摩放鬆按摩休閒舒壓經絡按摩中式推拿精油按摩芳香按摩足湯水療SPA芳療SPA温泉SPA歐式SPA",24.869788002628,121.54739599747
"2978","A’Chron艾珂菈【台北101旗艦店】法系精油·空中SPA","110台灣台北市信義區信義路五段7號35樓D室 (台北101金融大樓)","全身按摩腳底按摩背部按摩油壓歐式按摩芳香療法按摩深層組織按摩放鬆按摩經絡按摩精油按摩芳香按摩局部護理臉部護膚孕婦按摩歐式SPA",25.0345359,121.5644923
"2979","Sparadise水天堂","106台灣台北市大安區台北市大安區新生南路一段133巷14號","全身按摩腳底按摩背部按摩指壓油壓東方指壓日式按摩中式按摩放鬆按摩休閒舒壓經絡按摩中式推拿精油按摩東方易筋芳療SPA",25.037288016191,121.533979001238
"2980","易境東方養身I-Ching Massage","106台灣台北市大安區光復南路346巷46號","全身按摩腳底按摩肩頸按摩背部按摩指壓油壓泰式按摩泰式古法中式按摩經絡按摩中式推拿拔罐刮痧精油按摩修腳皮被動式瑜伽",25.038528998866,121.556246029938
"2981","金色漫都足體養生館","10491台灣台北市中山區中山北路一段105巷7-1號","全身按摩腳底按摩肩頸按摩背部按摩指壓油壓中式按摩經絡按摩中式推拿拔罐刮痧精油按摩臉部護膚修凍甲修腳皮足湯全身去角質",25.05090701629,121.522894018108
"2982","江南莊園健康舘","10491台灣台北市中山區龍江路118號","全身按摩腳底按摩肩頸按摩背部按摩指壓油壓中式按摩經絡按摩中式推拿拔罐刮痧精油按摩修凍甲修腳皮足湯掏耳朵",25.053260612792,121.540367604019
"2983","椰子樹足體養生館","10491台灣台北市中山區天津街59號","全身按摩半身按摩肩頸按摩背部按摩指壓油壓泰式按摩越式按摩台式按摩中式按摩休閒舒壓經絡按摩中式推拿刮痧精油按摩局部護理芳療SPA泰式SPA被動式瑜伽踩背",25.051251009596,121.523430040816
"2984","大快樂足體養生館マッサージ、Massage、마사지","10491台灣台北市中山區民生東路2段10號1樓","全身按摩腳底按摩肩頸按摩指壓油壓中式按摩經絡按摩中式推拿拔罐刮痧精油按摩修凍甲修腳皮足湯",25.057863995925,121.52813899402
"2985","大台北足體養身館 Taipei City Massage","10491台灣台北市中山區台北市台北市中山北路2段77巷26號","全身按摩肩頸按摩背部按摩指壓油壓泰式按摩越式按摩台式按摩中式按摩休閒舒壓經絡按摩中式推拿刮痧精油按摩局部護理芳療SPA泰式SPA被動式瑜伽",25.057357016512,121.525194012339
"2986","佑侑SPA養身館(舊京皇)","10491台灣台北市中山區吉林路206號","全身按摩腳底按摩肩頸按摩指壓油壓中式按摩經絡按摩中式推拿精油按摩足湯",25.058661282556,121.530008158428
"2987","手足情深足體養生館","10491台灣台北市中山區南京東路二段188號","全身按摩半身按摩腳底按摩肩頸按摩背部按摩指壓油壓東方指壓台式按摩中式按摩休閒舒壓經絡按摩中式推拿精油按摩芳療SPA",25.051827600716,121.53536913988
"2988","永大國際會館","10491台灣台北市中山區臺北市中山區民生東路2段30號","全身按摩半身按摩肩頸按摩背部按摩指壓油壓泰式按摩越式按摩台式按摩中式按摩芳香療法按摩休閒舒壓經絡按摩中式推拿刮痧精油按摩芳香按摩局部護理臉部護膚孕婦按摩芳療SPA泰式SPA被動式瑜伽踩背",25.057860014521,121.528708963435
"2989","涵水生活健康會館","10491台灣台北市中山區臺北市中山區錦西街28號2樓","全身按摩",25.060236996533,121.520899041333
"2990","斐然美體按摩工作室","10491台灣台北市中山區臺北市中山區錦西街4之5號2樓之3","半身按摩",25.060153009864,121.522153979876
"2991","足輕亭舒壓養生館","241台灣新北市三重區長榮路13號1樓","腳底按摩",25.068473012684,121.500477959169
"2992","芭達雅泰式養生會館","241台灣新北市三重區正義北路366-2號","肩頸按摩",25.071306012138,121.493698089148
"2993","Relax 33 莊園 五感按摩空間 Massage SPA & Lounge","10491台灣台北市中山區中山北路二段2號11樓","頸胸按摩",25.05256998588,121.522356989571
"2994","滿憶亭養生會館Taipei Massage、タイペイ マッサージ、타이페이 마사지","100台灣台北市中正區武昌街一段8 號","背部按摩",25.044023457763,121.513671366588
"2995","太都足體養生館 たいとマッサージ TAITO MASSAGE","10491台灣台北市中山區林森北路310巷17號2樓","指壓",25.056338992462,121.524863010982
"2996","泰媚美學館","10491台灣台北市中山區林森北路131號","中式按摩",25.050995990192,121.525227959047
