{
"type": "FeatureCollection",
"name": "massage10",
"crs": { "type": "name", "properties": { "name": "urn:ogc:def:crs:OGC:1.3:CRS84" } },
"features": [
{ "type": "Feature", "properties": { "名稱": "天堂SPA按摩", "地址": "108台灣台北市萬華區昆明街91號2樓", "img_url": "https://x.com/iformosa_com/status/1974423211547967875", "img_url2": "https://x.com/iformosa_com/status/1833495352428925215", "img_url3": "https://x.com/iformosa_com/status/1829733092376133671", "img_url4": null, "img_url5": null, "服務": "養生會館", "original_row_id": 1, "latitude": 25.04256401, "longitude": 121.504853, "url": "https://www.google.com/maps/@?api=1&map_action=pano&viewpoint=25.042564005145,121.504852977351&heading=207&pitch=10&fov=62" }, "geometry": { "type": "Point", "coordinates": [ 121.504853, 25.04256401 ] } },
{ "type": "Feature", "properties": { "名稱": "大腳丫丫足體SPA館", "地址": "880台灣澎湖縣馬公市臨海路7-3號", "img_url": null, "img_url2": "https://x.com/iformosa_com/status/1829818111283118502", "img_url3": "https://x.com/iformosa_com/status/1832250102557372684", "img_url4": null, "img_url5": null, "服務": "養生會館", "original_row_id": 2, "latitude": 23.56366499, "longitude": 119.56783, "url": "https://www.google.com/maps/@?api=1&map_action=pano&viewpoint=23.563664990274,119.567830022223&heading=207&pitch=10&fov=62" }, "geometry": { "type": "Point", "coordinates": [ 119.56783, 23.56366499 ] } },
{ "type": "Feature", "properties": { "名稱": "朵朵男女SPA養生館", "地址": "900台灣屏東縣屏東市中正路515號", "img_url": null, "img_url2": "https://x.com/iformosa_com/status/1974328818862276872", "img_url3": "https://x.com/iformosa_com/status/1974328888684925067", "img_url4": "https://x.com/iformosa_com/status/1974328934398570618", "img_url5": "https://x.com/iformosa_com/status/1832262522159952112", "服務": "養生會館", "original_row_id": 3, "latitude": 22.69097602, "longitude": 120.50054, "url": "https://www.google.com/maps/@?api=1&map_action=pano&viewpoint=22.690976016545,120.500539960573&heading=207&pitch=10&fov=62" }, "geometry": { "type": "Point", "coordinates": [ 120.50054, 22.69097602 ] } },
{ "type": "Feature", "properties": { "名稱": "123舒壓SPA館", "地址": "928台灣屏東縣東港鎮中正路二段321號", "img_url": "https://x.com/iformosa_com/status/1974145862147453266", "img_url2": "https://x.com/iformosa_com/status/1829877983647289756", "img_url3": null, "img_url4": null, "img_url5": null, "服務": "養生會館", "original_row_id": 4, "latitude": 22.46494501, "longitude": 120.448972, "url": "https://www.google.com/maps/@?api=1&map_action=pano&viewpoint=22.464945005469,120.448971977666&heading=207&pitch=10&fov=62" }, "geometry": { "type": "Point", "coordinates": [ 120.448972, 22.46494501 ] } },
{ "type": "Feature", "properties": { "名稱": "悅式舒緩按摩", "地址": "900台灣屏東縣屏東市建國路185-3號", "img_url": null, "img_url2": "https://x.com/iformosa_com/status/1833516619324395992", "img_url3": null, "img_url4": null, "img_url5": null, "服務": "養生會館", "original_row_id": 5, "latitude": 22.66392598, "longitude": 120.471527, "url": "https://www.google.com/maps/@?api=1&map_action=pano&viewpoint=22.663925980527,120.471527008559&heading=207&pitch=10&fov=62" }, "geometry": { "type": "Point", "coordinates": [ 120.471527, 22.66392598 ] } },
{ "type": "Feature", "properties": { "名稱": "越華SPA養生館", "地址": "928台灣屏東縣東港鎮水源路155號", "img_url": "https://x.com/iformosa_com/status/1973802866151465024", "img_url2": "https://x.com/iformosa_com/status/1833521581341217115", "img_url3": null, "img_url4": null, "img_url5": null, "服務": "養生會館", "original_row_id": 6, "latitude": 22.466878, "longitude": 120.459928, "url": "https://www.google.com/maps/@?api=1&map_action=pano&viewpoint=22.46687799807,120.459927963307&heading=207&pitch=10&fov=62" }, "geometry": { "type": "Point", "coordinates": [ 120.459928, 22.466878 ] } },
{ "type": "Feature", "properties": { "名稱": "甜心SPA會館", "地址": "913台灣屏東縣萬丹鄉丹榮路693號", "img_url": "https://x.com/iformosa_com/status/1973775834319400994", "img_url2": "https://x.com/iformosa_com/status/1833524751085801719", "img_url3": "https://x.com/iformosa_com/status/1830516439524233312", "img_url4": "https://x.com/iformosa_com/status/1830516510735102234", "img_url5": null, "服務": "養生會館", "original_row_id": 7, "latitude": 22.59069799, "longitude": 120.492245, "url": "https://www.google.com/maps/@?api=1&map_action=pano&viewpoint=22.590697986349,120.492244977733&heading=207&pitch=10&fov=62" }, "geometry": { "type": "Point", "coordinates": [ 120.492245, 22.59069799 ] } },
{ "type": "Feature", "properties": { "名稱": "綵締泰式桑拿養生館", "地址": "900台灣屏東縣屏東市和平路190號", "img_url": "https://x.com/iformosa_com/status/1973681007250542872", "img_url2": "https://x.com/iformosa_com/status/1833550318015250912", "img_url3": null, "img_url4": null, "img_url5": null, "服務": "養生會館", "original_row_id": 8, "latitude": 22.67087102, "longitude": 120.478551, "url": "https://www.google.com/maps/@?api=1&map_action=pano&viewpoint=22.670871015951,120.478550959601&heading=207&pitch=10&fov=62" }, "geometry": { "type": "Point", "coordinates": [ 120.478551, 22.67087102 ] } },
{ "type": "Feature", "properties": { "名稱": "慧凌泰式古法推拿", "地址": "90077台灣屏東縣屏東市和平路254號", "img_url": "https://x.com/iformosa_com/status/1973640882630042043", "img_url2": "https://x.com/iformosa_com/status/1833684213981430103", "img_url3": null, "img_url4": null, "img_url5": null, "服務": "養生會館", "original_row_id": 9, "latitude": 22.67259278, "longitude": 120.4783666, "url": "https://www.google.com/maps/@?api=1&map_action=pano&viewpoint=22.672592784591,120.478366641551&heading=207&pitch=10&fov=62" }, "geometry": { "type": "Point", "coordinates": [ 120.4783666, 22.67259278 ] } },
{ "type": "Feature", "properties": { "名稱": "雅竹SPA養生館", "地址": "928台灣屏東縣東港鎮興東路65-79號", "img_url": null, "img_url2": "https://x.com/iformosa_com/status/1833686415798128715", "img_url3": null, "img_url4": null, "img_url5": null, "服務": "養生會館", "original_row_id": 10, "latitude": 22.48072109, "longitude": 120.4668304, "url": "https://www.google.com/maps/@?api=1&map_action=pano&viewpoint=22.48072108835,120.466830376753&heading=207&pitch=10&fov=62" }, "geometry": { "type": "Point", "coordinates": [ 120.4668304, 22.48072109 ] } },
{ "type": "Feature", "properties": { "名稱": "海洋養生休閒會館", "地址": "928台灣屏東縣東港鎮和平街35號", "img_url": "https://x.com/iformosa_com/status/1973608051702898862", "img_url2": "https://x.com/iformosa_com/status/1833691419325972752", "img_url3": null, "img_url4": null, "img_url5": null, "服務": "養生會館", "original_row_id": 11, "latitude": 22.46568898, "longitude": 120.449563, "url": "https://www.google.com/maps/@?api=1&map_action=pano&viewpoint=22.465688983195,120.449562985659&heading=207&pitch=10&fov=62" }, "geometry": { "type": "Point", "coordinates": [ 120.449563, 22.46568898 ] } },
{ "type": "Feature", "properties": { "名稱": "蓁豐富養生館", "地址": "200台灣基隆市仁愛區愛一路43號4樓", "img_url": "https://x.com/iformosa_com/status/1973393099918598344", "img_url2": "https://x.com/iformosa_com/status/1833697482628587596", "img_url3": null, "img_url4": null, "img_url5": null, "服務": "養生會館", "original_row_id": 12, "latitude": 25.12993621, "longitude": 121.7419457, "url": "https://www.google.com/maps/@?api=1&map_action=pano&viewpoint=25.129936209475,121.741945669866&heading=207&pitch=10&fov=62" }, "geometry": { "type": "Point", "coordinates": [ 121.7419457, 25.12993621 ] } },
{ "type": "Feature", "properties": { "名稱": "壹加壹養生館", "地址": "200台灣基隆市仁愛區仁二路194號2樓", "img_url": "https://x.com/iformosa_com/status/1973311605988597926", "img_url2": "https://x.com/iformosa_com/status/1830979837181468994", "img_url3": null, "img_url4": null, "img_url5": null, "服務": "養生會館", "original_row_id": 13, "latitude": 25.128743, "longitude": 121.744991, "url": "https://www.google.com/maps/@?api=1&map_action=pano&viewpoint=25.128743003648,121.744990982928&heading=207&pitch=10&fov=62" }, "geometry": { "type": "Point", "coordinates": [ 121.744991, 25.128743 ] } },
{ "type": "Feature", "properties": { "名稱": "泰好中泰式養生館", "地址": "401台灣台中市東區精武東路98號", "img_url": "https://x.com/iformosa_com/status/1973282783813574754", "img_url2": "https://x.com/iformosa_com/status/1832362657879667167", "img_url3": null, "img_url4": null, "img_url5": null, "服務": "養生會館", "original_row_id": 14, "latitude": 24.14882339, "longitude": 120.7075514, "url": "https://www.google.com/maps/@?api=1&map_action=pano&viewpoint=24.148823388448,120.707551361666&heading=207&pitch=10&fov=62" }, "geometry": { "type": "Point", "coordinates": [ 120.7075514, 24.14882339 ] } },
{ "type": "Feature", "properties": { "名稱": "雅詩按摩館", "地址": "928台灣屏東縣東港鎮新興三街76號", "img_url": null, "img_url2": "https://x.com/iformosa_com/status/1832973269684883532", "img_url3": null, "img_url4": null, "img_url5": null, "服務": "養生會館 及 工作室", "original_row_id": 15, "latitude": 22.46699698, "longitude": 120.457382, "url": "https://www.google.com/maps/@?api=1&map_action=pano&viewpoint=22.466996979186,120.457381960218&heading=207&pitch=10&fov=62" }, "geometry": { "type": "Point", "coordinates": [ 120.457382, 22.46699698 ] } },
{ "type": "Feature", "properties": { "名稱": "泰好SPA養生館", "地址": "928台灣屏東縣東港鎮船頭路25-219號", "img_url": null, "img_url2": "https://x.com/iformosa_com/status/1833000735547773135", "img_url3": null, "img_url4": null, "img_url5": null, "服務": "養生會館", "original_row_id": 16, "latitude": 22.46194701, "longitude": 120.464122, "url": "https://www.google.com/maps/@?api=1&map_action=pano&viewpoint=22.461947008251,120.464122016199&heading=207&pitch=10&fov=62" }, "geometry": { "type": "Point", "coordinates": [ 120.464122, 22.46194701 ] } },
{ "type": "Feature", "properties": { "名稱": "美體男女SPA芳療館", "地址": "928台灣屏東縣東港鎮船頭路25-268號", "img_url": "https://x.com/iformosa_com/status/1972290345376559113", "img_url2": "https://x.com/iformosa_com/status/1837508325220688104", "img_url3": null, "img_url4": null, "img_url5": null, "服務": "養生會館", "original_row_id": 17, "latitude": 22.46188901, "longitude": 120.46627, "url": "https://www.google.com/maps/@?api=1&map_action=pano&viewpoint=22.461889005481,120.466269962707&heading=207&pitch=10&fov=62" }, "geometry": { "type": "Point", "coordinates": [ 120.46627, 22.46188901 ] } },
{ "type": "Feature", "properties": { "名稱": "曼谷生活館", "地址": "950台灣台東縣台東市中華路二段806號", "img_url": "https://x.com/iformosa_com/status/1972247411155493232", "img_url2": "https://x.com/iformosa_com/status/1835149134749483430", "img_url3": null, "img_url4": null, "img_url5": null, "服務": "養生會館", "original_row_id": 18, "latitude": 22.738324, "longitude": 121.125673, "url": "https://www.google.com/maps/@?api=1&map_action=pano&viewpoint=22.738324004569,121.125673028233&heading=207&pitch=10&fov=62" }, "geometry": { "type": "Point", "coordinates": [ 121.125673, 22.738324 ] } },
{ "type": "Feature", "properties": { "名稱": "55泰百合泰式按摩", "地址": "326台灣桃園市楊梅區文化街131號", "img_url": "https://x.com/iformosa_com/status/1971625245103845603", "img_url2": "https://x.com/iformosa_com/status/1834788423624016328", "img_url3": null, "img_url4": null, "img_url5": null, "服務": "養生會館", "original_row_id": 20, "latitude": 24.91335751, "longitude": 121.1842275, "url": "https://www.google.com/maps/@?api=1&map_action=pano&viewpoint=24.913357512519,121.184227495074&heading=207&pitch=10&fov=62" }, "geometry": { "type": "Point", "coordinates": [ 121.1842275, 24.91335751 ] } },
{ "type": "Feature", "properties": { "名稱": "唐藝SPA", "地址": "950台灣台東縣台東市中華路一段651號", "img_url": "https://x.com/iformosa_com/status/1971500902671695889", "img_url2": "https://x.com/iformosa_com/status/1837735779550089406", "img_url3": null, "img_url4": null, "img_url5": null, "服務": "養生會館", "original_row_id": 21, "latitude": 22.74927999, "longitude": 121.148349, "url": "https://www.google.com/maps/@?api=1&map_action=pano&viewpoint=22.74927999021,121.148349009989&heading=207&pitch=10&fov=62" }, "geometry": { "type": "Point", "coordinates": [ 121.148349, 22.74927999 ] } },
{ "type": "Feature", "properties": { "名稱": "復康男女養生館", "地址": "950台灣台東縣台東市正氣北路242號", "img_url": "https://x.com/iformosa_com/status/1971490177366577190", "img_url2": "https://x.com/iformosa_com/status/1837004348255261056", "img_url3": null, "img_url4": null, "img_url5": null, "服務": "養生會館", "original_row_id": 22, "latitude": 22.755537, "longitude": 121.138076, "url": "https://www.google.com/maps/@?api=1&map_action=pano&viewpoint=22.755536997111,121.138075981819&heading=207&pitch=10&fov=62" }, "geometry": { "type": "Point", "coordinates": [ 121.138076, 22.755537 ] } },
{ "type": "Feature", "properties": { "名稱": "雅方美容推拿", "地址": "830台灣高雄市鳳山區中山西路73號", "img_url": "https://x.com/iformosa_com/status/1971453160507277416", "img_url2": "https://x.com/iformosa_com/status/1834199662259294309", "img_url3": null, "img_url4": null, "img_url5": null, "服務": "養生會館", "original_row_id": 23, "latitude": 22.62653699, "longitude": 120.353146, "url": "https://www.google.com/maps/@?api=1&map_action=pano&viewpoint=22.62653699267,120.353146037251&heading=207&pitch=10&fov=62" }, "geometry": { "type": "Point", "coordinates": [ 120.353146, 22.62653699 ] } },
{ "type": "Feature", "properties": { "名稱": "名媛養生館", "地址": "830台灣高雄市鳳山區新富路98號", "img_url": null, "img_url2": "https://x.com/iformosa_com/status/1835933426249339315", "img_url3": "https://x.com/iformosa_com/status/1834237763639804107", "img_url4": "https://x.com/iformosa_com/status/1834237840852746495", "img_url5": null, "服務": "養生會館", "original_row_id": 24, "latitude": 22.61241101, "longitude": 120.335013, "url": "https://www.google.com/maps/@?api=1&map_action=pano&viewpoint=22.612411013158,120.335012963198&heading=207&pitch=10&fov=62" }, "geometry": { "type": "Point", "coordinates": [ 120.335013, 22.61241101 ] } },
{ "type": "Feature", "properties": { "名稱": "昀香美容坊", "地址": "830台灣高雄市鳳山區青年路一段352號", "img_url": null, "img_url2": "https://x.com/iformosa_com/status/1835169576457584899", "img_url3": null, "img_url4": null, "img_url5": null, "服務": "養生會館", "original_row_id": 25, "latitude": 22.62723001, "longitude": 120.349351, "url": "https://www.google.com/maps/@?api=1&map_action=pano&viewpoint=22.627230008425,120.349350962951&heading=207&pitch=10&fov=62" }, "geometry": { "type": "Point", "coordinates": [ 120.349351, 22.62723001 ] } },
{ "type": "Feature", "properties": { "名稱": "真伊養生館", "地址": "830台灣高雄市鳳山區鳳南路282號", "img_url": "https://x.com/iformosa_com/status/1971232573528604956", "img_url2": "https://x.com/iformosa_com/status/1836622108715335852", "img_url3": null, "img_url4": null, "img_url5": null, "服務": "養生會館", "original_row_id": 27, "latitude": 22.60237498, "longitude": 120.335096, "url": "https://www.google.com/maps/@?api=1&map_action=pano&viewpoint=22.602374983301,120.335096027858&heading=207&pitch=10&fov=62" }, "geometry": { "type": "Point", "coordinates": [ 120.335096, 22.60237498 ] } },
{ "type": "Feature", "properties": { "名稱": "緣緣養生館", "地址": "807台灣高雄市三民區民族一路529-3號", "img_url": null, "img_url2": "https://x.com/iformosa_com/status/1835951698961138050", "img_url3": null, "img_url4": null, "img_url5": null, "服務": "養生會館", "original_row_id": 28, "latitude": 22.66570998, "longitude": 120.316237, "url": "https://www.google.com/maps/@?api=1&map_action=pano&viewpoint=22.665709984799,120.316236997171&heading=207&pitch=10&fov=62" }, "geometry": { "type": "Point", "coordinates": [ 120.316237, 22.66570998 ] } },
{ "type": "Feature", "properties": { "名稱": "足漾足體館", "地址": "744台灣台南市新市區中華路148號", "img_url": "https://x.com/iformosa_com/status/1971144459137286294", "img_url2": "https://x.com/iformosa_com/status/1836644416410521728", "img_url3": null, "img_url4": null, "img_url5": null, "服務": "養生會館", "original_row_id": 30, "latitude": 23.06388789, "longitude": 120.2945488, "url": "https://www.google.com/maps/@?api=1&map_action=pano&viewpoint=23.063887894649,120.294548822704&heading=207&pitch=10&fov=62" }, "geometry": { "type": "Point", "coordinates": [ 120.2945488, 23.06388789 ] } },
{ "type": "Feature", "properties": { "名稱": "華薇推拿會館", "地址": "741台灣台南市善化區進學路986號", "img_url": "http://x.com/iformosa_com/status/1971136954134823391", "img_url2": "https://x.com/iformosa_com/status/1836702006519418998", "img_url3": null, "img_url4": null, "img_url5": null, "服務": "養生會館", "original_row_id": 31, "latitude": 23.1354571, "longitude": 120.2891491, "url": "https://www.google.com/maps/@?api=1&map_action=pano&viewpoint=23.135457101841,120.289149080228&heading=207&pitch=10&fov=62" }, "geometry": { "type": "Point", "coordinates": [ 120.2891491, 23.1354571 ] } },
{ "type": "Feature", "properties": { "名稱": "泰輕鬆泰式養生館", "地址": "722台灣台南市佳里區佳北路453號", "img_url": "https://x.com/iformosa_com/status/1971098711905509513", "img_url2": "https://x.com/iformosa_com/status/1836708995446485023", "img_url3": null, "img_url4": null, "img_url5": null, "服務": "養生會館", "original_row_id": 32, "latitude": 23.169881, "longitude": 120.171103, "url": "https://www.google.com/maps/@?api=1&map_action=pano&viewpoint=23.169880999797,120.171103002583&heading=207&pitch=10&fov=62" }, "geometry": { "type": "Point", "coordinates": [ 120.171103, 23.169881 ] } },
{ "type": "Feature", "properties": { "名稱": "樂樂養生館", "地址": "722台灣台南市佳里區佳東路345號", "img_url": "https://x.com/iformosa_com/status/1971088208990703921", "img_url2": "https://x.com/iformosa_com/status/1836009892483903899", "img_url3": null, "img_url4": null, "img_url5": null, "服務": "養生會館", "original_row_id": 33, "latitude": 23.16139998, "longitude": 120.182665, "url": "https://www.google.com/maps/@?api=1&map_action=pano&viewpoint=23.161399980616,120.182664999823&heading=207&pitch=10&fov=62" }, "geometry": { "type": "Point", "coordinates": [ 120.182665, 23.16139998 ] } },
{ "type": "Feature", "properties": { "名稱": "棋燐園養生館", "地址": "704台灣台南市北區北門路二段548號", "img_url": "https://x.com/iformosa_com/status/1970881323431866690", "img_url2": "https://x.com/iformosa_com/status/1836274640827879497", "img_url3": null, "img_url4": null, "img_url5": null, "服務": "養生會館", "original_row_id": 35, "latitude": 23.01015038, "longitude": 120.2162379, "url": "https://www.google.com/maps/@?api=1&map_action=pano&viewpoint=23.010150381834,120.216237874802&heading=207&pitch=10&fov=62" }, "geometry": { "type": "Point", "coordinates": [ 120.2162379, 23.01015038 ] } },
{ "type": "Feature", "properties": { "名稱": "活?健康美學", "地址": "704台灣台南市北區文成一路46號", "img_url": "https://x.com/iformosa_com/status/1970874017986105594", "img_url2": "https://x.com/iformosa_com/status/1836764015768588508", "img_url3": null, "img_url4": null, "img_url5": null, "服務": "養生會館", "original_row_id": 36, "latitude": 23.01386801, "longitude": 120.208347, "url": "https://www.google.com/maps/@?api=1&map_action=pano&viewpoint=23.01386800735,120.208346983515&heading=207&pitch=10&fov=62" }, "geometry": { "type": "Point", "coordinates": [ 120.208347, 23.01386801 ] } },
{ "type": "Feature", "properties": { "名稱": "搖搖泰式養生會館", "地址": "701台灣台南市東區仁東街85號", "img_url": "https://x.com/iformosa_com/status/1970805088420794541", "img_url2": null, "img_url3": null, "img_url4": null, "img_url5": null, "服務": "養生會館", "original_row_id": 37, "latitude": 22.97036899, "longitude": 120.236198, "url": "https://www.google.com/maps/@?api=1&map_action=pano&viewpoint=22.970368989264,120.23619803611&heading=207&pitch=10&fov=62" }, "geometry": { "type": "Point", "coordinates": [ 120.236198, 22.97036899 ] } },
{ "type": "Feature", "properties": { "名稱": "LOTUS SPA 越式養生洗頭", "地址": "710台灣台南市永康區永大路二段82號", "img_url": "https://x.com/iformosa_com/status/1970772258684887195", "img_url2": "https://x.com/iformosa_com/status/1836224829839806555", "img_url3": null, "img_url4": null, "img_url5": null, "服務": "洗頭按摩", "original_row_id": 38, "latitude": 23.00151472, "longitude": 120.260434, "url": "https://www.google.com/maps/@?api=1&map_action=pano&viewpoint=23.00151471654,120.260433973866&heading=207&pitch=10&fov=62" }, "geometry": { "type": "Point", "coordinates": [ 120.260434, 23.00151472 ] } },
{ "type": "Feature", "properties": { "名稱": "維也納SPA", "地址": "830台灣高雄市鳳山區五甲一路502號", "img_url": null, "img_url2": "https://x.com/iformosa_com/status/1836246780218130564", "img_url3": null, "img_url4": null, "img_url5": null, "服務": "養生會館", "original_row_id": 39, "latitude": 22.61234702, "longitude": 120.350214, "url": "https://www.google.com/maps/@?api=1&map_action=pano&viewpoint=22.612347017327,120.350213963701&heading=207&pitch=10&fov=62" }, "geometry": { "type": "Point", "coordinates": [ 120.350214, 22.61234702 ] } },
{ "type": "Feature", "properties": { "名稱": "愛琴海SPA養生會館(舊佳來)", "地址": "333台灣桃園市龜山區文化二路34巷14弄20號", "img_url": null, "img_url2": "https://x.com/iformosa_com/status/1838565287312134326", "img_url3": null, "img_url4": null, "img_url5": null, "服務": "養生會館", "original_row_id": 40, "latitude": 25.059483, "longitude": 121.364555, "url": "https://www.google.com/maps/@?api=1&map_action=pano&viewpoint=25.059483002433,121.36455500562&heading=207&pitch=10&fov=62" }, "geometry": { "type": "Point", "coordinates": [ 121.364555, 25.059483 ] } },
{ "type": "Feature", "properties": { "名稱": "星悅SPA健康養生館", "地址": "802台灣高雄市苓雅區建國一路74-30號", "img_url": "https://x.com/iformosa_com/status/1970148755463872931", "img_url2": "https://x.com/iformosa_com/status/1838600958328328521", "img_url3": null, "img_url4": null, "img_url5": null, "服務": "養生會館", "original_row_id": 41, "latitude": 22.63138898, "longitude": 120.3341, "url": "https://www.google.com/maps/@?api=1&map_action=pano&viewpoint=22.631388983052,120.334100006304&heading=207&pitch=10&fov=62" }, "geometry": { "type": "Point", "coordinates": [ 120.3341, 22.63138898 ] } },
{ "type": "Feature", "properties": { "名稱": "活麗養生館", "地址": "608台灣嘉義縣水上鄉中山路二段416號", "img_url": "https://x.com/iformosa_com/status/1970143049377521866", "img_url2": "https://x.com/iformosa_com/status/1842121354595942758", "img_url3": null, "img_url4": null, "img_url5": null, "服務": "養生會館", "original_row_id": 42, "latitude": 23.43405101, "longitude": 120.398977, "url": "https://www.google.com/maps/@?api=1&map_action=pano&viewpoint=23.434051011425,120.398977026529&heading=207&pitch=10&fov=62" }, "geometry": { "type": "Point", "coordinates": [ 120.398977, 23.43405101 ] } },
{ "type": "Feature", "properties": { "名稱": "衣媚兒養身館", "地址": "600台灣嘉義市東區博東路263號", "img_url": "https://x.com/iformosa_com/status/1970053006034104505", "img_url2": "https://x.com/iformosa_com/status/1838903166584369254", "img_url3": null, "img_url4": null, "img_url5": null, "服務": "養生會館", "original_row_id": 43, "latitude": 23.49054998, "longitude": 120.45817, "url": "https://www.google.com/maps/@?api=1&map_action=pano&viewpoint=23.490549984151,120.458170026754&heading=207&pitch=10&fov=62" }, "geometry": { "type": "Point", "coordinates": [ 120.45817, 23.49054998 ] } },
{ "type": "Feature", "properties": { "名稱": "采琳美學館", "地址": "510台灣彰化縣員林市市莒光路726號", "img_url": null, "img_url2": "https://x.com/iformosa_com/status/1840753902771483070", "img_url3": "https://x.com/iformosa_com/status/1840278525192089725", "img_url4": "https://x.com/iformosa_com/status/1840278604271497558", "img_url5": "https://x.com/iformosa_com/status/1840278667488047521", "服務": "養生會館", "original_row_id": 45, "latitude": 23.96989401, "longitude": 120.568655, "url": "https://www.google.com/maps/@?api=1&map_action=pano&viewpoint=23.969894011491,120.568654993814&heading=207&pitch=10&fov=62" }, "geometry": { "type": "Point", "coordinates": [ 120.568655, 23.96989401 ] } },
{ "type": "Feature", "properties": { "名稱": "足博士養生會館", "地址": "640台灣雲林縣斗六市大學路二段467號", "img_url": null, "img_url2": "https://x.com/iformosa_com/status/1840759019889442902", "img_url3": null, "img_url4": null, "img_url5": null, "服務": "養生會館", "original_row_id": 46, "latitude": 23.69775101, "longitude": 120.543158, "url": "https://www.google.com/maps/@?api=1&map_action=pano&viewpoint=23.697751007833,120.543157998725&heading=207&pitch=10&fov=62" }, "geometry": { "type": "Point", "coordinates": [ 120.543158, 23.69775101 ] } },
{ "type": "Feature", "properties": { "名稱": "健康主義SPA會館-西平店", "地址": "640台灣雲林縣斗六市西平路340-1號", "img_url": "https://x.com/iformosa_com/status/1969320039879741497", "img_url2": "https://x.com/iformosa_com/status/1842966793289425214", "img_url3": null, "img_url4": null, "img_url5": null, "服務": "養生會館", "original_row_id": 47, "latitude": 23.71503558, "longitude": 120.5315736, "url": "https://www.google.com/maps/@?api=1&map_action=pano&viewpoint=23.715035581829,120.531573621804&heading=207&pitch=10&fov=62" }, "geometry": { "type": "Point", "coordinates": [ 120.5315736, 23.71503558 ] } },
{ "type": "Feature", "properties": { "名稱": "?娘養生館", "地址": "717台灣台南市仁德區中山路459號", "img_url": null, "img_url2": "https://x.com/iformosa_com/status/1969130774856085830", "img_url3": "https://x.com/iformosa_com/status/1969130854359195943", "img_url4": "https://x.com/iformosa_com/status/1969130959942353048", "img_url5": null, "服務": "養生會館", "original_row_id": 48, "latitude": 22.97099902, "longitude": 120.255763, "url": "https://www.google.com/maps/@?api=1&map_action=pano&viewpoint=22.970999015016,120.255762990683&heading=207&pitch=10&fov=62" }, "geometry": { "type": "Point", "coordinates": [ 120.255763, 22.97099902 ] } },
{ "type": "Feature", "properties": { "名稱": "潔悅養生館", "地址": "23573台灣新北市中和區保健路19巷25號", "img_url": "https://x.com/iformosa_com/status/1969115338357850622", "img_url2": "https://x.com/iformosa_com/status/1842531848477692264", "img_url3": null, "img_url4": null, "img_url5": null, "服務": "洗頭按摩 及 養生會館", "original_row_id": 49, "latitude": 24.99868902, "longitude": 121.508476, "url": "https://www.google.com/maps/@?api=1&map_action=pano&viewpoint=24.998689016792,121.508475971179&heading=207&pitch=10&fov=62" }, "geometry": { "type": "Point", "coordinates": [ 121.508476, 24.99868902 ] } },
{ "type": "Feature", "properties": { "名稱": "美雪養生館", "地址": "648台灣雲林縣西螺鎮公正路147號", "img_url": "https://x.com/iformosa_com/status/1969103154554810488", "img_url2": "https://x.com/iformosa_com/status/1842830531383501199", "img_url3": null, "img_url4": null, "img_url5": null, "服務": "養生會館", "original_row_id": 50, "latitude": 23.79832442, "longitude": 120.4619483, "url": "https://www.google.com/maps/@?api=1&map_action=pano&viewpoint=23.798324416298,120.461948337248&heading=207&pitch=10&fov=62" }, "geometry": { "type": "Point", "coordinates": [ 120.4619483, 23.79832442 ] } },
{ "type": "Feature", "properties": { "名稱": "盧教授養生館", "地址": "632台灣雲林縣虎尾鎮林森路二段529號", "img_url": "https://x.com/iformosa_com/status/1969096612916969977", "img_url2": "https://x.com/iformosa_com/status/1842847735764205603", "img_url3": null, "img_url4": null, "img_url5": null, "服務": "養生會館", "original_row_id": 51, "latitude": 23.69773768, "longitude": 120.4239392, "url": "https://www.google.com/maps/@?api=1&map_action=pano&viewpoint=23.697737680607,120.423939172376&heading=207&pitch=10&fov=62" }, "geometry": { "type": "Point", "coordinates": [ 120.4239392, 23.69773768 ] } },
{ "type": "Feature", "properties": { "名稱": "愛苓SPA會館", "地址": "800台灣高雄市新興區七賢一路432號3樓", "img_url": "https://x.com/iformosa_com/status/1969071696960229475", "img_url2": "https://x.com/iformosa_com/status/1843968785059139979", "img_url3": null, "img_url4": null, "img_url5": null, "服務": "養生會館", "original_row_id": 52, "latitude": 22.63450299, "longitude": 120.305383, "url": "https://www.google.com/maps/@?api=1&map_action=pano&viewpoint=22.63450298581,120.305383019292&heading=207&pitch=10&fov=62" }, "geometry": { "type": "Point", "coordinates": [ 120.305383, 22.63450299 ] } },
{ "type": "Feature", "properties": { "名稱": "亭亭養生會館", "地址": "648台灣雲林縣西螺鎮大同路12-1號", "img_url": "https://x.com/iformosa_com/status/1969054071257538764", "img_url2": "https://x.com/iformosa_com/status/1845487761769570607", "img_url3": null, "img_url4": null, "img_url5": null, "服務": "養生會館", "original_row_id": 53, "latitude": 23.79572892, "longitude": 120.4676652, "url": "https://www.google.com/maps/@?api=1&map_action=pano&viewpoint=23.79572891807,120.467665214309&heading=207&pitch=10&fov=62" }, "geometry": { "type": "Point", "coordinates": [ 120.4676652, 23.79572892 ] } },
{ "type": "Feature", "properties": { "名稱": "藍碧足體會館", "地址": "235台灣新北市中和區景平路150號", "img_url": "https://x.com/iformosa_com/status/1968974038430105814", "img_url2": null, "img_url3": null, "img_url4": null, "img_url5": null, "服務": "養生會館", "original_row_id": 54, "latitude": 24.9921145, "longitude": 121.518262, "url": "https://www.google.com/maps/@?api=1&map_action=pano&viewpoint=24.992114503399,121.518262010775&heading=207&pitch=10&fov=62" }, "geometry": { "type": "Point", "coordinates": [ 121.518262, 24.9921145 ] } },
{ "type": "Feature", "properties": { "名稱": "涵羽養生會館", "地址": "648台灣雲林縣西螺鎮大同路59號", "img_url": null, "img_url2": "https://x.com/iformosa_com/status/1847489984355586357", "img_url3": null, "img_url4": null, "img_url5": null, "服務": "養生會館", "original_row_id": 55, "latitude": 23.79731, "longitude": 120.466541, "url": "https://www.google.com/maps/@?api=1&map_action=pano&viewpoint=23.797309996466,120.466541033455&heading=207&pitch=10&fov=62" }, "geometry": { "type": "Point", "coordinates": [ 120.466541, 23.79731 ] } },
{ "type": "Feature", "properties": { "名稱": "時雨美容舒壓SPA(板橋店)", "地址": "220台灣新北市板橋區南雅南路一段15號", "img_url": null, "img_url2": "https://x.com/iformosa_com/status/1845081297431167190", "img_url3": null, "img_url4": null, "img_url5": null, "服務": "養生會館", "original_row_id": 56, "latitude": 25.00696971, "longitude": 121.4564714, "url": "https://www.google.com/maps/@?api=1&map_action=pano&viewpoint=25.006969708487,121.456471374937&heading=207&pitch=10&fov=62" }, "geometry": { "type": "Point", "coordinates": [ 121.4564714, 25.00696971 ] } },
{ "type": "Feature", "properties": { "名稱": "紅殿養生館", "地址": "801台灣高雄市前金區中華四路311號", "img_url": "https://x.com/iformosa_com/status/1845323164018147518", "img_url2": null, "img_url3": null, "img_url4": null, "img_url5": null, "服務": "養生會館", "original_row_id": 57, "latitude": 22.62023401, "longitude": 120.299153, "url": "https://www.google.com/maps/@?api=1&map_action=pano&viewpoint=22.62023401103,120.299153002118&heading=207&pitch=10&fov=62" }, "geometry": { "type": "Point", "coordinates": [ 120.299153, 22.62023401 ] } },
{ "type": "Feature", "properties": { "名稱": "水云都舒壓生活館", "地址": "630台灣雲林縣斗南鎮大業路163號", "img_url": null, "img_url2": "https://x.com/iformosa_com/status/1847625023387029601", "img_url3": null, "img_url4": null, "img_url5": null, "服務": "養生會館", "original_row_id": 58, "latitude": 23.69315299, "longitude": 120.469338, "url": "https://www.google.com/maps/@?api=1&map_action=pano&viewpoint=23.693152989118,120.469337990726&heading=207&pitch=10&fov=62" }, "geometry": { "type": "Point", "coordinates": [ 120.469338, 23.69315299 ] } },
{ "type": "Feature", "properties": { "名稱": "凱莉泰式養生館", "地址": "630台灣雲林縣斗南鎮長安路二段193號", "img_url": null, "img_url2": "https://x.com/iformosa_com/status/1845771510252016031", "img_url3": null, "img_url4": null, "img_url5": null, "服務": "養生會館", "original_row_id": 59, "latitude": 23.67121822, "longitude": 120.4754803, "url": "https://www.google.com/maps/@?api=1&map_action=pano&viewpoint=23.67121821906,120.475480333192&heading=207&pitch=10&fov=62" }, "geometry": { "type": "Point", "coordinates": [ 120.4754803, 23.67121822 ] } },
{ "type": "Feature", "properties": { "名稱": "紅蘋果健康養生館", "地址": "427台灣台中市潭子區潭興路二段502號", "img_url": null, "img_url2": "https://x.com/iformosa_com/status/1847646532163780793", "img_url3": null, "img_url4": null, "img_url5": null, "服務": "養生會館", "original_row_id": 60, "latitude": 24.211589, "longitude": 120.7065232, "url": "https://www.google.com/maps/@?api=1&map_action=pano&viewpoint=24.211588997492,120.706523219452&heading=207&pitch=10&fov=62" }, "geometry": { "type": "Point", "coordinates": [ 120.7065232, 24.211589 ] } },
{ "type": "Feature", "properties": { "名稱": "凱莉泰式按摩", "地址": "302台灣新竹縣竹北市三民路489號", "img_url": null, "img_url2": "https://x.com/iformosa_com/status/1848270039017025551", "img_url3": null, "img_url4": null, "img_url5": null, "服務": "養生會館", "original_row_id": 61, "latitude": 24.83589498, "longitude": 121.007456, "url": "https://www.google.com/maps/@?api=1&map_action=pano&viewpoint=24.835894980857,121.007456006951&heading=207&pitch=10&fov=62" }, "geometry": { "type": "Point", "coordinates": [ 121.007456, 24.83589498 ] } },
{ "type": "Feature", "properties": { "名稱": "泰輕鬆泰國古式養生會館-樂業店", "地址": "401台灣台中市東區樂業路208-1號", "img_url": "https://x.com/iformosa_com/status/1968156547978236299", "img_url2": "https://x.com/iformosa_com/status/1848280928390692965", "img_url3": null, "img_url4": null, "img_url5": null, "服務": "養生會館", "original_row_id": 63, "latitude": 24.138778, "longitude": 120.69833, "url": "https://www.google.com/maps/@?api=1&map_action=pano&viewpoint=24.138778002997,120.698329992918&heading=207&pitch=10&fov=62" }, "geometry": { "type": "Point", "coordinates": [ 120.69833, 24.138778 ] } },
{ "type": "Feature", "properties": { "名稱": "足功夫足體養生會館", "地址": "651台灣雲林縣北港鎮華勝路177號", "img_url": "https://x.com/iformosa_com/status/1967945289395999053", "img_url2": "https://x.com/iformosa_com/status/1846471566567395520", "img_url3": null, "img_url4": null, "img_url5": null, "服務": "養生會館", "original_row_id": 64, "latitude": 23.57762002, "longitude": 120.297967, "url": "https://www.google.com/maps/@?api=1&map_action=pano&viewpoint=23.577620020871,120.297966962819&heading=207&pitch=10&fov=62" }, "geometry": { "type": "Point", "coordinates": [ 120.297967, 23.57762002 ] } },
{ "type": "Feature", "properties": { "名稱": "約瑟芬SPA健康生活館", "地址": "651台灣雲林縣北港鎮大同路234號", "img_url": "https://x.com/iformosa_com/status/1967938138170593661", "img_url2": "https://x.com/iformosa_com/status/1848297341339697277", "img_url3": null, "img_url4": null, "img_url5": null, "服務": "養生會館", "original_row_id": 65, "latitude": 23.57202229, "longitude": 120.3011612, "url": "https://www.google.com/maps/@?api=1&map_action=pano&viewpoint=23.572022292564,120.3011612223&heading=207&pitch=10&fov=62" }, "geometry": { "type": "Point", "coordinates": [ 120.3011612, 23.57202229 ] } },
{ "type": "Feature", "properties": { "名稱": "123 經絡會館(舊彩尊)", "地址": "630台灣雲林縣斗南鎮建國二路197號", "img_url": "https://x.com/iformosa_com/status/1967901507237675138", "img_url2": "https://x.com/iformosa_com/status/1846165582225527161", "img_url3": null, "img_url4": null, "img_url5": null, "服務": "養生會館", "original_row_id": 66, "latitude": 23.67939389, "longitude": 120.4698099, "url": "https://www.google.com/maps/@?api=1&map_action=pano&viewpoint=23.679393885508,120.469809891875&heading=207&pitch=10&fov=62" }, "geometry": { "type": "Point", "coordinates": [ 120.4698099, 23.67939389 ] } },
{ "type": "Feature", "properties": { "名稱": "雅竹按摩養生會館", "地址": "638台灣雲林縣麥寮鄉中山路428號", "img_url": "https://x.com/iformosa_com/status/1967869449693966664", "img_url2": "https://x.com/iformosa_com/status/1846862532071641512", "img_url3": null, "img_url4": null, "img_url5": null, "服務": "養生會館", "original_row_id": 67, "latitude": 23.75059019, "longitude": 120.2505651, "url": "https://www.google.com/maps/@?api=1&map_action=pano&viewpoint=23.750590190175,120.250565121067&heading=207&pitch=10&fov=62" }, "geometry": { "type": "Point", "coordinates": [ 120.2505651, 23.75059019 ] } },
{ "type": "Feature", "properties": { "名稱": "小蘋果養生會館", "地址": "508台灣彰化縣和美鎮道周路66號", "img_url": null, "img_url2": "https://x.com/iformosa_com/status/1847844544962019745", "img_url3": null, "img_url4": null, "img_url5": null, "服務": "養生會館", "original_row_id": 68, "latitude": 24.10649799, "longitude": 120.501807, "url": "https://www.google.com/maps/@?api=1&map_action=pano&viewpoint=24.106497994674,120.501806969057&heading=207&pitch=10&fov=62" }, "geometry": { "type": "Point", "coordinates": [ 120.501807, 24.10649799 ] } },
{ "type": "Feature", "properties": { "名稱": "小真美容", "地址": "508台灣彰化縣和美鎮彰美路三段253號2樓", "img_url": "https://x.com/iformosa_com/status/1967603675578417299", "img_url2": "https://x.com/iformosa_com/status/1846929061530292472", "img_url3": null, "img_url4": null, "img_url5": null, "服務": "工作室", "original_row_id": 69, "latitude": 24.10182001, "longitude": 120.520417, "url": "https://www.google.com/maps/@?api=1&map_action=pano&viewpoint=24.101820012602,120.520416973401&heading=207&pitch=10&fov=62" }, "geometry": { "type": "Point", "coordinates": [ 120.520417, 24.10182001 ] } },
{ "type": "Feature", "properties": { "名稱": "皇妃殿養生館(舊泰妃殿)", "地址": "508台灣彰化縣和美鎮和線路188號", "img_url": null, "img_url2": "https://x.com/iformosa_com/status/1866489289170977159", "img_url3": null, "img_url4": null, "img_url5": null, "服務": "養生會館", "original_row_id": 70, "latitude": 24.11568238, "longitude": 120.4906366, "url": "https://www.google.com/maps/@?api=1&map_action=pano&viewpoint=24.115682381259,120.490636574333&heading=207&pitch=10&fov=62" }, "geometry": { "type": "Point", "coordinates": [ 120.4906366, 24.11568238 ] } },
{ "type": "Feature", "properties": { "名稱": "千逸足體養生館", "地址": "50848台灣彰化縣和美鎮彰美路四段100-1號", "img_url": "https://x.com/iformosa_com/status/1967288338953711682", "img_url2": "https://x.com/iformosa_com/status/1849293264131949054", "img_url3": null, "img_url4": null, "img_url5": null, "服務": "養生會館", "original_row_id": 71, "latitude": 24.10374399, "longitude": 120.513743, "url": "https://www.google.com/maps/@?api=1&map_action=pano&viewpoint=24.103743994657,120.513742966817&heading=207&pitch=10&fov=62" }, "geometry": { "type": "Point", "coordinates": [ 120.513743, 24.10374399 ] } },
{ "type": "Feature", "properties": { "名稱": "足勇健調理養生館", "地址": "508台灣彰化縣和美鎮忠全路256巷1號", "img_url": "https://x.com/iformosa_com/status/1849302438270169544", "img_url2": null, "img_url3": null, "img_url4": null, "img_url5": null, "服務": "養生會館", "original_row_id": 72, "latitude": 24.11462899, "longitude": 120.501864, "url": "https://www.google.com/maps/@?api=1&map_action=pano&viewpoint=24.114628985578,120.501863965998&heading=207&pitch=10&fov=62" }, "geometry": { "type": "Point", "coordinates": [ 120.501864, 24.11462899 ] } },
{ "type": "Feature", "properties": { "名稱": "紫金城泰式養生館", "地址": "503台灣彰化縣花壇鄉中山路二段329號", "img_url": null, "img_url2": "https://x.com/iformosa_com/status/1850431426799497428", "img_url3": null, "img_url4": null, "img_url5": null, "服務": "養生會館", "original_row_id": 73, "latitude": 24.0326595, "longitude": 120.5367111, "url": "https://www.google.com/maps/@?api=1&map_action=pano&viewpoint=24.032659504578,120.536711141717&heading=207&pitch=10&fov=62" }, "geometry": { "type": "Point", "coordinates": [ 120.5367111, 24.0326595 ] } },
{ "type": "Feature", "properties": { "名稱": "水漾SPA會館", "地址": "830台灣高雄市鳳山區建國路三段261號", "img_url": null, "img_url2": "https://x.com/iformosa_com/status/1849683088273719406", "img_url3": "https://x.com/iformosa_com/status/1849424182129402353", "img_url4": "https://x.com/iformosa_com/status/1849424275956281358", "img_url5": "https://x.com/iformosa_com/status/1849424337344053371", "服務": "養生會館", "original_row_id": 74, "latitude": 22.637123, "longitude": 120.351457, "url": "https://www.google.com/maps/@?api=1&map_action=pano&viewpoint=22.637123001105,120.351456999942&heading=207&pitch=10&fov=62" }, "geometry": { "type": "Point", "coordinates": [ 120.351457, 22.637123 ] } },
{ "type": "Feature", "properties": { "名稱": "香格里拉養生會館", "地址": "508台灣彰化縣和美鎮平等路58號", "img_url": "https://x.com/iformosa_com/status/1966913304091390389", "img_url2": "https://x.com/iformosa_com/status/1853394291156214248", "img_url3": null, "img_url4": null, "img_url5": null, "服務": "養生會館", "original_row_id": 75, "latitude": 24.11389, "longitude": 120.493046, "url": "https://www.google.com/maps/@?api=1&map_action=pano&viewpoint=24.113889995084,120.49304603622&heading=207&pitch=10&fov=62" }, "geometry": { "type": "Point", "coordinates": [ 120.493046, 24.11389 ] } },
{ "type": "Feature", "properties": { "名稱": "麗麗泰式養生館", "地址": "514台灣彰化縣溪湖鎮彰水路四段313號", "img_url": "https://x.com/iformosa_com/status/1853427156120129856", "img_url2": null, "img_url3": null, "img_url4": null, "img_url5": null, "服務": "養生會館", "original_row_id": 76, "latitude": 23.97208898, "longitude": 120.479445, "url": "https://www.google.com/maps/@?api=1&map_action=pano&viewpoint=23.972088980475,120.479444973394&heading=207&pitch=10&fov=62" }, "geometry": { "type": "Point", "coordinates": [ 120.479445, 23.97208898 ] } },
{ "type": "Feature", "properties": { "名稱": "幸福養生館", "地址": "514台灣彰化縣溪湖鎮彰水路一段178號", "img_url": "https://x.com/iformosa_com/status/1849739532402557192", "img_url2": null, "img_url3": null, "img_url4": null, "img_url5": null, "服務": "養生會館", "original_row_id": 77, "latitude": 23.92545999, "longitude": 120.47679, "url": "https://www.google.com/maps/@?api=1&map_action=pano&viewpoint=23.925459992106,120.476790005563&heading=207&pitch=10&fov=62" }, "geometry": { "type": "Point", "coordinates": [ 120.47679, 23.92545999 ] } },
{ "type": "Feature", "properties": { "名稱": "采澐男女養生館", "地址": "514台灣彰化縣溪湖鎮彰水路一段80號", "img_url": "https://x.com/iformosa_com/status/1850499906471178658", "img_url2": null, "img_url3": null, "img_url4": null, "img_url5": null, "服務": "養生會館", "original_row_id": 78, "latitude": 23.924016, "longitude": 120.476017, "url": "https://www.google.com/maps/@?api=1&map_action=pano&viewpoint=23.924015999736,120.476017026452&heading=207&pitch=10&fov=62" }, "geometry": { "type": "Point", "coordinates": [ 120.476017, 23.924016 ] } },
{ "type": "Feature", "properties": { "名稱": "友緣養生館", "地址": "514台灣彰化縣溪湖鎮彰水路二段426號", "img_url": "https://x.com/iformosa_com/status/1853438445361995820", "img_url2": null, "img_url3": null, "img_url4": null, "img_url5": null, "服務": "養生會館", "original_row_id": 79, "latitude": 23.945113, "longitude": 120.481124, "url": "https://www.google.com/maps/@?api=1&map_action=pano&viewpoint=23.945112998572,120.481124036238&heading=207&pitch=10&fov=62" }, "geometry": { "type": "Point", "coordinates": [ 120.481124, 23.945113 ] } },
{ "type": "Feature", "properties": { "名稱": "欣戀美容美體", "地址": "514台灣彰化縣溪湖鎮東環路104號", "img_url": "https://x.com/iformosa_com/status/1851193129170584001", "img_url2": null, "img_url3": null, "img_url4": null, "img_url5": null, "服務": "養生會館", "original_row_id": 80, "latitude": 23.95436201, "longitude": 120.481372, "url": "https://www.google.com/maps/@?api=1&map_action=pano&viewpoint=23.954362009631,120.481371972934&heading=207&pitch=10&fov=62" }, "geometry": { "type": "Point", "coordinates": [ 120.481372, 23.95436201 ] } },
{ "type": "Feature", "properties": { "名稱": "傳奇SPA會館", "地址": "704台灣台南市北區西門路四段367號8樓", "img_url": "https://x.com/iformosa_com/status/1966695545243648279", "img_url2": "https://x.com/iformosa_com/status/1866729361241673949", "img_url3": "https://x.com/iformosa_com/status/1851275816711438820", "img_url4": "https://x.com/iformosa_com/status/1851276083498537199", "img_url5": "https://x.com/iformosa_com/status/1851276041651962032", "服務": "養生會館", "original_row_id": 82, "latitude": 23.01619461, "longitude": 120.2102887, "url": "https://www.google.com/maps/@?api=1&map_action=pano&viewpoint=23.016194614124,120.210288735205&heading=207&pitch=10&fov=62" }, "geometry": { "type": "Point", "coordinates": [ 120.2102887, 23.01619461 ] } },
{ "type": "Feature", "properties": { "名稱": "夜香妃男女養生館", "地址": "514台灣彰化縣溪湖鎮東環路589號", "img_url": "https://x.com/iformosa_com/status/1855239807783608401", "img_url2": null, "img_url3": null, "img_url4": null, "img_url5": null, "服務": "養生會館", "original_row_id": 83, "latitude": 23.96405199, "longitude": 120.480752, "url": "https://www.google.com/maps/@?api=1&map_action=pano&viewpoint=23.964051992616,120.480751963556&heading=207&pitch=10&fov=62" }, "geometry": { "type": "Point", "coordinates": [ 120.480752, 23.96405199 ] } },
{ "type": "Feature", "properties": { "名稱": "魅力美容生活館", "地址": "351台灣苗栗縣頭份市自強路117號2樓", "img_url": "https://x.com/iformosa_com/status/1857079234943926609", "img_url2": "https://x.com/iformosa_com/status/1852635046949372336", "img_url3": "https://x.com/iformosa_com/status/1852635046949372336", "img_url4": null, "img_url5": null, "服務": "養生會館", "original_row_id": 84, "latitude": 24.687902, "longitude": 120.908664, "url": "https://www.google.com/maps/@?api=1&map_action=pano&viewpoint=24.687902002916,120.90866396246&heading=207&pitch=10&fov=62" }, "geometry": { "type": "Point", "coordinates": [ 120.908664, 24.687902 ] } },
{ "type": "Feature", "properties": { "名稱": "金來洗足體館", "地址": "244台灣新北市林口區文化二路二段48號", "img_url": "https://x.com/iformosa_com/status/1855524997479211207", "img_url2": null, "img_url3": null, "img_url4": null, "img_url5": null, "服務": "養生會館", "original_row_id": 85, "latitude": 25.07992802, "longitude": 121.3775769, "url": "https://www.google.com/maps/@?api=1&map_action=pano&viewpoint=25.079928016491,121.377576866734&heading=207&pitch=10&fov=62" }, "geometry": { "type": "Point", "coordinates": [ 121.3775769, 25.07992802 ] } },
{ "type": "Feature", "properties": { "名稱": "祺媚男女養生館", "地址": "514台灣彰化縣溪湖鎮員鹿路一段284號", "img_url": "https://x.com/iformosa_com/status/1966417008800780656", "img_url2": "https://x.com/iformosa_com/status/1861693680559747360", "img_url3": null, "img_url4": null, "img_url5": null, "服務": "養生會館", "original_row_id": 86, "latitude": 23.95394317, "longitude": 120.4986109, "url": "https://www.google.com/maps/@?api=1&map_action=pano&viewpoint=23.953943170772,120.49861085305&heading=207&pitch=10&fov=62" }, "geometry": { "type": "Point", "coordinates": [ 120.4986109, 23.95394317 ] } },
{ "type": "Feature", "properties": { "名稱": "雅姿男女養生館", "地址": "542台灣南投縣草屯鎮芬草路二段639號", "img_url": "https://x.com/iformosa_com/status/1862527351323853066", "img_url2": "https://x.com/iformosa_com/status/1857384686861037949", "img_url3": null, "img_url4": null, "img_url5": null, "服務": "養生會館", "original_row_id": 87, "latitude": 23.99653698, "longitude": 120.663357, "url": "https://www.google.com/maps/@?api=1&map_action=pano&viewpoint=23.996536980381,120.663357004832&heading=207&pitch=10&fov=62" }, "geometry": { "type": "Point", "coordinates": [ 120.663357, 23.99653698 ] } },
{ "type": "Feature", "properties": { "名稱": "鑫悅閣養生館", "地址": "542台灣南投縣草屯鎮成功路一段567號", "img_url": "https://x.com/iformosa_com/status/1862827924610785677", "img_url2": null, "img_url3": null, "img_url4": null, "img_url5": null, "服務": "養生會館", "original_row_id": 90, "latitude": 23.98665522, "longitude": 120.6828948, "url": "https://www.google.com/maps/@?api=1&map_action=pano&viewpoint=23.986655219452,120.682894802039&heading=207&pitch=10&fov=62" }, "geometry": { "type": "Point", "coordinates": [ 120.6828948, 23.98665522 ] } },
{ "type": "Feature", "properties": { "名稱": "芯越閣越式養生館", "地址": "500台灣彰化縣彰化市中華西路352號", "img_url": "https://x.com/iformosa_com/status/1965680641976209659", "img_url2": "https://x.com/iformosa_com/status/1858517428600504565", "img_url3": null, "img_url4": null, "img_url5": null, "服務": "養生會館", "original_row_id": 91, "latitude": 24.07012502, "longitude": 120.527651, "url": "https://www.google.com/maps/@?api=1&map_action=pano&viewpoint=24.07012501921,120.527650974937&heading=207&pitch=10&fov=62" }, "geometry": { "type": "Point", "coordinates": [ 120.527651, 24.07012502 ] } },
{ "type": "Feature", "properties": { "名稱": "尚豪SPA舒壓會館", "地址": "542台灣南投縣草屯鎮中正路1766號", "img_url": null, "img_url2": "https://x.com/iformosa_com/status/1862853761171161243", "img_url3": null, "img_url4": null, "img_url5": null, "服務": "養生會館", "original_row_id": 92, "latitude": 24.00322498, "longitude": 120.694267, "url": "https://www.google.com/maps/@?api=1&map_action=pano&viewpoint=24.003224984744,120.694267032991&heading=207&pitch=10&fov=62" }, "geometry": { "type": "Point", "coordinates": [ 120.694267, 24.00322498 ] } },
{ "type": "Feature", "properties": { "名稱": "夜香妃男女足體SPA館", "地址": "542台灣南投縣草屯鎮中正路1772號", "img_url": "https://x.com/iformosa_com/status/1856342560903705044", "img_url2": "https://x.com/iformosa_com/status/1854548891687059532", "img_url3": null, "img_url4": null, "img_url5": null, "服務": "養生會館", "original_row_id": 93, "latitude": 24.00349899, "longitude": 120.694476, "url": "https://www.google.com/maps/@?api=1&map_action=pano&viewpoint=24.003498989159,120.694475993837&heading=207&pitch=10&fov=62" }, "geometry": { "type": "Point", "coordinates": [ 120.694476, 24.00349899 ] } },
{ "type": "Feature", "properties": { "名稱": "百香閣男女養生館", "地址": "542台灣南投縣草屯鎮中正路1782號", "img_url": null, "img_url2": "https://x.com/iformosa_com/status/1862877289991880851", "img_url3": null, "img_url4": null, "img_url5": null, "服務": "養生會館", "original_row_id": 94, "latitude": 24.0038483, "longitude": 120.6945531, "url": "https://www.google.com/maps/@?api=1&map_action=pano&viewpoint=24.003848304974,120.694553107347&heading=207&pitch=10&fov=62" }, "geometry": { "type": "Point", "coordinates": [ 120.6945531, 24.0038483 ] } },
{ "type": "Feature", "properties": { "名稱": "愛朵拉SPA美學館", "地址": "234台灣新北市永和區秀朗路二段114號", "img_url": null, "img_url2": "https://x.com/iformosa_com/status/1863113177522937956", "img_url3": "https://x.com/iformosa_com/status/1856684661717803248", "img_url4": "https://x.com/iformosa_com/status/1856684722149355719", "img_url5": null, "服務": "養生會館", "original_row_id": 95, "latitude": 25.00152332, "longitude": 121.5243298, "url": "https://www.google.com/maps/@?api=1&map_action=pano&viewpoint=25.001523315442,121.524329838121&heading=207&pitch=10&fov=62" }, "geometry": { "type": "Point", "coordinates": [ 121.5243298, 25.00152332 ] } },
{ "type": "Feature", "properties": { "名稱": "越姑娘養生館", "地址": "326台灣桃園市楊梅區永美路421號", "img_url": null, "img_url2": "https://x.com/iformosa_com/status/1860971384119431636", "img_url3": "https://x.com/iformosa_com/status/1856719345420046691", "img_url4": "https://x.com/iformosa_com/status/1856719470821269548", "img_url5": "https://x.com/iformosa_com/status/1856719565318946943", "服務": "養生會館", "original_row_id": 96, "latitude": 24.9143273, "longitude": 121.1788434, "url": "https://www.google.com/maps/@?api=1&map_action=pano&viewpoint=24.914327298717,121.17884337957&heading=207&pitch=10&fov=62" }, "geometry": { "type": "Point", "coordinates": [ 121.1788434, 24.9143273 ] } },
{ "type": "Feature", "properties": { "名稱": "泓星男女養身SPA館", "地址": "900台灣屏東縣屏東市中正路413-11號", "img_url": "https://x.com/iformosa_com/status/1964737340766847249", "img_url2": "https://x.com/iformosa_com/status/1964733891874603324", "img_url3": "https://x.com/iformosa_com/status/1964733953434439899", "img_url4": "https://x.com/iformosa_com/status/1964734007574479201", "img_url5": "https://x.com/iformosa_com/status/1964734063132266886", "服務": "養生會館", "original_row_id": 98, "latitude": 22.68769299, "longitude": 120.497122, "url": "https://www.google.com/maps/@?api=1&map_action=pano&viewpoint=22.687692992709,120.497121988096&heading=207&pitch=10&fov=62" }, "geometry": { "type": "Point", "coordinates": [ 120.497122, 22.68769299 ] } },
{ "type": "Feature", "properties": { "名稱": "艾莉佳養生館", "地址": "324台灣桃園市平鎮區中豐路一段229號", "img_url": "https://x.com/iformosa_com/status/1863576396934889533", "img_url2": null, "img_url3": null, "img_url4": null, "img_url5": null, "服務": "養生會館", "original_row_id": 99, "latitude": 24.92696398, "longitude": 121.213225, "url": "https://www.google.com/maps/@?api=1&map_action=pano&viewpoint=24.926963981673,121.213225024386&heading=207&pitch=10&fov=62" }, "geometry": { "type": "Point", "coordinates": [ 121.213225, 24.92696398 ] } },
{ "type": "Feature", "properties": { "名稱": "金沙SPA舒壓會館", "地址": "513台灣彰化縣埔心鄉中山路94號", "img_url": "https://x.com/iformosa_com/status/1964598310200856844", "img_url2": "https://x.com/iformosa_com/status/1873670830653399172", "img_url3": "https://x.com/iformosa_com/status/1964597529657708677", "img_url4": "https://x.com/iformosa_com/status/1964597594933645726", "img_url5": null, "服務": "養生會館", "original_row_id": 100, "latitude": 23.93927199, "longitude": 120.559568, "url": "https://www.google.com/maps/@?api=1&map_action=pano&viewpoint=23.939271985525,120.559568004943&heading=207&pitch=10&fov=62" }, "geometry": { "type": "Point", "coordinates": [ 120.559568, 23.93927199 ] } },
{ "type": "Feature", "properties": { "名稱": "茉莉SPA美容會館", "地址": "811台灣高雄市楠梓區右昌街496號", "img_url": "https://x.com/iformosa_com/status/1964529566162309181", "img_url2": "https://x.com/iformosa_com/status/1964526453888078323", "img_url3": "https://x.com/iformosa_com/status/1964526614521532769", "img_url4": "https://x.com/iformosa_com/status/1964526674881728939", "img_url5": null, "服務": "養生會館", "original_row_id": 101, "latitude": 22.71734301, "longitude": 120.287075, "url": "https://www.google.com/maps/@?api=1&map_action=pano&viewpoint=22.717343011274,120.287075014919&heading=207&pitch=10&fov=62" }, "geometry": { "type": "Point", "coordinates": [ 120.287075, 22.71734301 ] } },
{ "type": "Feature", "properties": { "名稱": "富月養生會館", "地址": "928台灣屏東縣東港鎮大東路303號", "img_url": "https://x.com/iformosa_com/status/1868653327195791507", "img_url2": "https://x.com/iformosa_com/status/1873744256478884005", "img_url3": null, "img_url4": null, "img_url5": null, "服務": "養生會館", "original_row_id": 102, "latitude": 22.46074299, "longitude": 120.466363, "url": "https://www.google.com/maps/@?api=1&map_action=pano&viewpoint=22.46074298977,120.466363001832&heading=207&pitch=10&fov=62" }, "geometry": { "type": "Point", "coordinates": [ 120.466363, 22.46074299 ] } },
{ "type": "Feature", "properties": { "名稱": "茉莉美容會館", "地址": "115台灣台北市南港區忠孝東路六段476號", "img_url": "https://x.com/iformosa_com/status/1874011374491513055", "img_url2": null, "img_url3": null, "img_url4": null, "img_url5": null, "服務": "養生會館", "original_row_id": 104, "latitude": 25.05045599, "longitude": 121.594912, "url": "https://www.google.com/maps/@?api=1&map_action=pano&viewpoint=25.05045598608,121.594912000743&heading=207&pitch=10&fov=62" }, "geometry": { "type": "Point", "coordinates": [ 121.594912, 25.05045599 ] } },
{ "type": "Feature", "properties": { "名稱": "悅媚養生館", "地址": "900台灣屏東縣屏東市永大路96號", "img_url": null, "img_url2": "https://x.com/iformosa_com/status/1869042718506369363", "img_url3": "https://x.com/iformosa_com/status/1868194673841590496", "img_url4": "https://x.com/iformosa_com/status/1868194814782808106", "img_url5": null, "服務": "養生會館", "original_row_id": 105, "latitude": 22.659285, "longitude": 120.47731, "url": "https://www.google.com/maps/@?api=1&map_action=pano&viewpoint=22.659285004558,120.477310018836&heading=207&pitch=10&fov=62" }, "geometry": { "type": "Point", "coordinates": [ 120.47731, 22.659285 ] } },
{ "type": "Feature", "properties": { "名稱": "豪客美容名店", "地址": "900台灣屏東縣屏東市中正路662號", "img_url": "https://x.com/iformosa_com/status/1872141427934908717", "img_url2": null, "img_url3": null, "img_url4": null, "img_url5": null, "服務": "養生會館", "original_row_id": 106, "latitude": 22.68840701, "longitude": 120.498207, "url": "https://www.google.com/maps/@?api=1&map_action=pano&viewpoint=22.688407005131,120.498207025462&heading=207&pitch=10&fov=62" }, "geometry": { "type": "Point", "coordinates": [ 120.498207, 22.68840701 ] } },
{ "type": "Feature", "properties": { "名稱": "傳說SPA會館", "地址": "730台灣台南市新營區長榮路二段1049號", "img_url": null, "img_url2": "https://x.com/iformosa_com/status/1872477467329617956", "img_url3": "https://x.com/iformosa_com/status/1868586993686622469", "img_url4": "https://x.com/iformosa_com/status/1871064231036235876", "img_url5": null, "服務": "養生會館", "original_row_id": 108, "latitude": 23.31026501, "longitude": 120.29646, "url": "https://www.google.com/maps/@?api=1&map_action=pano&viewpoint=23.310265011764,120.296459980447&heading=207&pitch=10&fov=62" }, "geometry": { "type": "Point", "coordinates": [ 120.29646, 23.31026501 ] } },
{ "type": "Feature", "properties": { "名稱": "尊爵LV美容旗艦會館", "地址": "632台灣雲林縣虎尾鎮文科路60號", "img_url": "https://x.com/iformosa_com/status/1875123399309271294", "img_url2": "https://x.com/iformosa_com/status/1869583767427559464", "img_url3": null, "img_url4": null, "img_url5": null, "服務": "養生會館", "original_row_id": 109, "latitude": 23.71059099, "longitude": 120.44496, "url": "https://www.google.com/maps/@?api=1&map_action=pano&viewpoint=23.710590993851,120.444959979712&heading=207&pitch=10&fov=62" }, "geometry": { "type": "Point", "coordinates": [ 120.44496, 23.71059099 ] } },
{ "type": "Feature", "properties": { "名稱": "新都會時尚SPA會館", "地址": "542台灣南投縣草屯鎮成功路一段473號", "img_url": "https://x.com/iformosa_com/status/1869604754864947456", "img_url2": "https://x.com/iformosa_com/status/1872533682986332190", "img_url3": null, "img_url4": null, "img_url5": null, "服務": "養生會館", "original_row_id": 110, "latitude": 23.98522699, "longitude": 120.682105, "url": "https://www.google.com/maps/@?api=1&map_action=pano&viewpoint=23.98522698506,120.682104975303&heading=207&pitch=10&fov=62" }, "geometry": { "type": "Point", "coordinates": [ 120.682105, 23.98522699 ] } },
{ "type": "Feature", "properties": { "名稱": "舒晴SPA泰式養生館", "地址": "813台灣高雄市左營區曾子路426號", "img_url": null, "img_url2": "https://x.com/iformosa_com/status/1871109705986359705", "img_url3": "https://x.com/iformosa_com/status/1868925505921269864", "img_url4": "https://x.com/iformosa_com/status/1868925565711110478", "img_url5": null, "服務": "洗頭按摩", "original_row_id": 111, "latitude": 22.68268799, "longitude": 120.303707, "url": "https://www.google.com/maps/@?api=1&map_action=pano&viewpoint=22.682687990685,120.303706973933&heading=207&pitch=10&fov=62" }, "geometry": { "type": "Point", "coordinates": [ 120.303707, 22.68268799 ] } },
{ "type": "Feature", "properties": { "名稱": "116泰式按摩工作室", "地址": "412台灣台中市大里區大里二街116號", "img_url": "https://x.com/iformosa_com/status/1963823004728889447", "img_url2": "https://x.com/iformosa_com/status/1875478971120578839", "img_url3": null, "img_url4": null, "img_url5": null, "服務": "養生會館", "original_row_id": 112, "latitude": 24.10221698, "longitude": 120.685396, "url": "https://www.google.com/maps/@?api=1&map_action=pano&viewpoint=24.102216979536,120.685395961947&heading=207&pitch=10&fov=62" }, "geometry": { "type": "Point", "coordinates": [ 120.685396, 24.10221698 ] } },
{ "type": "Feature", "properties": { "名稱": "美麗夢幻男女養生館", "地址": "252台灣新北市三芝區長安街31號", "img_url": "https://x.com/iformosa_com/status/1869230443658379473", "img_url2": "https://x.com/iformosa_com/status/1875482862478356563", "img_url3": null, "img_url4": null, "img_url5": null, "服務": "養生會館", "original_row_id": 113, "latitude": 25.25616252, "longitude": 121.5014632, "url": "https://www.google.com/maps/@?api=1&map_action=pano&viewpoint=25.256162516426,121.501463168069&heading=207&pitch=10&fov=62" }, "geometry": { "type": "Point", "coordinates": [ 121.5014632, 25.25616252 ] } },
{ "type": "Feature", "properties": { "名稱": "水夜閣SPA時尚會館(舊彩鑽)", "地址": "510台灣彰化縣員林市集路一段30號", "img_url": "https://x.com/iformosa_com/status/1963635507201536432", "img_url2": null, "img_url3": null, "img_url4": null, "img_url5": null, "服務": "養生會館", "original_row_id": 114, "latitude": 23.956833, "longitude": 120.596326, "url": "https://www.google.com/maps/@?api=1&map_action=pano&viewpoint=23.956833,120.596326&heading=207&pitch=10&fov=62" }, "geometry": { "type": "Point", "coordinates": [ 120.596326, 23.956833 ] } },
{ "type": "Feature", "properties": { "名稱": "舒妃(舊9453)", "地址": "403台灣台中市北區五權路227號", "img_url": "https://x.com/iformosa_com/status/1875505340743348520", "img_url2": null, "img_url3": null, "img_url4": null, "img_url5": null, "服務": "養生會館", "original_row_id": 115, "latitude": 24.15000502, "longitude": 120.67564, "url": "https://www.google.com/maps/@?api=1&map_action=pano&viewpoint=24.150005017477,120.675640013384&heading=207&pitch=10&fov=62" }, "geometry": { "type": "Point", "coordinates": [ 120.67564, 24.15000502 ] } },
{ "type": "Feature", "properties": { "名稱": "佳薇推拿美容坊(舊岑欣)", "地址": "900台灣屏東縣屏東市廣勝路365號", "img_url": "https://x.com/iformosa_com/status/1963510709775733039", "img_url2": null, "img_url3": null, "img_url4": null, "img_url5": null, "服務": "美容芳療 及 養生會館", "original_row_id": 116, "latitude": 22.68933501, "longitude": 120.477103, "url": "https://www.google.com/maps/@?api=1&map_action=pano&viewpoint=22.689335007542,120.477102985828&heading=207&pitch=10&fov=62" }, "geometry": { "type": "Point", "coordinates": [ 120.477103, 22.68933501 ] } },
{ "type": "Feature", "properties": { "名稱": "男女純按摩", "地址": "830台灣高雄市鳳山區武營路52巷24號", "img_url": "https://x.com/iformosa_com/status/1873633669249970189", "img_url2": null, "img_url3": null, "img_url4": null, "img_url5": null, "服務": "養生會館 及 工作室", "original_row_id": 117, "latitude": 22.60708599, "longitude": 120.338476, "url": "https://www.google.com/maps/@?api=1&map_action=pano&viewpoint=22.607085990071,120.338476030314&heading=207&pitch=10&fov=62" }, "geometry": { "type": "Point", "coordinates": [ 120.338476, 22.60708599 ] } },
{ "type": "Feature", "properties": { "名稱": "威龍泰式養生館", "地址": "326台灣桃園市楊梅區永美路177號", "img_url": "https://x.com/iformosa_com/status/1881620137297785311", "img_url2": null, "img_url3": null, "img_url4": null, "img_url5": null, "服務": "養生會館", "original_row_id": 118, "latitude": 24.91997959, "longitude": 121.1848817, "url": "https://www.google.com/maps/@?api=1&map_action=pano&viewpoint=24.919979593214,121.184881702617&heading=207&pitch=10&fov=62" }, "geometry": { "type": "Point", "coordinates": [ 121.1848817, 24.91997959 ] } },
{ "type": "Feature", "properties": { "名稱": "金玉越式洗髮", "地址": "338台灣桃園市蘆竹區南山路一段89-1號", "img_url": "https://x.com/iformosa_com/status/1887393444605386876", "img_url2": "https://x.com/iformosa_com/status/1877199214821724457", "img_url3": null, "img_url4": null, "img_url5": null, "服務": "洗頭按摩", "original_row_id": 119, "latitude": 25.052673, "longitude": 121.291552, "url": "https://www.google.com/maps/@?api=1&map_action=pano&viewpoint=25.05267299947,121.291551981723&heading=207&pitch=10&fov=62" }, "geometry": { "type": "Point", "coordinates": [ 121.291552, 25.052673 ] } },
{ "type": "Feature", "properties": { "名稱": "錢億時尚足體館", "地址": "338台灣桃園市蘆竹區南山路一段95-1號", "img_url": "https://x.com/iformosa_com/status/1880645849564459301", "img_url2": null, "img_url3": null, "img_url4": null, "img_url5": null, "服務": "養生會館", "original_row_id": 120, "latitude": 25.05289499, "longitude": 121.291437, "url": "https://www.google.com/maps/@?api=1&map_action=pano&viewpoint=25.052894994175,121.291436982011&heading=207&pitch=10&fov=62" }, "geometry": { "type": "Point", "coordinates": [ 121.291437, 25.05289499 ] } },
{ "type": "Feature", "properties": { "名稱": "安奕越式洗頭養生天堂", "地址": "401台灣台中市東區十甲東路416號", "img_url": "https://x.com/iformosa_com/status/1887431005553967401", "img_url2": "https://x.com/iformosa_com/status/1882056032979161448", "img_url3": "https://x.com/iformosa_com/status/1878002063080390861", "img_url4": "https://x.com/iformosa_com/status/1877263810806902933", "img_url5": null, "服務": "養生會館", "original_row_id": 121, "latitude": 24.136375, "longitude": 120.706343, "url": "https://www.google.com/maps/@?api=1&map_action=pano&viewpoint=24.136374995176,120.706343008534&heading=207&pitch=10&fov=62" }, "geometry": { "type": "Point", "coordinates": [ 120.706343, 24.136375 ] } },
{ "type": "Feature", "properties": { "名稱": "明星池SPA舒壓會館", "地址": "542台灣南投縣草屯鎮成功路一段95號", "img_url": "https://x.com/iformosa_com/status/1887524317094945292", "img_url2": null, "img_url3": null, "img_url4": null, "img_url5": null, "服務": "養生會館", "original_row_id": 123, "latitude": 23.97684802, "longitude": 120.679791, "url": "https://www.google.com/maps/@?api=1&map_action=pano&viewpoint=23.976848015551,120.679790983293&heading=207&pitch=10&fov=62" }, "geometry": { "type": "Point", "coordinates": [ 120.679791, 23.97684802 ] } },
{ "type": "Feature", "properties": { "名稱": "桐心養生館", "地址": "351台灣苗栗縣頭份市自強路二段627號", "img_url": "https://x.com/iformosa_com/status/1880999809236308269", "img_url2": null, "img_url3": null, "img_url4": null, "img_url5": null, "服務": "養生會館", "original_row_id": 125, "latitude": 24.68223399, "longitude": 120.882514, "url": "https://www.google.com/maps/@?api=1&map_action=pano&viewpoint=24.68223399235,120.882514017114&heading=207&pitch=10&fov=62" }, "geometry": { "type": "Point", "coordinates": [ 120.882514, 24.68223399 ] } },
{ "type": "Feature", "properties": { "名稱": "拾壹養生館", "地址": "326台灣桃園市楊梅區永美路309號", "img_url": "https://x.com/iformosa_com/status/1887745398493880515", "img_url2": null, "img_url3": null, "img_url4": null, "img_url5": null, "服務": "養生會館", "original_row_id": 126, "latitude": 24.9175325, "longitude": 121.1824527, "url": "https://www.google.com/maps/@?api=1&map_action=pano&viewpoint=24.917532496582,121.182452710896&heading=207&pitch=10&fov=62" }, "geometry": { "type": "Point", "coordinates": [ 121.1824527, 24.9175325 ] } },
{ "type": "Feature", "properties": { "名稱": "蔓谷城SPA泰式養生館", "地址": "326台灣桃園市楊梅區永美路362號", "img_url": "https://x.com/iformosa_com/status/1881350223982969101", "img_url2": null, "img_url3": null, "img_url4": null, "img_url5": null, "服務": "養生會館", "original_row_id": 127, "latitude": 24.916907, "longitude": 121.181237, "url": "https://www.google.com/maps/@?api=1&map_action=pano&viewpoint=24.916906997057,121.181236999659&heading=207&pitch=10&fov=62" }, "geometry": { "type": "Point", "coordinates": [ 121.181237, 24.916907 ] } },
{ "type": "Feature", "properties": { "名稱": "棠樺健康養生館", "地址": "900台灣屏東縣屏東市永大路94號", "img_url": "https://x.com/iformosa_com/status/1881351138303447366", "img_url2": null, "img_url3": null, "img_url4": null, "img_url5": null, "服務": "傳統按摩 及 養生會館", "original_row_id": 128, "latitude": 22.65932201, "longitude": 120.477327, "url": "https://www.google.com/maps/@?api=1&map_action=pano&viewpoint=22.65932201066,120.4773270341&heading=207&pitch=10&fov=62" }, "geometry": { "type": "Point", "coordinates": [ 120.477327, 22.65932201 ] } },
{ "type": "Feature", "properties": { "名稱": "怡佳養生館", "地址": "320台灣桃園市中壢區中山東路三段252號", "img_url": "https://x.com/iformosa_com/status/1879424881005379976", "img_url2": null, "img_url3": null, "img_url4": null, "img_url5": null, "服務": "養生會館", "original_row_id": 129, "latitude": 24.9416873, "longitude": 121.2503467, "url": "https://www.google.com/maps/@?api=1&map_action=pano&viewpoint=24.941687297514,121.25034671335&heading=207&pitch=10&fov=62" }, "geometry": { "type": "Point", "coordinates": [ 121.2503467, 24.9416873 ] } },
{ "type": "Feature", "properties": { "名稱": "皇后SPA養生會館(舊花蝴碟)", "地址": "710台灣台南市永康區文化路140號", "img_url": "https://x.com/iformosa_com/status/1880487844248260901", "img_url2": "https://x.com/iformosa_com/status/1867854957669654692", "img_url3": "https://x.com/iformosa_com/status/1867855008861188523", "img_url4": "https://x.com/iformosa_com/status/1867855068403527899", "img_url5": null, "服務": "養生會館", "original_row_id": 130, "latitude": 23.0158225, "longitude": 120.2572218, "url": "https://www.google.com/maps/@?api=1&map_action=pano&viewpoint=23.015822499532,120.257221777112&heading=207&pitch=10&fov=62" }, "geometry": { "type": "Point", "coordinates": [ 120.2572218, 23.0158225 ] } },
{ "type": "Feature", "properties": { "名稱": "嘉樂養生會館", "地址": "116台灣台北市文山區羅斯福路六段206號", "img_url": "https://x.com/iformosa_com/status/1879525711352127658", "img_url2": "https://x.com/iformosa_com/status/1962515815238164570", "img_url3": "https://x.com/iformosa_com/status/1962515907743547751", "img_url4": "https://x.com/iformosa_com/status/1962515962953122081", "img_url5": null, "服務": "養生會館", "original_row_id": 132, "latitude": 24.99359102, "longitude": 121.540795, "url": "https://www.google.com/maps/@?api=1&map_action=pano&viewpoint=24.993591017552,121.540794997262&heading=207&pitch=10&fov=62" }, "geometry": { "type": "Point", "coordinates": [ 121.540795, 24.99359102 ] } },
{ "type": "Feature", "properties": { "名稱": "嬌美生活館", "地址": "320台灣桃園市中壢區新興路259號", "img_url": "https://x.com/iformosa_com/status/1886337584827420953", "img_url2": null, "img_url3": null, "img_url4": null, "img_url5": null, "服務": "養生會館", "original_row_id": 133, "latitude": 24.95412001, "longitude": 121.228599, "url": "https://www.google.com/maps/@?api=1&map_action=pano&viewpoint=24.954120006857,121.228599027371&heading=207&pitch=10&fov=62" }, "geometry": { "type": "Point", "coordinates": [ 121.228599, 24.95412001 ] } },
{ "type": "Feature", "properties": { "名稱": "小公主健康生活館", "地址": "330台灣桃園市桃園區136 博愛路", "img_url": "https://x.com/iformosa_com/status/1886379434456055818", "img_url2": null, "img_url3": null, "img_url4": null, "img_url5": null, "服務": "養生會館", "original_row_id": 134, "latitude": 24.99440201, "longitude": 121.308922, "url": "https://www.google.com/maps/@?api=1&map_action=pano&viewpoint=24.994402008594,121.308921967311&heading=207&pitch=10&fov=62" }, "geometry": { "type": "Point", "coordinates": [ 121.308922, 24.99440201 ] } },
{ "type": "Feature", "properties": { "名稱": "Emmy SPA 越式洗髮", "地址": "500台灣彰化縣彰化市大埔路307號", "img_url": "https://x.com/iformosa_com/status/1886407701577830557", "img_url2": null, "img_url3": null, "img_url4": null, "img_url5": null, "服務": "洗頭按摩", "original_row_id": 135, "latitude": 24.06054002, "longitude": 120.544568, "url": "https://www.google.com/maps/@?api=1&map_action=pano&viewpoint=24.060540019563,120.544568002478&heading=207&pitch=10&fov=62" }, "geometry": { "type": "Point", "coordinates": [ 120.544568, 24.06054002 ] } },
{ "type": "Feature", "properties": { "名稱": "小仙女生活館", "地址": "330台灣桃園市桃園區博愛路42號", "img_url": "https://x.com/iformosa_com/status/1886490873061585138", "img_url2": null, "img_url3": null, "img_url4": null, "img_url5": null, "服務": "養生會館", "original_row_id": 136, "latitude": 24.9956497, "longitude": 121.3112197, "url": "https://www.google.com/maps/@?api=1&map_action=pano&viewpoint=24.995649696791,121.311219698429&heading=207&pitch=10&fov=62" }, "geometry": { "type": "Point", "coordinates": [ 121.3112197, 24.9956497 ] } },
{ "type": "Feature", "properties": { "名稱": "鳳城越式洗髮男女SPA館", "地址": "500台灣彰化縣彰化市大埔路315號", "img_url": "https://x.com/iformosa_com/status/1886645774865588406", "img_url2": null, "img_url3": null, "img_url4": null, "img_url5": null, "服務": "洗頭按摩", "original_row_id": 137, "latitude": 24.06067698, "longitude": 120.544595, "url": "https://www.google.com/maps/@?api=1&map_action=pano&viewpoint=24.060676979861,120.544594992206&heading=207&pitch=10&fov=62" }, "geometry": { "type": "Point", "coordinates": [ 120.544595, 24.06067698 ] } },
{ "type": "Feature", "properties": { "名稱": "樂美泰式桑拿", "地址": "326台灣桃園市楊梅區中山北路一段478號", "img_url": "https://x.com/iformosa_com/status/1886698385463193721", "img_url2": "https://x.com/iformosa_com/status/1961825977694314768", "img_url3": "https://x.com/iformosa_com/status/1961826136092201159", "img_url4": "https://x.com/iformosa_com/status/1961830369734623350", "img_url5": null, "服務": "養生會館", "original_row_id": 138, "latitude": 24.90925989, "longitude": 121.1611056, "url": "https://www.google.com/maps/@?api=1&map_action=pano&viewpoint=24.909259893424,121.16110559607&heading=207&pitch=10&fov=62" }, "geometry": { "type": "Point", "coordinates": [ 121.1611056, 24.90925989 ] } },
{ "type": "Feature", "properties": { "名稱": "心語SPA美學館", "地址": "326台灣桃園市楊梅區中山北路一段474號", "img_url": "https://x.com/iformosa_com/status/1886748856752246858", "img_url2": null, "img_url3": null, "img_url4": null, "img_url5": null, "服務": "養生會館", "original_row_id": 139, "latitude": 24.90925742, "longitude": 121.1610237, "url": "https://www.google.com/maps/@?api=1&map_action=pano&viewpoint=24.909257420762,121.161023704876&heading=207&pitch=10&fov=62" }, "geometry": { "type": "Point", "coordinates": [ 121.1610237, 24.90925742 ] } },
{ "type": "Feature", "properties": { "名稱": "六六足體按摩館", "地址": "247台灣新北市蘆洲區九芎街90巷25號", "img_url": null, "img_url2": "https://x.com/iformosa_com/status/1886778962552218107", "img_url3": null, "img_url4": null, "img_url5": null, "服務": "養生會館", "original_row_id": 140, "latitude": 25.08122201, "longitude": 121.464586, "url": "https://www.google.com/maps/@?api=1&map_action=pano&viewpoint=25.081222013143,121.46458597922&heading=207&pitch=10&fov=62" }, "geometry": { "type": "Point", "coordinates": [ 121.464586, 25.08122201 ] } },
{ "type": "Feature", "properties": { "名稱": "三霓養生會館Sunny Massage", "地址": "241台灣新北市三重區平安街32號", "img_url": "https://x.com/iformosa_com/status/1888848440563826777", "img_url2": null, "img_url3": null, "img_url4": null, "img_url5": null, "服務": "養生會館", "original_row_id": 141, "latitude": 25.06402, "longitude": 121.498301, "url": "https://www.google.com/maps/@?api=1&map_action=pano&viewpoint=25.064020000894,121.498301011277&heading=207&pitch=10&fov=62" }, "geometry": { "type": "Point", "coordinates": [ 121.498301, 25.06402 ] } },
{ "type": "Feature", "properties": { "名稱": "Phuket普吉島泰式舒壓館", "地址": "247台灣新北市蘆洲區仁愛街118巷6號", "img_url": "https://x.com/iformosa_com/status/1888886723637395824", "img_url2": null, "img_url3": null, "img_url4": null, "img_url5": null, "服務": "養生會館", "original_row_id": 142, "latitude": 25.09506129, "longitude": 121.4695099, "url": "https://www.google.com/maps/@?api=1&map_action=pano&viewpoint=25.095061289656,121.46950992824&heading=207&pitch=10&fov=62" }, "geometry": { "type": "Point", "coordinates": [ 121.4695099, 25.09506129 ] } },
{ "type": "Feature", "properties": { "名稱": "舒心美容美體會館", "地址": "269台灣宜蘭縣冬山鄉冬山路五段376號", "img_url": "https://x.com/iformosa_com/status/1883439572421615941", "img_url2": null, "img_url3": null, "img_url4": null, "img_url5": null, "服務": "養生會館", "original_row_id": 143, "latitude": 24.66864601, "longitude": 121.767332, "url": "https://www.google.com/maps/@?api=1&map_action=pano&viewpoint=24.668646005294,121.767332023833&heading=207&pitch=10&fov=62" }, "geometry": { "type": "Point", "coordinates": [ 121.767332, 24.66864601 ] } },
{ "type": "Feature", "properties": { "名稱": "登?美容生活館", "地址": "265台灣宜蘭縣羅東鎮純精路一段33號", "img_url": "https://x.com/iformosa_com/status/1883455528250277938", "img_url2": null, "img_url3": null, "img_url4": null, "img_url5": null, "服務": "養生會館", "original_row_id": 144, "latitude": 24.66906401, "longitude": 121.765676, "url": "https://www.google.com/maps/@?api=1&map_action=pano&viewpoint=24.669064010805,121.765676011222&heading=207&pitch=10&fov=62" }, "geometry": { "type": "Point", "coordinates": [ 121.765676, 24.66906401 ] } },
{ "type": "Feature", "properties": { "名稱": "沐月美學會館", "地址": "510台灣彰化縣員林市萬年路三段361號", "img_url": "https://x.com/iformosa_com/status/1890399975093182660", "img_url2": "https://x.com/iformosa_com/status/1887470238188572897", "img_url3": "https://x.com/iformosa_com/status/1887470319998541991", "img_url4": "https://x.com/iformosa_com/status/1887470381013029366", "img_url5": null, "服務": "養生會館", "original_row_id": 145, "latitude": 23.96363801, "longitude": 120.57203, "url": "https://www.google.com/maps/@?api=1&map_action=pano&viewpoint=23.963638010418,120.572029967127&heading=207&pitch=10&fov=62" }, "geometry": { "type": "Point", "coordinates": [ 120.57203, 23.96363801 ] } },
{ "type": "Feature", "properties": { "名稱": "富國島越式養生館", "地址": "300台灣新竹市東區民生路248號", "img_url": "https://x.com/iformosa_com/status/1892237038516416753", "img_url2": null, "img_url3": null, "img_url4": null, "img_url5": null, "服務": "養生會館", "original_row_id": 146, "latitude": 24.8124666, "longitude": 120.9753952, "url": "https://www.google.com/maps/@?api=1&map_action=pano&viewpoint=24.812466597563,120.975395227305&heading=207&pitch=10&fov=62" }, "geometry": { "type": "Point", "coordinates": [ 120.9753952, 24.8124666 ] } },
{ "type": "Feature", "properties": { "名稱": "龍廷時尚會館", "地址": "235台灣新北市中和區景平路203號", "img_url": "https://x.com/iformosa_com/status/1890651847183986882", "img_url2": null, "img_url3": null, "img_url4": null, "img_url5": null, "服務": "養生會館", "original_row_id": 147, "latitude": 24.99251901, "longitude": 121.511132, "url": "https://www.google.com/maps/@?api=1&map_action=pano&viewpoint=24.992519014046,121.511132028658&heading=207&pitch=10&fov=62" }, "geometry": { "type": "Point", "coordinates": [ 121.511132, 24.99251901 ] } },
{ "type": "Feature", "properties": { "名稱": "芯晨足體養生館", "地址": "220台灣新北市板橋區中山路一段271號", "img_url": "https://x.com/iformosa_com/status/1889595230602641558", "img_url2": null, "img_url3": null, "img_url4": null, "img_url5": null, "服務": "養生會館", "original_row_id": 148, "latitude": 25.01369401, "longitude": 121.468921, "url": "https://www.google.com/maps/@?api=1&map_action=pano&viewpoint=25.01369400649,121.468921015723&heading=207&pitch=10&fov=62" }, "geometry": { "type": "Point", "coordinates": [ 121.468921, 25.01369401 ] } },
{ "type": "Feature", "properties": { "名稱": "龍庭美甲美容健康會館", "地址": "235台灣新北市中和區忠孝街108-1號", "img_url": "https://x.com/iformosa_com/status/1889721033453621325", "img_url2": null, "img_url3": null, "img_url4": null, "img_url5": null, "服務": "美容芳療", "original_row_id": 149, "latitude": 24.98479601, "longitude": 121.512224, "url": "https://www.google.com/maps/@?api=1&map_action=pano&viewpoint=24.984796012279,121.512224023003&heading=207&pitch=10&fov=62" }, "geometry": { "type": "Point", "coordinates": [ 121.512224, 24.98479601 ] } },
{ "type": "Feature", "properties": { "名稱": "足太郎足體養身概念館", "地址": "330台灣桃園市桃園區寶山街275號2樓", "img_url": "https://x.com/iformosa_com/status/1892572791532044392", "img_url2": null, "img_url3": null, "img_url4": null, "img_url5": null, "服務": "養生會館", "original_row_id": 150, "latitude": 25.01132599, "longitude": 121.313641, "url": "https://www.google.com/maps/@?api=1&map_action=pano&viewpoint=25.011325993115,121.313640978799&heading=207&pitch=10&fov=62" }, "geometry": { "type": "Point", "coordinates": [ 121.313641, 25.01132599 ] } },
{ "type": "Feature", "properties": { "名稱": "心肝寶貝工作室", "地址": "702台灣台南市南區夏林路16號", "img_url": "https://x.com/iformosa_com/status/1892587735833027065", "img_url2": null, "img_url3": null, "img_url4": null, "img_url5": null, "服務": "美容芳療 及 工作室", "original_row_id": 151, "latitude": 22.98435679, "longitude": 120.1947531, "url": "https://www.google.com/maps/@?api=1&map_action=pano&viewpoint=22.984356793102,120.194753129126&heading=207&pitch=10&fov=62" }, "geometry": { "type": "Point", "coordinates": [ 120.1947531, 22.98435679 ] } },
{ "type": "Feature", "properties": { "名稱": "艾我男女美容養生館", "地址": "830台灣高雄市鳳山區鳳林路234號", "img_url": "https://x.com/iformosa_com/status/1892613367992348895", "img_url2": null, "img_url3": null, "img_url4": null, "img_url5": null, "服務": "養生會館", "original_row_id": 152, "latitude": 22.62218301, "longitude": 120.376233, "url": "https://www.google.com/maps/@?api=1&map_action=pano&viewpoint=22.622183013066,120.37623298372&heading=207&pitch=10&fov=62" }, "geometry": { "type": "Point", "coordinates": [ 120.376233, 22.62218301 ] } },
{ "type": "Feature", "properties": { "名稱": "泰禾苑泰式養生館", "地址": "408台灣台中市南屯區大墩一街213號", "img_url": "https://x.com/iformosa_com/status/1892972421310767393", "img_url2": "https://x.com/iformosa_com/status/1960624327260561770", "img_url3": null, "img_url4": null, "img_url5": null, "服務": "養生會館", "original_row_id": 153, "latitude": 24.13774669, "longitude": 120.6491574, "url": "https://www.google.com/maps/@?api=1&map_action=pano&viewpoint=24.137746693631,120.649157390301&heading=207&pitch=10&fov=62" }, "geometry": { "type": "Point", "coordinates": [ 120.6491574, 24.13774669 ] } },
{ "type": "Feature", "properties": { "名稱": "樂約養生館", "地址": "812台灣高雄市小港區中安路927號", "img_url": "https://x.com/iformosa_com/status/1897968994008940564", "img_url2": null, "img_url3": null, "img_url4": null, "img_url5": null, "服務": "養生會館", "original_row_id": 154, "latitude": 22.58500399, "longitude": 120.367537, "url": "https://www.google.com/maps/@?api=1&map_action=pano&viewpoint=22.585003991884,120.367537010632&heading=207&pitch=10&fov=62" }, "geometry": { "type": "Point", "coordinates": [ 120.367537, 22.58500399 ] } },
{ "type": "Feature", "properties": { "名稱": "潔米SPA", "地址": "432台灣台中市大肚區船頭二街83巷13號", "img_url": "https://x.com/iformosa_com/status/1897998717489459653", "img_url2": null, "img_url3": null, "img_url4": null, "img_url5": null, "服務": "工作室", "original_row_id": 155, "latitude": 24.12213821, "longitude": 120.5527016, "url": "https://www.google.com/maps/@?api=1&map_action=pano&viewpoint=24.122138206904,120.552701633681&heading=207&pitch=10&fov=62" }, "geometry": { "type": "Point", "coordinates": [ 120.5527016, 24.12213821 ] } },
{ "type": "Feature", "properties": { "名稱": "久千代企業", "地址": "328台灣桃園市觀音區長春街285號", "img_url": "https://x.com/iformosa_com/status/1896189796810436708", "img_url2": null, "img_url3": null, "img_url4": null, "img_url5": null, "服務": "養生會館", "original_row_id": 156, "latitude": 25.05415899, "longitude": 121.123838, "url": "https://www.google.com/maps/@?api=1&map_action=pano&viewpoint=25.054158985174,121.123837978171&heading=207&pitch=10&fov=62" }, "geometry": { "type": "Point", "coordinates": [ 121.123838, 25.05415899 ] } },
{ "type": "Feature", "properties": { "名稱": "超越男女SPA會館", "地址": "108台灣台北市萬華區環河南路二段92號", "img_url": "https://x.com/iformosa_com/status/1899710846336692415", "img_url2": null, "img_url3": null, "img_url4": null, "img_url5": null, "服務": "養生會館", "original_row_id": 158, "latitude": 25.03710001, "longitude": 121.49568, "url": "https://www.google.com/maps/@?api=1&map_action=pano&viewpoint=25.037100010103,121.495679990154&heading=207&pitch=10&fov=62" }, "geometry": { "type": "Point", "coordinates": [ 121.49568, 25.03710001 ] } },
{ "type": "Feature", "properties": { "名稱": "101 SPA養生館", "地址": "302台灣新竹縣竹北市環北路二段101號", "img_url": "https://x.com/iformosa_com/status/1898396654501585090", "img_url2": "https://x.com/iformosa_com/status/1895775758725124351", "img_url3": null, "img_url4": null, "img_url5": null, "服務": "養生會館", "original_row_id": 159, "latitude": 24.847447, "longitude": 121.018342, "url": "https://www.google.com/maps/@?api=1&map_action=pano&viewpoint=24.847447003633,121.0183420037&heading=207&pitch=10&fov=62" }, "geometry": { "type": "Point", "coordinates": [ 121.018342, 24.847447 ] } },
{ "type": "Feature", "properties": { "名稱": "秘境SPA會館", "地址": "330台灣桃園市桃園區復興路67號", "img_url": "https://x.com/iformosa_com/status/1899751545908142118", "img_url2": "https://x.com/iformosa_com/status/1895782393854013548", "img_url3": "https://x.com/iformosa_com/status/1895782451987038325", "img_url4": "https://x.com/iformosa_com/status/1895782502096421216", "img_url5": "https://x.com/iformosa_com/status/1895782553904431572", "服務": "養生會館", "original_row_id": 160, "latitude": 24.99086501, "longitude": 121.315561, "url": "https://www.google.com/maps/@?api=1&map_action=pano&viewpoint=24.990865013092,121.315561021359&heading=207&pitch=10&fov=62" }, "geometry": { "type": "Point", "coordinates": [ 121.315561, 24.99086501 ] } },
{ "type": "Feature", "properties": { "名稱": "春芳健康生活館", "地址": "330台灣桃園市桃園區中正路343號", "img_url": "https://x.com/iformosa_com/status/1896590054031864115", "img_url2": null, "img_url3": null, "img_url4": null, "img_url5": null, "服務": "養生會館", "original_row_id": 161, "latitude": 24.998506, "longitude": 121.30851, "url": "https://www.google.com/maps/@?api=1&map_action=pano&viewpoint=24.998505997936,121.30850999677&heading=207&pitch=10&fov=62" }, "geometry": { "type": "Point", "coordinates": [ 121.30851, 24.998506 ] } },
{ "type": "Feature", "properties": { "名稱": "松苑足體養生館", "地址": "202台灣基隆市中正區信二路288號", "img_url": "https://x.com/iformosa_com/status/1900041572621967494", "img_url2": null, "img_url3": null, "img_url4": null, "img_url5": null, "服務": "養生會館", "original_row_id": 162, "latitude": 25.13127899, "longitude": 121.746008, "url": "https://www.google.com/maps/@?api=1&map_action=pano&viewpoint=25.131278990363,121.74600795924&heading=207&pitch=10&fov=62" }, "geometry": { "type": "Point", "coordinates": [ 121.746008, 25.13127899 ] } },
{ "type": "Feature", "properties": { "名稱": "健康家平價足體養生館", "地址": "807台灣高雄市三民區澄和路112號", "img_url": "https://x.com/iformosa_com/status/1900060372456948122", "img_url2": null, "img_url3": null, "img_url4": null, "img_url5": null, "服務": "養生會館", "original_row_id": 163, "latitude": 22.64488502, "longitude": 120.343583, "url": "https://www.google.com/maps/@?api=1&map_action=pano&viewpoint=22.644885020631,120.343583040099&heading=207&pitch=10&fov=62" }, "geometry": { "type": "Point", "coordinates": [ 120.343583, 22.64488502 ] } },
{ "type": "Feature", "properties": { "名稱": "妮妮足體舒壓館", "地址": "236台灣新北市土城區延平街82號", "img_url": "https://x.com/iformosa_com/status/1896906467204387066", "img_url2": null, "img_url3": null, "img_url4": null, "img_url5": null, "服務": "洗頭按摩 及 養生會館", "original_row_id": 164, "latitude": 24.99328168, "longitude": 121.4676885, "url": "https://www.google.com/maps/@?api=1&map_action=pano&viewpoint=24.993281683416,121.46768854068&heading=207&pitch=10&fov=62" }, "geometry": { "type": "Point", "coordinates": [ 121.4676885, 24.99328168 ] } },
{ "type": "Feature", "properties": { "名稱": "欣帝足SPA養生會館", "地址": "330台灣桃園市桃園區復興路35號", "img_url": "https://x.com/iformosa_com/status/1900889825613594910", "img_url2": null, "img_url3": null, "img_url4": null, "img_url5": null, "服務": "養生會館", "original_row_id": 165, "latitude": 24.990819, "longitude": 121.317211, "url": "https://www.google.com/maps/@?api=1&map_action=pano&viewpoint=24.990818996444,121.317210999&heading=207&pitch=10&fov=62" }, "geometry": { "type": "Point", "coordinates": [ 121.317211, 24.990819 ] } },
{ "type": "Feature", "properties": { "名稱": "全順渼時尚館(新竹)", "地址": "300台灣新竹市東區南大路7號", "img_url": "https://x.com/iformosa_com/status/1900169211730931874", "img_url2": null, "img_url3": null, "img_url4": null, "img_url5": null, "服務": "養生會館", "original_row_id": 166, "latitude": 24.80329332, "longitude": 120.9790506, "url": "https://www.google.com/maps/@?api=1&map_action=pano&viewpoint=24.803293316999,120.97905057528&heading=207&pitch=10&fov=62" }, "geometry": { "type": "Point", "coordinates": [ 120.9790506, 24.80329332 ] } },
{ "type": "Feature", "properties": { "名稱": "城市情人時尚會館", "地址": "80763台灣高雄市三民區九如一路892號", "img_url": "https://x.com/iformosa_com/status/1897652701292601614", "img_url2": "https://x.com/iformosa_com/status/1897589919608193307", "img_url3": "https://x.com/iformosa_com/status/1897589977804112013", "img_url4": null, "img_url5": null, "服務": "養生會館", "original_row_id": 167, "latitude": 22.64031801, "longitude": 120.31743, "url": "https://www.google.com/maps/@?api=1&map_action=pano&viewpoint=22.640318014957,120.317429993449&heading=207&pitch=10&fov=62" }, "geometry": { "type": "Point", "coordinates": [ 120.31743, 22.64031801 ] } },
{ "type": "Feature", "properties": { "名稱": "漂亮寶貝SPA會館", "地址": "800台灣高雄市新興區七賢二路31號", "img_url": "https://x.com/iformosa_com/status/1899296854522966425", "img_url2": "https://x.com/iformosa_com/status/1897669500906172753", "img_url3": "https://x.com/iformosa_com/status/1897669566811275328", "img_url4": null, "img_url5": null, "服務": "養生會館", "original_row_id": 168, "latitude": 22.63452499, "longitude": 120.300853, "url": "https://www.google.com/maps/@?api=1&map_action=pano&viewpoint=22.634524988306,120.30085301972&heading=207&pitch=10&fov=62" }, "geometry": { "type": "Point", "coordinates": [ 120.300853, 22.63452499 ] } },
{ "type": "Feature", "properties": { "名稱": "凱沃/米高美/新歡SPA美容", "地址": "700台灣台南市中西區金華路三段126號3樓", "img_url": "https://x.com/iformosa_com/status/1899310910310862856", "img_url2": null, "img_url3": null, "img_url4": null, "img_url5": null, "服務": "養生會館", "original_row_id": 169, "latitude": 22.99205402, "longitude": 120.193078, "url": "https://www.google.com/maps/@?api=1&map_action=pano&viewpoint=22.992054020517,120.193078005776&heading=207&pitch=10&fov=62" }, "geometry": { "type": "Point", "coordinates": [ 120.193078, 22.99205402 ] } },
{ "type": "Feature", "properties": { "名稱": "U ME SPA會館", "地址": "928台灣屏東縣東港鎮明德路51巷6號", "img_url": "https://x.com/iformosa_com/status/1899681929903133050", "img_url2": "https://x.com/iformosa_com/status/1958358777117213045", "img_url3": "https://x.com/iformosa_com/status/1958356783569027101", "img_url4": "https://x.com/iformosa_com/status/1958356836857598147", "img_url5": null, "服務": "養生會館", "original_row_id": 170, "latitude": 22.47095299, "longitude": 120.457999, "url": "https://www.google.com/maps/@?api=1&map_action=pano&viewpoint=22.470952986028,120.457999035929&heading=207&pitch=10&fov=62" }, "geometry": { "type": "Point", "coordinates": [ 120.457999, 22.47095299 ] } },
{ "type": "Feature", "properties": { "名稱": "歐舍ORSIR SPA會館", "地址": "632台灣雲林縣虎尾鎮中正路360號", "img_url": "https://x.com/iformosa_com/status/1958223270458831035", "img_url2": "https://x.com/iformosa_com/status/1958221272334438677", "img_url3": "https://x.com/iformosa_com/status/1958221355620704585", "img_url4": "https://x.com/iformosa_com/status/1902954034916741590", "img_url5": "https://x.com/iformosa_com/status/1901202031630787044", "服務": "美容芳療 及 養生會館", "original_row_id": 171, "latitude": 23.70347949, "longitude": 120.4287209, "url": "https://www.google.com/maps/@?api=1&map_action=pano&viewpoint=23.70347949383,120.428720880499&heading=207&pitch=10&fov=62" }, "geometry": { "type": "Point", "coordinates": [ 120.4287209, 23.70347949 ] } },
{ "type": "Feature", "properties": { "名稱": "金如意經絡推拿", "地址": "338台灣桃園市蘆竹區光明路二段120號", "img_url": "https://x.com/iformosa_com/status/1903360102108987498", "img_url2": null, "img_url3": null, "img_url4": null, "img_url5": null, "服務": "傳統按摩 及 養生會館", "original_row_id": 172, "latitude": 25.04751599, "longitude": 121.287919, "url": "https://www.google.com/maps/@?api=1&map_action=pano&viewpoint=25.047515991632,121.287919013429&heading=207&pitch=10&fov=62" }, "geometry": { "type": "Point", "coordinates": [ 121.287919, 25.04751599 ] } },
{ "type": "Feature", "properties": { "名稱": "金龍灣養生館", "地址": "893台灣金門縣金城鎮民族路93巷5弄42號", "img_url": "https://x.com/iformosa_com/status/1902999352546635998", "img_url2": null, "img_url3": null, "img_url4": null, "img_url5": null, "服務": "養生會館", "original_row_id": 173, "latitude": 24.43038001, "longitude": 118.3193, "url": "https://www.google.com/maps/@?api=1&map_action=pano&viewpoint=24.430380013972,118.319300030507&heading=207&pitch=10&fov=62" }, "geometry": { "type": "Point", "coordinates": [ 118.3193, 24.43038001 ] } },
{ "type": "Feature", "properties": { "名稱": "蕊菈美療SPA", "地址": "241台灣新北市三重區三和路二段27號", "img_url": null, "img_url2": "https://x.com/iformosa_com/status/1958030171493273715", "img_url3": "https://x.com/iformosa_com/status/1958030238580961313", "img_url4": "https://x.com/iformosa_com/status/1958030299117638043", "img_url5": "https://x.com/iformosa_com/status/1958030345401446457", "服務": "養生會館", "original_row_id": 174, "latitude": 25.0670954, "longitude": 121.5011114, "url": "https://www.google.com/maps/@?api=1&map_action=pano&viewpoint=25.067095404988,121.501111379592&heading=207&pitch=10&fov=62" }, "geometry": { "type": "Point", "coordinates": [ 121.5011114, 25.0670954 ] } },
{ "type": "Feature", "properties": { "名稱": "靜安養生館", "地址": "110台灣台北市信義區莊敬路391巷11弄5號", "img_url": "https://x.com/iformosa_com/status/1902590582557696375", "img_url2": null, "img_url3": null, "img_url4": null, "img_url5": null, "服務": "傳統按摩 及 工作室", "original_row_id": 175, "latitude": 25.028621, "longitude": 121.565509, "url": "https://www.google.com/maps/@?api=1&map_action=pano&viewpoint=25.028621002579,121.565509038775&heading=207&pitch=10&fov=62" }, "geometry": { "type": "Point", "coordinates": [ 121.565509, 25.028621 ] } },
{ "type": "Feature", "properties": { "名稱": "泰金男女舒壓館", "地址": "103台灣台北市大同區重慶北路三段37-1號", "img_url": "https://x.com/iformosa_com/status/1903467761743130766", "img_url2": null, "img_url3": null, "img_url4": null, "img_url5": null, "服務": "養生會館", "original_row_id": 176, "latitude": 25.065422, "longitude": 121.513917, "url": "https://www.google.com/maps/@?api=1&map_action=pano&viewpoint=25.065421999928,121.513916999807&heading=207&pitch=10&fov=62" }, "geometry": { "type": "Point", "coordinates": [ 121.513917, 25.065422 ] } },
{ "type": "Feature", "properties": { "名稱": "星星按摩養生會館", "地址": "333台灣桃園市龜山區文化七路176號", "img_url": "https://x.com/iformosa_com/status/1902667029016125534", "img_url2": null, "img_url3": null, "img_url4": null, "img_url5": null, "服務": "養生會館", "original_row_id": 177, "latitude": 25.051501, "longitude": 121.367349, "url": "https://www.google.com/maps/@?api=1&map_action=pano&viewpoint=25.051500999858,121.367349029224&heading=207&pitch=10&fov=62" }, "geometry": { "type": "Point", "coordinates": [ 121.367349, 25.051501 ] } },
{ "type": "Feature", "properties": { "名稱": "朵莉SPA會館", "地址": "302台灣新竹縣竹北市六家五路一段213號", "img_url": "https://x.com/iformosa_com/status/1907013781223579764", "img_url2": "https://x.com/iformosa_com/status/1904462808391336062", "img_url3": "https://x.com/iformosa_com/status/1904462878872383795", "img_url4": "https://x.com/iformosa_com/status/1904462940436336940", "img_url5": "https://x.com/iformosa_com/status/1904463069805457634", "服務": "養生會館", "original_row_id": 178, "latitude": 24.80818902, "longitude": 121.028177, "url": "https://www.google.com/maps/@?api=1&map_action=pano&viewpoint=24.808189019006,121.02817699361&heading=207&pitch=10&fov=62" }, "geometry": { "type": "Point", "coordinates": [ 121.028177, 24.80818902 ] } },
{ "type": "Feature", "properties": { "名稱": "新國統男女養生名店", "地址": "104台灣台北市中山區一江街45號", "img_url": "https://x.com/iformosa_com/status/1906513547041161611", "img_url2": null, "img_url3": null, "img_url4": null, "img_url5": null, "服務": "養生會館", "original_row_id": 179, "latitude": 25.05445902, "longitude": 121.531677, "url": "https://www.google.com/maps/@?api=1&map_action=pano&viewpoint=25.054459015399,121.53167699535&heading=207&pitch=10&fov=62" }, "geometry": { "type": "Point", "coordinates": [ 121.531677, 25.05445902 ] } },
{ "type": "Feature", "properties": { "名稱": "星蓉美體舒活館", "地址": "640台灣雲林縣斗六市中山路649號", "img_url": "https://x.com/iformosa_com/status/1905890290034176115", "img_url2": null, "img_url3": null, "img_url4": null, "img_url5": null, "服務": "養生會館", "original_row_id": 180, "latitude": 23.692767, "longitude": 120.538379, "url": "https://www.google.com/maps/@?api=1&map_action=pano&viewpoint=23.692767002477,120.538378972811&heading=207&pitch=10&fov=62" }, "geometry": { "type": "Point", "coordinates": [ 120.538379, 23.692767 ] } },
{ "type": "Feature", "properties": { "名稱": "紅紅養身館", "地址": "302台灣新竹縣竹北市新工五路7號", "img_url": "https://x.com/iformosa_com/status/1908420494409556274", "img_url2": "https://x.com/iformosa_com/status/1833844944915861884", "img_url3": "https://x.com/iformosa_com/status/1833844997952614626", "img_url4": null, "img_url5": null, "服務": "養生會館", "original_row_id": 181, "latitude": 24.84817401, "longitude": 121.004634, "url": "https://www.google.com/maps/@?api=1&map_action=pano&viewpoint=24.848174008004,121.00463398779&heading=207&pitch=10&fov=62" }, "geometry": { "type": "Point", "coordinates": [ 121.004634, 24.84817401 ] } },
{ "type": "Feature", "properties": { "名稱": "新悅美容養生館", "地址": "106台灣台北市大安區瑞安街208巷24弄2號", "img_url": "https://x.com/iformosa_com/status/1905473862101598406", "img_url2": null, "img_url3": null, "img_url4": null, "img_url5": null, "服務": "養生會館", "original_row_id": 183, "latitude": 25.02862498, "longitude": 121.540366, "url": "https://www.google.com/maps/@?api=1&map_action=pano&viewpoint=25.028624983983,121.540366011458&heading=207&pitch=10&fov=62" }, "geometry": { "type": "Point", "coordinates": [ 121.540366, 25.02862498 ] } },
{ "type": "Feature", "properties": { "名稱": "品竹足體養生館", "地址": "100台灣台北市中正區廈門街137號", "img_url": "https://x.com/iformosa_com/status/1905505989014491626", "img_url2": null, "img_url3": null, "img_url4": null, "img_url5": null, "服務": "養生會館", "original_row_id": 184, "latitude": 25.022099, "longitude": 121.517497, "url": "https://www.google.com/maps/@?api=1&map_action=pano&viewpoint=25.022099001809,121.517496994472&heading=207&pitch=10&fov=62" }, "geometry": { "type": "Point", "coordinates": [ 121.517497, 25.022099 ] } },
{ "type": "Feature", "properties": { "名稱": "水澐閣SPA養生會館(舊景星)", "地址": "108台灣台北市萬華區萬大路289號", "img_url": "https://x.com/iformosa_com/status/1905523215130059057", "img_url2": null, "img_url3": null, "img_url4": null, "img_url5": null, "服務": "養生會館", "original_row_id": 185, "latitude": 25.02509398, "longitude": 121.500617, "url": "https://www.google.com/maps/@?api=1&map_action=pano&viewpoint=25.025093981542,121.500617014943&heading=207&pitch=10&fov=62" }, "geometry": { "type": "Point", "coordinates": [ 121.500617, 25.02509398 ] } },
{ "type": "Feature", "properties": { "名稱": "印象泰養生館", "地址": "351台灣苗栗縣頭份市永貞路一段283號", "img_url": "https://x.com/iformosa_com/status/1916441804909789684", "img_url2": null, "img_url3": null, "img_url4": null, "img_url5": null, "服務": "養生會館", "original_row_id": 186, "latitude": 24.6835937, "longitude": 120.885166, "url": "https://www.google.com/maps/@?api=1&map_action=pano&viewpoint=24.68359370139,120.88516598272&heading=207&pitch=10&fov=62" }, "geometry": { "type": "Point", "coordinates": [ 120.885166, 24.6835937 ] } },
{ "type": "Feature", "properties": { "名稱": "印象SPA會館", "地址": "100台灣台北市中正區懷寧街17號", "img_url": "https://x.com/iformosa_com/status/1908404801953825212", "img_url2": "https://x.com/iformosa_com/status/1873991059929534542", "img_url3": "https://x.com/iformosa_com/status/1867484032403222772", "img_url4": null, "img_url5": null, "服務": "養生會館", "original_row_id": 187, "latitude": 25.04548501, "longitude": 121.514289, "url": "https://www.google.com/maps/@?api=1&map_action=pano&viewpoint=25.045485014583,121.51428898867&heading=207&pitch=10&fov=62" }, "geometry": { "type": "Point", "coordinates": [ 121.514289, 25.04548501 ] } },
{ "type": "Feature", "properties": { "名稱": "衣衣美容按摩坊", "地址": "900台灣屏東縣屏東市徐州路164巷8號", "img_url": "https://x.com/iformosa_com/status/1909479459578954097", "img_url2": null, "img_url3": null, "img_url4": null, "img_url5": null, "服務": "美容芳療 及 工作室", "original_row_id": 188, "latitude": 22.68094401, "longitude": 120.479832, "url": "https://www.google.com/maps/@?api=1&map_action=pano&viewpoint=22.680944010001,120.479831965864&heading=207&pitch=10&fov=62" }, "geometry": { "type": "Point", "coordinates": [ 120.479832, 22.68094401 ] } },
{ "type": "Feature", "properties": { "名稱": "發財泰式按摩", "地址": "950台灣台東縣台東市中華路二段99號", "img_url": "https://x.com/iformosa_com/status/1909494504136282303", "img_url2": null, "img_url3": null, "img_url4": null, "img_url5": null, "服務": "養生會館", "original_row_id": 189, "latitude": 22.74520601, "longitude": 121.140225, "url": "https://www.google.com/maps/@?api=1&map_action=pano&viewpoint=22.745206008081,121.140225017974&heading=207&pitch=10&fov=62" }, "geometry": { "type": "Point", "coordinates": [ 121.140225, 22.74520601 ] } },
{ "type": "Feature", "properties": { "名稱": "僑福皇家沐足館", "地址": "220台灣新北市板橋區館前西路139號5樓", "img_url": "https://x.com/iformosa_com/status/1913255122953748654", "img_url2": "https://x.com/iformosa_com/status/1908074004847747504", "img_url3": "https://x.com/iformosa_com/status/1908074058035482985", "img_url4": "https://x.com/iformosa_com/status/1908074234771038606", "img_url5": "https://x.com/iformosa_com/status/1908074332603273367", "服務": "養生會館", "original_row_id": 190, "latitude": 25.00774202, "longitude": 121.456278, "url": "https://www.google.com/maps/@?api=1&map_action=pano&viewpoint=25.007742017046,121.45627800443&heading=207&pitch=10&fov=62" }, "geometry": { "type": "Point", "coordinates": [ 121.456278, 25.00774202 ] } },
{ "type": "Feature", "properties": { "名稱": "采虹棠男女護膚名店", "地址": "950台灣台東縣台東市更生路827號", "img_url": "https://x.com/iformosa_com/status/1908812982047359468", "img_url2": null, "img_url3": null, "img_url4": null, "img_url5": null, "服務": "養生會館", "original_row_id": 191, "latitude": 22.76974001, "longitude": 121.134354, "url": "https://www.google.com/maps/@?api=1&map_action=pano&viewpoint=22.769740006314,121.134353997714&heading=207&pitch=10&fov=62" }, "geometry": { "type": "Point", "coordinates": [ 121.134354, 22.76974001 ] } },
{ "type": "Feature", "properties": { "名稱": "沐媗美學館", "地址": "900台灣屏東縣屏東市大連路11號", "img_url": "https://x.com/iformosa_com/status/1915023643727323333", "img_url2": "https://x.com/iformosa_com/status/1908817465733468670", "img_url3": "https://x.com/iformosa_com/status/1908817569190195433", "img_url4": "https://x.com/iformosa_com/status/1908817624382988652", "img_url5": null, "服務": "養生會館", "original_row_id": 192, "latitude": 22.68369998, "longitude": 120.507909, "url": "https://www.google.com/maps/@?api=1&map_action=pano&viewpoint=22.683699979765,120.507908994568&heading=207&pitch=10&fov=62" }, "geometry": { "type": "Point", "coordinates": [ 120.507909, 22.68369998 ] } },
{ "type": "Feature", "properties": { "名稱": "皇嘉養生會館(舊芊予)", "地址": "811台灣高雄市楠梓區德信街18號", "img_url": "https://x.com/iformosa_com/status/1956735345917304980", "img_url2": "https://x.com/iformosa_com/status/1909636146835157433", "img_url3": "https://x.com/iformosa_com/status/1956732535800787184", "img_url4": "https://x.com/iformosa_com/status/1956732608089588183", "img_url5": "https://x.com/iformosa_com/status/1956732717275738389", "服務": "養生會館", "original_row_id": 193, "latitude": 22.72653498, "longitude": 120.299626, "url": "https://www.google.com/maps/@?api=1&map_action=pano&viewpoint=22.726534983482,120.299625992915&heading=207&pitch=10&fov=62" }, "geometry": { "type": "Point", "coordinates": [ 120.299626, 22.72653498 ] } },
{ "type": "Feature", "properties": { "名稱": "Anne SPA 時尚生活館", "地址": "701台灣台南市東區中華東路一段200號", "img_url": "https://x.com/iformosa_com/status/1910553027704217873", "img_url2": null, "img_url3": null, "img_url4": null, "img_url5": null, "服務": "養生會館", "original_row_id": 194, "latitude": 22.99422502, "longitude": 120.233948, "url": "https://www.google.com/maps/@?api=1&map_action=pano&viewpoint=22.994225017258,120.233947998022&heading=207&pitch=10&fov=62" }, "geometry": { "type": "Point", "coordinates": [ 120.233948, 22.99422502 ] } },
{ "type": "Feature", "properties": { "名稱": "溫純男女舒壓會館", "地址": "812台灣高雄市小港區山明路549號", "img_url": "https://x.com/iformosa_com/status/1909089120166740092", "img_url2": null, "img_url3": null, "img_url4": null, "img_url5": null, "服務": "養生會館", "original_row_id": 195, "latitude": 22.56921701, "longitude": 120.361845, "url": "https://www.google.com/maps/@?api=1&map_action=pano&viewpoint=22.569217012529,120.361845027824&heading=207&pitch=10&fov=62" }, "geometry": { "type": "Point", "coordinates": [ 120.361845, 22.56921701 ] } },
{ "type": "Feature", "properties": { "名稱": "花木蘭SPA養生館", "地址": "802台灣高雄市苓雅區建國一路60號", "img_url": "https://x.com/iformosa_com/status/1909101443560423710", "img_url2": null, "img_url3": null, "img_url4": null, "img_url5": null, "服務": "養生會館", "original_row_id": 196, "latitude": 22.63037, "longitude": 120.337259, "url": "https://www.google.com/maps/@?api=1&map_action=pano&viewpoint=22.630369995083,120.337258977973&heading=207&pitch=10&fov=62" }, "geometry": { "type": "Point", "coordinates": [ 120.337259, 22.63037 ] } },
{ "type": "Feature", "properties": { "名稱": "翠峰傳統整復推拿", "地址": "813台灣高雄市左營區翠峰路58號", "img_url": "https://x.com/iformosa_com/status/1916673112663536093", "img_url2": null, "img_url3": null, "img_url4": null, "img_url5": null, "服務": "傳統按摩", "original_row_id": 197, "latitude": 22.67287299, "longitude": 120.28843, "url": "https://www.google.com/maps/@?api=1&map_action=pano&viewpoint=22.672872991614,120.288430033386&heading=207&pitch=10&fov=62" }, "geometry": { "type": "Point", "coordinates": [ 120.28843, 22.67287299 ] } },
{ "type": "Feature", "properties": { "名稱": "愛妃養生館", "地址": "704台灣台南市北區公園路751號", "img_url": "https://x.com/iformosa_com/status/1909162942802895214", "img_url2": null, "img_url3": null, "img_url4": null, "img_url5": null, "服務": "養生會館", "original_row_id": 198, "latitude": 23.017937, "longitude": 120.215477, "url": "https://www.google.com/maps/@?api=1&map_action=pano&viewpoint=23.017937002246,120.215476965632&heading=207&pitch=10&fov=62" }, "geometry": { "type": "Point", "coordinates": [ 120.215477, 23.017937 ] } },
{ "type": "Feature", "properties": { "名稱": "真美養生會館", "地址": "704台灣台南市北區公園路541-2號", "img_url": "https://x.com/iformosa_com/status/1916407718325457260", "img_url2": null, "img_url3": null, "img_url4": null, "img_url5": null, "服務": "養生會館", "original_row_id": 199, "latitude": 23.01005101, "longitude": 120.21049, "url": "https://www.google.com/maps/@?api=1&map_action=pano&viewpoint=23.010051014372,120.2104899847&heading=207&pitch=10&fov=62" }, "geometry": { "type": "Point", "coordinates": [ 120.21049, 23.01005101 ] } },
{ "type": "Feature", "properties": { "名稱": "越美鳳養生館", "地址": "704台灣台南市北區公園路599-5號", "img_url": "https://x.com/iformosa_com/status/1916687176278085785", "img_url2": null, "img_url3": null, "img_url4": null, "img_url5": null, "服務": "養生會館", "original_row_id": 200, "latitude": 23.01443999, "longitude": 120.212703, "url": "https://www.google.com/maps/@?api=1&map_action=pano&viewpoint=23.014439988422,120.212702974776&heading=207&pitch=10&fov=62" }, "geometry": { "type": "Point", "coordinates": [ 120.212703, 23.01443999 ] } },
{ "type": "Feature", "properties": { "名稱": "虹橋養身會館(舊尚愛)", "地址": "300台灣新竹市北區中正路507號", "img_url": "https://x.com/iformosa_com/status/1916701716118200776", "img_url2": "https://x.com/iformosa_com/status/1956345378816602356", "img_url3": "https://x.com/iformosa_com/status/1956342763974246426", "img_url4": null, "img_url5": null, "服務": "養生會館", "original_row_id": 201, "latitude": 24.816275, "longitude": 120.957527, "url": "https://www.google.com/maps/@?api=1&map_action=pano&viewpoint=24.81627499909,120.957527021392&heading=207&pitch=10&fov=62" }, "geometry": { "type": "Point", "coordinates": [ 120.957527, 24.816275 ] } },
{ "type": "Feature", "properties": { "名稱": "津綻足體筋絡按摩館", "地址": "702台灣台南市南區大同路二段39號", "img_url": "https://x.com/iformosa_com/status/1916703742017388814", "img_url2": null, "img_url3": null, "img_url4": null, "img_url5": null, "服務": "養生會館", "original_row_id": 202, "latitude": 22.98017699, "longitude": 120.212804, "url": "https://www.google.com/maps/@?api=1&map_action=pano&viewpoint=22.980176989446,120.212803976709&heading=207&pitch=10&fov=62" }, "geometry": { "type": "Point", "coordinates": [ 120.212804, 22.98017699 ] } },
{ "type": "Feature", "properties": { "名稱": "小燕子養生館", "地址": "741台灣台南市善化區大成路136號", "img_url": "https://x.com/iformosa_com/status/1916360454156210637", "img_url2": null, "img_url3": null, "img_url4": null, "img_url5": null, "服務": "養生會館", "original_row_id": 203, "latitude": 23.13050198, "longitude": 120.3023521, "url": "https://www.google.com/maps/@?api=1&map_action=pano&viewpoint=23.130501980488,120.302352123103&heading=207&pitch=10&fov=62" }, "geometry": { "type": "Point", "coordinates": [ 120.3023521, 23.13050198 ] } },
{ "type": "Feature", "properties": { "名稱": "綺綺養生油壓館", "地址": "741台灣台南市善化區興華路283號", "img_url": "https://x.com/iformosa_com/status/1916755021087310266", "img_url2": null, "img_url3": null, "img_url4": null, "img_url5": null, "服務": "養生會館", "original_row_id": 204, "latitude": 23.12689001, "longitude": 120.295335, "url": "https://www.google.com/maps/@?api=1&map_action=pano&viewpoint=23.126890008863,120.295334961403&heading=207&pitch=10&fov=62" }, "geometry": { "type": "Point", "coordinates": [ 120.295335, 23.12689001 ] } },
{ "type": "Feature", "properties": { "名稱": "金華泰式按摩", "地址": "700台灣台南市中西區金華路三段67號2樓", "img_url": "https://x.com/iformosa_com/status/1916758277687513326", "img_url2": null, "img_url3": null, "img_url4": null, "img_url5": null, "服務": "養生會館", "original_row_id": 205, "latitude": 22.989792, "longitude": 120.1922815, "url": "https://www.google.com/maps/@?api=1&map_action=pano&viewpoint=22.989791996307,120.192281473518&heading=207&pitch=10&fov=62" }, "geometry": { "type": "Point", "coordinates": [ 120.1922815, 22.989792 ] } },
{ "type": "Feature", "properties": { "名稱": "彩麗美容會館", "地址": "302台灣新竹縣竹北市縣政二路21號", "img_url": "https://x.com/iformosa_com/status/1955671350204682318", "img_url2": "https://x.com/iformosa_com/status/1955667784953917939", "img_url3": "https://x.com/iformosa_com/status/1955667941007204816", "img_url4": "https://x.com/iformosa_com/status/1955668100994760740", "img_url5": null, "服務": "養生會館", "original_row_id": 207, "latitude": 24.82226001, "longitude": 121.01361, "url": "https://www.google.com/maps/@?api=1&map_action=pano&viewpoint=24.822260013233,121.013610000263&heading=207&pitch=10&fov=62" }, "geometry": { "type": "Point", "coordinates": [ 121.01361, 24.82226001 ] } },
{ "type": "Feature", "properties": { "名稱": "花石間舒壓坊", "地址": "710台灣台南市永康區永福街11巷22號", "img_url": "https://x.com/iformosa_com/status/1916866270156493288", "img_url2": null, "img_url3": null, "img_url4": null, "img_url5": null, "服務": "養生會館", "original_row_id": 208, "latitude": 23.01747202, "longitude": 120.261311, "url": "https://www.google.com/maps/@?api=1&map_action=pano&viewpoint=23.017472016168,120.261310972395&heading=207&pitch=10&fov=62" }, "geometry": { "type": "Point", "coordinates": [ 120.261311, 23.01747202 ] } },
{ "type": "Feature", "properties": { "名稱": "看得見視障按摩", "地址": "701台灣台南市東區林森路一段208號", "img_url": "https://x.com/iformosa_com/status/1916013385554268402", "img_url2": null, "img_url3": null, "img_url4": null, "img_url5": null, "服務": "視障按摩", "original_row_id": 209, "latitude": 22.98218001, "longitude": 120.216929, "url": "https://www.google.com/maps/@?api=1&map_action=pano&viewpoint=22.982180012847,120.216928962719&heading=207&pitch=10&fov=62" }, "geometry": { "type": "Point", "coordinates": [ 120.216929, 22.98218001 ] } },
{ "type": "Feature", "properties": { "名稱": "足品足體養生會館", "地址": "701台灣台南市東區東興路163號", "img_url": "https://x.com/iformosa_com/status/1916041971979977108", "img_url2": null, "img_url3": null, "img_url4": null, "img_url5": null, "服務": "養生會館", "original_row_id": 210, "latitude": 22.99368401, "longitude": 120.229131, "url": "https://www.google.com/maps/@?api=1&map_action=pano&viewpoint=22.993684007318,120.229131002086&heading=207&pitch=10&fov=62" }, "geometry": { "type": "Point", "coordinates": [ 120.229131, 22.99368401 ] } },
{ "type": "Feature", "properties": { "名稱": "喜來登SPA養生館", "地址": "710台灣台南市永康區永安路127號", "img_url": "https://x.com/iformosa_com/status/1912023854475796600", "img_url2": null, "img_url3": null, "img_url4": null, "img_url5": null, "服務": "養生會館", "original_row_id": 211, "latitude": 23.04462201, "longitude": 120.245073, "url": "https://www.google.com/maps/@?api=1&map_action=pano&viewpoint=23.044622006381,120.24507296283&heading=207&pitch=10&fov=62" }, "geometry": { "type": "Point", "coordinates": [ 120.245073, 23.04462201 ] } },
{ "type": "Feature", "properties": { "名稱": "禾康足體養生館", "地址": "612台灣嘉義縣太保市祥和三路東段5號", "img_url": "https://x.com/iformosa_com/status/1917020763401687237", "img_url2": null, "img_url3": null, "img_url4": null, "img_url5": null, "服務": "養生會館", "original_row_id": 213, "latitude": 23.454808, "longitude": 120.293011, "url": "https://www.google.com/maps/@?api=1&map_action=pano&viewpoint=23.454807998359,120.293010994928&heading=207&pitch=10&fov=62" }, "geometry": { "type": "Point", "coordinates": [ 120.293011, 23.454808 ] } },
{ "type": "Feature", "properties": { "名稱": "小珍全身按摩", "地址": "625台灣嘉義縣布袋鎮中正路171號", "img_url": "https://x.com/iformosa_com/status/1917465451384524967", "img_url2": null, "img_url3": null, "img_url4": null, "img_url5": null, "服務": "工作室", "original_row_id": 214, "latitude": 23.38255599, "longitude": 120.154881, "url": "https://www.google.com/maps/@?api=1&map_action=pano&viewpoint=23.382555992986,120.154881002454&heading=207&pitch=10&fov=62" }, "geometry": { "type": "Point", "coordinates": [ 120.154881, 23.38255599 ] } },
{ "type": "Feature", "properties": { "名稱": "丞佑養生會館", "地址": "235台灣新北市中和區中山路二段472號", "img_url": "https://x.com/iformosa_com/status/1917062429542170920", "img_url2": "https://x.com/iformosa_com/status/1955297398772863367", "img_url3": "https://x.com/iformosa_com/status/1955294147725988221", "img_url4": "https://x.com/iformosa_com/status/1955294225601601589", "img_url5": "https://x.com/iformosa_com/status/1955294280735658025", "服務": "養生會館", "original_row_id": 215, "latitude": 25.004705, "longitude": 121.488367, "url": "https://www.google.com/maps/@?api=1&map_action=pano&viewpoint=25.004705002068,121.48836703109&heading=207&pitch=10&fov=62" }, "geometry": { "type": "Point", "coordinates": [ 121.488367, 25.004705 ] } },
{ "type": "Feature", "properties": { "名稱": "樂嬡SPA養生館", "地址": "802台灣高雄市苓雅區正言路78-1號", "img_url": "https://x.com/iformosa_com/status/1955268543215215003", "img_url2": "https://x.com/iformosa_com/status/1955265711703458068", "img_url3": "https://x.com/iformosa_com/status/1955265802837406150", "img_url4": null, "img_url5": null, "服務": "養生會館", "original_row_id": 216, "latitude": 22.63252699, "longitude": 120.331115, "url": "https://www.google.com/maps/@?api=1&map_action=pano&viewpoint=22.632526994046,120.331114959126&heading=207&pitch=10&fov=62" }, "geometry": { "type": "Point", "coordinates": [ 120.331115, 22.63252699 ] } },
{ "type": "Feature", "properties": { "名稱": "維多美容瘦身館(星星SPA)", "地址": "404台灣台中市北區忠明路177號", "img_url": "https://x.com/iformosa_com/status/1920100773385629725", "img_url2": "https://x.com/iformosa_com/status/1917091400015090134", "img_url3": "https://x.com/iformosa_com/status/1917091669494911098", "img_url4": "https://x.com/iformosa_com/status/1917091738105352459", "img_url5": "https://x.com/iformosa_com/status/1917091839636812106", "服務": "養生會館", "original_row_id": 217, "latitude": 24.16270209, "longitude": 120.6647412, "url": "https://www.google.com/maps/@?api=1&map_action=pano&viewpoint=24.162702092045,120.664741192323&heading=207&pitch=10&fov=62" }, "geometry": { "type": "Point", "coordinates": [ 120.6647412, 24.16270209 ] } },
{ "type": "Feature", "properties": { "名稱": "美力工作坊", "地址": "300台灣新竹市東區南大路215號", "img_url": "https://x.com/iformosa_com/status/1920125430516048124", "img_url2": null, "img_url3": null, "img_url4": null, "img_url5": null, "服務": "養生會館 及 工作室", "original_row_id": 218, "latitude": 24.79919302, "longitude": 120.972479, "url": "https://www.google.com/maps/@?api=1&map_action=pano&viewpoint=24.799193015694,120.972478995553&heading=207&pitch=10&fov=62" }, "geometry": { "type": "Point", "coordinates": [ 120.972479, 24.79919302 ] } },
{ "type": "Feature", "properties": { "名稱": "萬保富美容時代會館", "地址": "632台灣雲林縣虎尾鎮林森路一段217號", "img_url": "https://x.com/iformosa_com/status/1917463125223432323", "img_url2": null, "img_url3": null, "img_url4": null, "img_url5": null, "服務": "養生會館", "original_row_id": 219, "latitude": 23.71448409, "longitude": 120.4386984, "url": "https://www.google.com/maps/@?api=1&map_action=pano&viewpoint=23.714484094509,120.438698362763&heading=207&pitch=10&fov=62" }, "geometry": { "type": "Point", "coordinates": [ 120.4386984, 23.71448409 ] } },
{ "type": "Feature", "properties": { "名稱": "紅閣樓SPA美容會館", "地址": "648台灣雲林縣西螺鎮振興路49-1號", "img_url": "https://x.com/iformosa_com/status/1918199443813482872", "img_url2": null, "img_url3": null, "img_url4": null, "img_url5": null, "服務": "養生會館", "original_row_id": 220, "latitude": 23.7789143, "longitude": 120.4500479, "url": "https://www.google.com/maps/@?api=1&map_action=pano&viewpoint=23.7789143,120.4500479&heading=207&pitch=10&fov=62" }, "geometry": { "type": "Point", "coordinates": [ 120.4500479, 23.7789143 ] } },
{ "type": "Feature", "properties": { "名稱": "珊妮越式養生館", "地址": "303台灣新竹縣湖口鄉中華路62號二樓", "img_url": "https://x.com/iformosa_com/status/1917816034146541830", "img_url2": null, "img_url3": null, "img_url4": null, "img_url5": null, "服務": "養生會館", "original_row_id": 222, "latitude": 24.8734742, "longitude": 121.0108136, "url": "https://www.google.com/maps/@?api=1&map_action=pano&viewpoint=24.873474196006,121.010813629725&heading=207&pitch=10&fov=62" }, "geometry": { "type": "Point", "coordinates": [ 121.0108136, 24.8734742 ] } },
{ "type": "Feature", "properties": { "名稱": "越漂亮養生館", "地址": "303台灣新竹縣湖口鄉中華路64號", "img_url": "https://x.com/iformosa_com/status/1918318927010250935", "img_url2": null, "img_url3": null, "img_url4": null, "img_url5": null, "服務": "養生會館", "original_row_id": 223, "latitude": 24.87352252, "longitude": 121.0108458, "url": "https://www.google.com/maps/@?api=1&map_action=pano&viewpoint=24.873522517678,121.010845816234&heading=207&pitch=10&fov=62" }, "geometry": { "type": "Point", "coordinates": [ 121.0108458, 24.87352252 ] } },
{ "type": "Feature", "properties": { "名稱": "梅萍指壓養生推拿", "地址": "606台灣嘉義縣中埔鄉中華路597號", "img_url": "https://x.com/iformosa_com/status/1923004980715209141", "img_url2": null, "img_url3": null, "img_url4": null, "img_url5": null, "服務": "傳統按摩 及 工作室", "original_row_id": 224, "latitude": 23.44512799, "longitude": 120.456902, "url": "https://www.google.com/maps/@?api=1&map_action=pano&viewpoint=23.445127989838,120.456902012442&heading=207&pitch=10&fov=62" }, "geometry": { "type": "Point", "coordinates": [ 120.456902, 23.44512799 ] } },
{ "type": "Feature", "properties": { "名稱": "小女神養生館", "地址": "807台灣高雄市三民區建國二路45號", "img_url": "https://x.com/iformosa_com/status/1918620415875785181", "img_url2": "https://x.com/iformosa_com/status/1918307140810523005", "img_url3": "https://x.com/iformosa_com/status/1918307213132873911", "img_url4": "https://x.com/iformosa_com/status/1918307253842788416", "img_url5": null, "服務": "養生會館", "original_row_id": 225, "latitude": 22.63716998, "longitude": 120.312152, "url": "https://www.google.com/maps/@?api=1&map_action=pano&viewpoint=22.637169981672,120.312151992839&heading=207&pitch=10&fov=62" }, "geometry": { "type": "Point", "coordinates": [ 120.312152, 22.63716998 ] } },
{ "type": "Feature", "properties": { "名稱": "佳蓓紅SPA養生館", "地址": "806台灣高雄市前鎮區光華二路278號", "img_url": "https://x.com/iformosa_com/status/1922942827375231009", "img_url2": null, "img_url3": null, "img_url4": null, "img_url5": null, "服務": "養生會館", "original_row_id": 226, "latitude": 22.61444501, "longitude": 120.318297, "url": "https://www.google.com/maps/@?api=1&map_action=pano&viewpoint=22.614445007692,120.318297017514&heading=207&pitch=10&fov=62" }, "geometry": { "type": "Point", "coordinates": [ 120.318297, 22.61444501 ] } },
{ "type": "Feature", "properties": { "名稱": "金邊泰式按摩養生館", "地址": "242台灣新北市新莊區思源路253號", "img_url": "https://x.com/iformosa_com/status/1922888875732566112", "img_url2": null, "img_url3": null, "img_url4": null, "img_url5": null, "服務": "養生會館", "original_row_id": 227, "latitude": 25.0474481, "longitude": 121.4596555, "url": "https://www.google.com/maps/@?api=1&map_action=pano&viewpoint=25.047448098216,121.459655492315&heading=207&pitch=10&fov=62" }, "geometry": { "type": "Point", "coordinates": [ 121.4596555, 25.0474481 ] } },
{ "type": "Feature", "properties": { "名稱": "小師妹男女養生會館(舊漫步西貢)", "地址": "320台灣桃園市中壢區中山東路二段299號", "img_url": "https://x.com/iformosa_com/status/1919756844907823392", "img_url2": "https://x.com/iformosa_com/status/1924319833417789511", "img_url3": "https://x.com/iformosa_com/status/1919696483361948116", "img_url4": "https://x.com/iformosa_com/status/1919696627805388869", "img_url5": null, "服務": "洗頭按摩", "original_row_id": 228, "latitude": 24.95043838, "longitude": 121.2419107, "url": "https://www.google.com/maps/@?api=1&map_action=pano&viewpoint=24.950438381615,121.24191066308&heading=207&pitch=10&fov=62" }, "geometry": { "type": "Point", "coordinates": [ 121.2419107, 24.95043838 ] } },
{ "type": "Feature", "properties": { "名稱": "伊之村足湯養身行館", "地址": "710台灣台南市永康區中正北路92號", "img_url": "https://x.com/iformosa_com/status/1919803466538463448", "img_url2": null, "img_url3": null, "img_url4": null, "img_url5": null, "服務": "養生會館", "original_row_id": 229, "latitude": 23.041371, "longitude": 120.241303, "url": "https://www.google.com/maps/@?api=1&map_action=pano&viewpoint=23.041371001416,120.241303034239&heading=207&pitch=10&fov=62" }, "geometry": { "type": "Point", "coordinates": [ 120.241303, 23.041371 ] } },
{ "type": "Feature", "properties": { "名稱": "中壢人養身按摩會館", "地址": "320台灣桃園市中壢區裕民街26號", "img_url": "https://x.com/iformosa_com/status/1925766728660701241", "img_url2": null, "img_url3": null, "img_url4": null, "img_url5": null, "服務": "養生會館", "original_row_id": 230, "latitude": 24.9577207, "longitude": 121.2249337, "url": "https://www.google.com/maps/@?api=1&map_action=pano&viewpoint=24.957720704823,121.224933704932&heading=207&pitch=10&fov=62" }, "geometry": { "type": "Point", "coordinates": [ 121.2249337, 24.9577207 ] } },
{ "type": "Feature", "properties": { "名稱": "樂陽健康工房", "地址": "35149台灣苗栗縣頭份市建國路二段288-2號", "img_url": "https://x.com/iformosa_com/status/1921913936024051884", "img_url2": null, "img_url3": null, "img_url4": null, "img_url5": null, "服務": "傳統按摩", "original_row_id": 231, "latitude": 24.6945416, "longitude": 120.900064, "url": "https://www.google.com/maps/@?api=1&map_action=pano&viewpoint=24.694541601788,120.900063962163&heading=207&pitch=10&fov=62" }, "geometry": { "type": "Point", "coordinates": [ 120.900064, 24.6945416 ] } },
{ "type": "Feature", "properties": { "名稱": "和緣經絡推拿", "地址": "710台灣台南市永康區永大路二段978號", "img_url": "https://x.com/iformosa_com/status/1925747704451182740", "img_url2": "https://x.com/iformosa_com/status/1919984203174695019", "img_url3": "https://x.com/iformosa_com/status/1919984292077437427", "img_url4": null, "img_url5": null, "服務": "養生會館", "original_row_id": 232, "latitude": 23.016887, "longitude": 120.263176, "url": "https://www.google.com/maps/@?api=1&map_action=pano&viewpoint=23.016887001235,120.263176029671&heading=207&pitch=10&fov=62" }, "geometry": { "type": "Point", "coordinates": [ 120.263176, 23.016887 ] } },
{ "type": "Feature", "properties": { "名稱": "泰美地泰式紓壓養生館", "地址": "235台灣新北市中和區明仁街13號", "img_url": "https://x.com/iformosa_com/status/1924443508347392054", "img_url2": null, "img_url3": null, "img_url4": null, "img_url5": null, "服務": "養生會館", "original_row_id": 233, "latitude": 24.99564701, "longitude": 121.506096, "url": "https://www.google.com/maps/@?api=1&map_action=pano&viewpoint=24.995647014582,121.506096013592&heading=207&pitch=10&fov=62" }, "geometry": { "type": "Point", "coordinates": [ 121.506096, 24.99564701 ] } },
{ "type": "Feature", "properties": { "名稱": "丹陽泰中式養身館", "地址": "325台灣桃園市龍潭區中豐路281號", "img_url": "https://x.com/iformosa_com/status/1921099739744940502", "img_url2": null, "img_url3": null, "img_url4": null, "img_url5": null, "服務": "養生會館", "original_row_id": 234, "latitude": 24.87768799, "longitude": 121.211719, "url": "https://www.google.com/maps/@?api=1&map_action=pano&viewpoint=24.87768798828,121.211718964023&heading=207&pitch=10&fov=62" }, "geometry": { "type": "Point", "coordinates": [ 121.211719, 24.87768799 ] } },
{ "type": "Feature", "properties": { "名稱": "華興SPA養生館", "地址": "807台灣高雄市三民區建國一路434號", "img_url": "https://x.com/iformosa_com/status/1921187898570748413", "img_url2": null, "img_url3": null, "img_url4": null, "img_url5": null, "服務": "養生會館", "original_row_id": 235, "latitude": 22.63434499, "longitude": 120.318312, "url": "https://www.google.com/maps/@?api=1&map_action=pano&viewpoint=22.634344986935,120.318312021121&heading=207&pitch=10&fov=62" }, "geometry": { "type": "Point", "coordinates": [ 120.318312, 22.63434499 ] } },
{ "type": "Feature", "properties": { "名稱": "千金閣男女養生館", "地址": "542台灣南投縣草屯鎮中正路1639號", "img_url": "https://x.com/iformosa_com/status/1922220314009673785", "img_url2": null, "img_url3": null, "img_url4": null, "img_url5": null, "服務": "養生會館", "original_row_id": 236, "latitude": 24.00075882, "longitude": 120.6901714, "url": "https://www.google.com/maps/@?api=1&map_action=pano&viewpoint=24.000758819282,120.690171383643&heading=207&pitch=10&fov=62" }, "geometry": { "type": "Point", "coordinates": [ 120.6901714, 24.00075882 ] } },
{ "type": "Feature", "properties": { "名稱": "老爺皇家SPA舒壓會館(舊紫金城)", "地址": "542台灣南投縣草屯鎮中正路1358號", "img_url": "https://x.com/iformosa_com/status/1922247015200612411", "img_url2": null, "img_url3": null, "img_url4": null, "img_url5": null, "服務": "養生會館", "original_row_id": 237, "latitude": 23.995405, "longitude": 120.689112, "url": "https://www.google.com/maps/@?api=1&map_action=pano&viewpoint=23.995405004358,120.6891119949&heading=207&pitch=10&fov=62" }, "geometry": { "type": "Point", "coordinates": [ 120.689112, 23.995405 ] } },
{ "type": "Feature", "properties": { "名稱": "藍海會館", "地址": "542台灣南投縣草屯鎮中正路1358號", "img_url": "https://x.com/iformosa_com/status/1922323528277237883", "img_url2": null, "img_url3": null, "img_url4": null, "img_url5": null, "服務": "養生會館", "original_row_id": 238, "latitude": 23.995405, "longitude": 120.689112, "url": "https://www.google.com/maps/@?api=1&map_action=pano&viewpoint=23.995405004358,120.6891119949&heading=207&pitch=10&fov=62" }, "geometry": { "type": "Point", "coordinates": [ 120.689112, 23.995405 ] } },
{ "type": "Feature", "properties": { "名稱": "泰陽花養生會館", "地址": "542台灣南投縣草屯鎮中正路1386號", "img_url": "https://x.com/iformosa_com/status/1922478422871117997", "img_url2": null, "img_url3": null, "img_url4": null, "img_url5": null, "服務": "養生會館", "original_row_id": 239, "latitude": 23.996389, "longitude": 120.68943, "url": "https://www.google.com/maps/@?api=1&map_action=pano&viewpoint=23.996388997881,120.689430004307&heading=207&pitch=10&fov=62" }, "geometry": { "type": "Point", "coordinates": [ 120.68943, 23.996389 ] } },
{ "type": "Feature", "properties": { "名稱": "天下足體養生館", "地址": "428台灣台中市大雅區民生路四段80號", "img_url": "https://x.com/iformosa_com/status/1926516546446221800", "img_url2": null, "img_url3": null, "img_url4": null, "img_url5": null, "服務": "養生會館", "original_row_id": 240, "latitude": 24.23662101, "longitude": 120.6688356, "url": "https://www.google.com/maps/@?api=1&map_action=pano&viewpoint=24.236621006502,120.668835584386&heading=207&pitch=10&fov=62" }, "geometry": { "type": "Point", "coordinates": [ 120.6688356, 24.23662101 ] } },
{ "type": "Feature", "properties": { "名稱": "捷研足體養生館", "地址": "407台灣台中市西屯區寧夏路100號", "img_url": "https://x.com/iformosa_com/status/1925129880926294084", "img_url2": null, "img_url3": null, "img_url4": null, "img_url5": null, "服務": "養生會館", "original_row_id": 241, "latitude": 24.16595549, "longitude": 120.6620038, "url": "https://www.google.com/maps/@?api=1&map_action=pano&viewpoint=24.165955485853,120.662003830384&heading=207&pitch=10&fov=62" }, "geometry": { "type": "Point", "coordinates": [ 120.6620038, 24.16595549 ] } },
{ "type": "Feature", "properties": { "名稱": "陶莉養生館", "地址": "320台灣桃園市中壢區建國北路53號", "img_url": "https://x.com/iformosa_com/status/1927921686885621968", "img_url2": null, "img_url3": null, "img_url4": null, "img_url5": null, "服務": "傳統按摩 及 養生會館", "original_row_id": 242, "latitude": 24.95801298, "longitude": 121.226624, "url": "https://www.google.com/maps/@?api=1&map_action=pano&viewpoint=24.958012981786,121.226623999526&heading=207&pitch=10&fov=62" }, "geometry": { "type": "Point", "coordinates": [ 121.226624, 24.95801298 ] } },
{ "type": "Feature", "properties": { "名稱": "芯悅美妍美體生活館", "地址": "600台灣嘉義市西區世賢路三段560號", "img_url": "https://x.com/iformosa_com/status/1922659412289728559", "img_url2": null, "img_url3": null, "img_url4": null, "img_url5": null, "服務": "養生會館", "original_row_id": 243, "latitude": 23.46107762, "longitude": 120.4387326, "url": "https://www.google.com/maps/@?api=1&map_action=pano&viewpoint=23.461077622955,120.438732628541&heading=207&pitch=10&fov=62" }, "geometry": { "type": "Point", "coordinates": [ 120.4387326, 23.46107762 ] } },
{ "type": "Feature", "properties": { "名稱": "水之吻SPA時尚會館", "地址": "600台灣嘉義市西區北港路1465號", "img_url": "https://x.com/iformosa_com/status/1922873085847392662", "img_url2": null, "img_url3": null, "img_url4": null, "img_url5": null, "服務": "養生會館", "original_row_id": 244, "latitude": 23.49208999, "longitude": 120.39701, "url": "https://www.google.com/maps/@?api=1&map_action=pano&viewpoint=23.492089991221,120.397009961492&heading=207&pitch=10&fov=62" }, "geometry": { "type": "Point", "coordinates": [ 120.39701, 23.49208999 ] } },
{ "type": "Feature", "properties": { "名稱": "活泉足體養身世界", "地址": "104台灣台北市中山區民權東路二段134號", "img_url": "https://x.com/iformosa_com/status/1928854999938769085", "img_url2": null, "img_url3": null, "img_url4": null, "img_url5": null, "服務": "養生會館", "original_row_id": 245, "latitude": 25.06230301, "longitude": 121.532923, "url": "https://www.google.com/maps/@?api=1&map_action=pano&viewpoint=25.062303009938,121.532922965257&heading=207&pitch=10&fov=62" }, "geometry": { "type": "Point", "coordinates": [ 121.532923, 25.06230301 ] } },
{ "type": "Feature", "properties": { "名稱": "珍珍慧越式按摩", "地址": "637台灣雲林縣崙背鄉正義路80-19號", "img_url": "https://x.com/iformosa_com/status/1925428669209842033", "img_url2": null, "img_url3": null, "img_url4": null, "img_url5": null, "服務": "洗頭按摩 及 養生會館", "original_row_id": 246, "latitude": 23.7611786, "longitude": 120.3595211, "url": "https://www.google.com/maps/@?api=1&map_action=pano&viewpoint=23.761178599308,120.359521052865&heading=207&pitch=10&fov=62" }, "geometry": { "type": "Point", "coordinates": [ 120.3595211, 23.7611786 ] } },
{ "type": "Feature", "properties": { "名稱": "古坑按摩養生館", "地址": "646台灣雲林縣古坑鄉西平路3號", "img_url": "https://x.com/iformosa_com/status/1926863032140906941", "img_url2": null, "img_url3": null, "img_url4": null, "img_url5": null, "服務": "視障按摩", "original_row_id": 247, "latitude": 23.64664621, "longitude": 120.5609182, "url": "https://www.google.com/maps/@?api=1&map_action=pano&viewpoint=23.646646208897,120.560918161907&heading=207&pitch=10&fov=62" }, "geometry": { "type": "Point", "coordinates": [ 120.5609182, 23.64664621 ] } },
{ "type": "Feature", "properties": { "名稱": "寶嘉莉生醫美學SPA", "地址": "351台灣苗栗縣頭份市東民五街23號", "img_url": "https://x.com/iformosa_com/status/1925537755179999667", "img_url2": null, "img_url3": null, "img_url4": null, "img_url5": null, "服務": "美容芳療", "original_row_id": 248, "latitude": 24.68870901, "longitude": 120.902029, "url": "https://www.google.com/maps/@?api=1&map_action=pano&viewpoint=24.688709012553,120.902029015544&heading=207&pitch=10&fov=62" }, "geometry": { "type": "Point", "coordinates": [ 120.902029, 24.68870901 ] } },
{ "type": "Feature", "properties": { "名稱": "伊莎漫SPA會館", "地址": "800台灣高雄市新興區96 七賢二路", "img_url": "https://x.com/iformosa_com/status/1930890535071592785", "img_url2": "https://x.com/iformosa_com/status/1926233328690045122", "img_url3": "https://x.com/iformosa_com/status/1926233384449179675", "img_url4": "https://x.com/iformosa_com/status/1926233454565265635", "img_url5": null, "服務": "養生會館", "original_row_id": 249, "latitude": 22.63428698, "longitude": 120.298636, "url": "https://www.google.com/maps/@?api=1&map_action=pano&viewpoint=22.634286984165,120.29863600633&heading=207&pitch=10&fov=62" }, "geometry": { "type": "Point", "coordinates": [ 120.298636, 22.63428698 ] } },
{ "type": "Feature", "properties": { "名稱": "夏天健康館(舊沐晴)", "地址": "243台灣新北市泰山區明志路二段384號", "img_url": null, "img_url2": "https://x.com/iformosa_com/status/1952949511434977747", "img_url3": "https://x.com/iformosa_com/status/1952949565688299545", "img_url4": null, "img_url5": null, "服務": "養生會館", "original_row_id": 250, "latitude": 25.0446099, "longitude": 121.4253544, "url": "https://www.google.com/maps/@?api=1&map_action=pano&viewpoint=25.044609901982,121.425354397588&heading=207&pitch=10&fov=62" }, "geometry": { "type": "Point", "coordinates": [ 121.4253544, 25.0446099 ] } },
{ "type": "Feature", "properties": { "名稱": "春天美容護膚", "地址": "640台灣雲林縣斗六市大學路一段605號", "img_url": "https://x.com/iformosa_com/status/1928449786916520293", "img_url2": null, "img_url3": null, "img_url4": null, "img_url5": null, "服務": "養生會館", "original_row_id": 251, "latitude": 23.70389302, "longitude": 120.554667, "url": "https://www.google.com/maps/@?api=1&map_action=pano&viewpoint=23.703893015023,120.554667022338&heading=207&pitch=10&fov=62" }, "geometry": { "type": "Point", "coordinates": [ 120.554667, 23.70389302 ] } },
{ "type": "Feature", "properties": { "名稱": "奈拉男女SPA館", "地址": "807台灣高雄市三民區明誠一路812號", "img_url": "https://x.com/iformosa_com/status/1930648307417981036", "img_url2": null, "img_url3": null, "img_url4": null, "img_url5": null, "服務": "美容芳療", "original_row_id": 252, "latitude": 22.65994399, "longitude": 120.317024, "url": "https://www.google.com/maps/@?api=1&map_action=pano&viewpoint=22.659943989785,120.31702397406&heading=207&pitch=10&fov=62" }, "geometry": { "type": "Point", "coordinates": [ 120.317024, 22.65994399 ] } },
{ "type": "Feature", "properties": { "名稱": "雅竹美學館", "地址": "403台灣台中市西區長春街56號", "img_url": "https://x.com/iformosa_com/status/1930625940729860355", "img_url2": "https://x.com/iformosa_com/status/1927280298334601390", "img_url3": "https://x.com/iformosa_com/status/1927280385441841184", "img_url4": "https://x.com/iformosa_com/status/1927280483794059305", "img_url5": null, "服務": "美容芳療", "original_row_id": 253, "latitude": 24.15473811, "longitude": 120.6601741, "url": "https://www.google.com/maps/@?api=1&map_action=pano&viewpoint=24.154738110562,120.66017406092&heading=207&pitch=10&fov=62" }, "geometry": { "type": "Point", "coordinates": [ 120.6601741, 24.15473811 ] } },
{ "type": "Feature", "properties": { "名稱": "紫晴SPA按摩坊", "地址": "640台灣雲林縣斗六市大學路一段601號", "img_url": "https://x.com/iformosa_com/status/1930859578314608881", "img_url2": null, "img_url3": null, "img_url4": null, "img_url5": null, "服務": "養生會館", "original_row_id": 254, "latitude": 23.703976, "longitude": 120.554679, "url": "https://www.google.com/maps/@?api=1&map_action=pano&viewpoint=23.703975995865,120.554679008459&heading=207&pitch=10&fov=62" }, "geometry": { "type": "Point", "coordinates": [ 120.554679, 23.703976 ] } },
{ "type": "Feature", "properties": { "名稱": "靚秀佳人美學館", "地址": "435台灣台中市梧棲區台灣大道九段380號", "img_url": "https://x.com/iformosa_com/status/1928674527887728751", "img_url2": null, "img_url3": null, "img_url4": null, "img_url5": null, "服務": "美容芳療、洗頭按摩、及 養生會館", "original_row_id": 255, "latitude": 24.25303772, "longitude": 120.5286075, "url": "https://www.google.com/maps/@?api=1&map_action=pano&viewpoint=24.253037718243,120.528607517727&heading=207&pitch=10&fov=62" }, "geometry": { "type": "Point", "coordinates": [ 120.5286075, 24.25303772 ] } },
{ "type": "Feature", "properties": { "名稱": "晴羽SPA美容坊", "地址": "807台灣高雄市三民區新民路93號", "img_url": "https://x.com/iformosa_com/status/1929854456092557697", "img_url2": "https://x.com/iformosa_com/status/1928725766172225847", "img_url3": "https://x.com/iformosa_com/status/1928725871554158992", "img_url4": null, "img_url5": null, "服務": "洗頭按摩 及 養生會館", "original_row_id": 256, "latitude": 22.65196702, "longitude": 120.323565, "url": "https://www.google.com/maps/@?api=1&map_action=pano&viewpoint=22.651967016352,120.323564959841&heading=207&pitch=10&fov=62" }, "geometry": { "type": "Point", "coordinates": [ 120.323565, 22.65196702 ] } },
{ "type": "Feature", "properties": { "名稱": "米娜MinaSPA越式洗頭", "地址": "811台灣高雄市楠梓區清豐路722號", "img_url": "https://x.com/iformosa_com/status/1931008306375766158", "img_url2": "https://x.com/iformosa_com/status/1928838801633292352", "img_url3": "https://x.com/iformosa_com/status/1928838868133929456", "img_url4": null, "img_url5": null, "服務": "養生會館", "original_row_id": 257, "latitude": 22.73756699, "longitude": 120.325117, "url": "https://www.google.com/maps/@?api=1&map_action=pano&viewpoint=22.737566992984,120.325117036852&heading=207&pitch=10&fov=62" }, "geometry": { "type": "Point", "coordinates": [ 120.325117, 22.73756699 ] } },
{ "type": "Feature", "properties": { "名稱": "泰舒福養身館", "地址": "200台灣基隆市仁愛區愛三路128號3樓", "img_url": "https://x.com/iformosa_com/status/1928823853666709634", "img_url2": null, "img_url3": null, "img_url4": null, "img_url5": null, "服務": "養生會館", "original_row_id": 258, "latitude": 25.12977201, "longitude": 121.743773, "url": "https://www.google.com/maps/@?api=1&map_action=pano&viewpoint=25.129772007991,121.743773008577&heading=207&pitch=10&fov=62" }, "geometry": { "type": "Point", "coordinates": [ 121.743773, 25.12977201 ] } },
{ "type": "Feature", "properties": { "名稱": "緣MiniSPA館", "地址": "401台灣台中市東區福仁街269號", "img_url": "https://x.com/iformosa_com/status/1931177180286824527", "img_url2": null, "img_url3": null, "img_url4": null, "img_url5": null, "服務": "洗頭按摩 及 養生會館", "original_row_id": 259, "latitude": 24.14447501, "longitude": 120.686643, "url": "https://www.google.com/maps/@?api=1&map_action=pano&viewpoint=24.144475014948,120.686643021501&heading=207&pitch=10&fov=62" }, "geometry": { "type": "Point", "coordinates": [ 120.686643, 24.14447501 ] } },
{ "type": "Feature", "properties": { "名稱": "寶貝美容坊", "地址": "830台灣高雄市鳳山區保泰路151號", "img_url": "https://x.com/iformosa_com/status/1931757037815484439", "img_url2": "https://x.com/iformosa_com/status/1931300887311626406", "img_url3": null, "img_url4": null, "img_url5": null, "服務": "美容芳療 及 養生會館", "original_row_id": 260, "latitude": 22.60042099, "longitude": 120.329579, "url": "https://www.google.com/maps/@?api=1&map_action=pano&viewpoint=22.600420994032,120.329578975369&heading=207&pitch=10&fov=62" }, "geometry": { "type": "Point", "coordinates": [ 120.329579, 22.60042099 ] } },
{ "type": "Feature", "properties": { "名稱": "佳展足體養生館", "地址": "247台灣新北市蘆洲區中原路78號", "img_url": "https://x.com/iformosa_com/status/1935239725247512699", "img_url2": null, "img_url3": null, "img_url4": null, "img_url5": null, "服務": "養生會館", "original_row_id": 261, "latitude": 25.08197601, "longitude": 121.458013, "url": "https://www.google.com/maps/@?api=1&map_action=pano&viewpoint=25.081976007243,121.458012974569&heading=207&pitch=10&fov=62" }, "geometry": { "type": "Point", "coordinates": [ 121.458013, 25.08197601 ] } },
{ "type": "Feature", "properties": { "名稱": "龍泰養身館", "地址": "324台灣桃園市平鎮區正義路58號", "img_url": "https://x.com/iformosa_com/status/1952022469029818839", "img_url2": null, "img_url3": null, "img_url4": null, "img_url5": null, "服務": "養生會館", "original_row_id": 262, "latitude": 24.9297846, "longitude": 121.2220332, "url": "https://www.google.com/maps/@?api=1&map_action=pano&viewpoint=24.929784602568,121.222033209572&heading=207&pitch=10&fov=62" }, "geometry": { "type": "Point", "coordinates": [ 121.2220332, 24.9297846 ] } },
{ "type": "Feature", "properties": { "名稱": "太妃殿休閒會館", "地址": "333台灣桃園市龜山區萬壽路一段33、35號", "img_url": "https://x.com/iformosa_com/status/1932872777016750200", "img_url2": null, "img_url3": null, "img_url4": null, "img_url5": null, "服務": "養生會館", "original_row_id": 263, "latitude": 25.02056289, "longitude": 121.4100142, "url": "https://www.google.com/maps/@?api=1&map_action=pano&viewpoint=25.020562889795,121.410014245459&heading=207&pitch=10&fov=62" }, "geometry": { "type": "Point", "coordinates": [ 121.4100142, 25.02056289 ] } },
{ "type": "Feature", "properties": { "名稱": "姿萱美容舒壓會館", "地址": "333台灣桃園市龜山區萬壽路一段135號", "img_url": "https://x.com/iformosa_com/status/1934065065571008629", "img_url2": null, "img_url3": null, "img_url4": null, "img_url5": null, "服務": "養生會館", "original_row_id": 264, "latitude": 25.01848799, "longitude": 121.40809, "url": "https://www.google.com/maps/@?api=1&map_action=pano&viewpoint=25.018487994102,121.40809002398&heading=207&pitch=10&fov=62" }, "geometry": { "type": "Point", "coordinates": [ 121.40809, 25.01848799 ] } },
{ "type": "Feature", "properties": { "名稱": "美艷養生館", "地址": "242台灣新北市新莊區民安西路339號", "img_url": "https://x.com/iformosa_com/status/1932348927459905648", "img_url2": null, "img_url3": null, "img_url4": null, "img_url5": null, "服務": "養生會館", "original_row_id": 265, "latitude": 25.01091189, "longitude": 121.4279228, "url": "https://www.google.com/maps/@?api=1&map_action=pano&viewpoint=25.010911885188,121.427922780359&heading=207&pitch=10&fov=62" }, "geometry": { "type": "Point", "coordinates": [ 121.4279228, 25.01091189 ] } },
{ "type": "Feature", "properties": { "名稱": "紫京城養生會館", "地址": "333台灣桃園市龜山區萬壽路一段73號", "img_url": "https://x.com/iformosa_com/status/1932368466105028800", "img_url2": null, "img_url3": null, "img_url4": null, "img_url5": null, "服務": "養生會館", "original_row_id": 266, "latitude": 25.019783, "longitude": 121.409705, "url": "https://www.google.com/maps/@?api=1&map_action=pano&viewpoint=25.019782998143,121.409704965264&heading=207&pitch=10&fov=62" }, "geometry": { "type": "Point", "coordinates": [ 121.409705, 25.019783 ] } },
{ "type": "Feature", "properties": { "名稱": "曉羽純美容會館", "地址": "23868台灣新北市樹林區中正路829號", "img_url": "https://x.com/iformosa_com/status/1935411241880797360", "img_url2": "https://x.com/iformosa_com/status/1931989521085984826", "img_url3": "https://x.com/iformosa_com/status/1931989597787222386", "img_url4": null, "img_url5": null, "服務": "養生會館", "original_row_id": 267, "latitude": 25.01733498, "longitude": 121.40916, "url": "https://www.google.com/maps/@?api=1&map_action=pano&viewpoint=25.017334979501,121.40915997392&heading=207&pitch=10&fov=62" }, "geometry": { "type": "Point", "coordinates": [ 121.40916, 25.01733498 ] } },
{ "type": "Feature", "properties": { "名稱": "麗娜健康館", "地址": "333台灣桃園市龜山區萬壽路一段147號", "img_url": "https://x.com/iformosa_com/status/1934182759704268826", "img_url2": null, "img_url3": null, "img_url4": null, "img_url5": null, "服務": "養生會館", "original_row_id": 268, "latitude": 25.01834898, "longitude": 121.407821, "url": "https://www.google.com/maps/@?api=1&map_action=pano&viewpoint=25.018348980238,121.407820964888&heading=207&pitch=10&fov=62" }, "geometry": { "type": "Point", "coordinates": [ 121.407821, 25.01834898 ] } },
{ "type": "Feature", "properties": { "名稱": "龍城養身會館", "地址": "333台灣桃園市龜山區萬壽路一段8號", "img_url": "https://x.com/iformosa_com/status/1937165782213091728", "img_url2": null, "img_url3": null, "img_url4": null, "img_url5": null, "服務": "養生會館", "original_row_id": 269, "latitude": 25.02090471, "longitude": 121.4098275, "url": "https://www.google.com/maps/@?api=1&map_action=pano&viewpoint=25.020904706335,121.409827508689&heading=207&pitch=10&fov=62" }, "geometry": { "type": "Point", "coordinates": [ 121.4098275, 25.02090471 ] } },
{ "type": "Feature", "properties": { "名稱": "麗娜養生館(舊思情)", "地址": "540台灣南投縣南投市彰南路二段452號", "img_url": "https://x.com/iformosa_com/status/1937310940430762187", "img_url2": null, "img_url3": null, "img_url4": null, "img_url5": null, "服務": "養生會館", "original_row_id": 271, "latitude": 23.91721341, "longitude": 120.6785877, "url": "https://www.google.com/maps/@?api=1&map_action=pano&viewpoint=23.917213414757,120.678587677273&heading=207&pitch=10&fov=62" }, "geometry": { "type": "Point", "coordinates": [ 120.6785877, 23.91721341 ] } },
{ "type": "Feature", "properties": { "名稱": "泰泰放鬆館", "地址": "950台灣台東縣台東市中興路二段450巷3號", "img_url": "https://x.com/iformosa_com/status/1937324108028739630", "img_url2": null, "img_url3": null, "img_url4": null, "img_url5": null, "服務": "養生會館", "original_row_id": 272, "latitude": 22.76897801, "longitude": 121.123432, "url": "https://www.google.com/maps/@?api=1&map_action=pano&viewpoint=22.768978007496,121.123431958781&heading=207&pitch=10&fov=62" }, "geometry": { "type": "Point", "coordinates": [ 121.123432, 22.76897801 ] } },
{ "type": "Feature", "properties": { "名稱": "金鑽石養生會館", "地址": "241台灣新北市三重區自強路四段37號", "img_url": "https://x.com/iformosa_com/status/1937326271723372669", "img_url2": "https://x.com/iformosa_com/status/1932720904876028031", "img_url3": "https://x.com/iformosa_com/status/1932720987264753753", "img_url4": "https://x.com/iformosa_com/status/1932721043292238179", "img_url5": null, "服務": "養生會館", "original_row_id": 273, "latitude": 25.07687398, "longitude": 121.489231, "url": "https://www.google.com/maps/@?api=1&map_action=pano&viewpoint=25.076873984689,121.489231037669&heading=207&pitch=10&fov=62" }, "geometry": { "type": "Point", "coordinates": [ 121.489231, 25.07687398 ] } },
{ "type": "Feature", "properties": { "名稱": "芊綺養生會館", "地址": "247台灣新北市蘆洲區三民路133號", "img_url": "https://x.com/iformosa_com/status/1951489706975436813", "img_url2": "https://x.com/iformosa_com/status/1951482478981685468", "img_url3": "https://x.com/iformosa_com/status/1951482549777347011", "img_url4": null, "img_url5": null, "服務": "養生會館", "original_row_id": 274, "latitude": 25.08635501, "longitude": 121.471943, "url": "https://www.google.com/maps/@?api=1&map_action=pano&viewpoint=25.086355006828,121.471943027094&heading=207&pitch=10&fov=62" }, "geometry": { "type": "Point", "coordinates": [ 121.471943, 25.08635501 ] } },
{ "type": "Feature", "properties": { "名稱": "星月泰式養生館", "地址": "505台灣彰化縣鹿港鎮中正路263號", "img_url": "https://x.com/iformosa_com/status/1933430631134036071", "img_url2": null, "img_url3": null, "img_url4": null, "img_url5": null, "服務": "養生會館", "original_row_id": 275, "latitude": 24.05605302, "longitude": 120.440159, "url": "https://www.google.com/maps/@?api=1&map_action=pano&viewpoint=24.056053019155,120.440158993211&heading=207&pitch=10&fov=62" }, "geometry": { "type": "Point", "coordinates": [ 120.440159, 24.05605302 ] } },
{ "type": "Feature", "properties": { "名稱": "愛萊舒壓會館", "地址": "540台灣南投縣南投市南崗二路623號", "img_url": "https://x.com/iformosa_com/status/1939917117606043717", "img_url2": null, "img_url3": null, "img_url4": null, "img_url5": null, "服務": "養生會館", "original_row_id": 276, "latitude": 23.92096708, "longitude": 120.6730777, "url": "https://www.google.com/maps/@?api=1&map_action=pano&viewpoint=23.920967082456,120.673077665583&heading=207&pitch=10&fov=62" }, "geometry": { "type": "Point", "coordinates": [ 120.6730777, 23.92096708 ] } },
{ "type": "Feature", "properties": { "名稱": "涵玥閣男女養生會館", "地址": "540台灣南投縣南投市南崗二路641號", "img_url": "https://x.com/iformosa_com/status/1939947695214415904", "img_url2": null, "img_url3": null, "img_url4": null, "img_url5": null, "服務": "養生會館", "original_row_id": 277, "latitude": 23.921391, "longitude": 120.67287, "url": "https://www.google.com/maps/@?api=1&map_action=pano&viewpoint=23.921390997209,120.672869962022&heading=207&pitch=10&fov=62" }, "geometry": { "type": "Point", "coordinates": [ 120.67287, 23.921391 ] } },
{ "type": "Feature", "properties": { "名稱": "麗新男女養生館", "地址": "540台灣南投縣南投市南崗二路652號", "img_url": "https://x.com/iformosa_com/status/1939962432576713117", "img_url2": null, "img_url3": null, "img_url4": null, "img_url5": null, "服務": "養生會館", "original_row_id": 278, "latitude": 23.921356, "longitude": 120.673597, "url": "https://www.google.com/maps/@?api=1&map_action=pano&viewpoint=23.921356002764,120.673597008304&heading=207&pitch=10&fov=62" }, "geometry": { "type": "Point", "coordinates": [ 120.673597, 23.921356 ] } },
{ "type": "Feature", "properties": { "名稱": "愛丁堡舒活館", "地址": "600台灣嘉義市西區興達路594號", "img_url": "https://x.com/iformosa_com/status/1940697523079073921", "img_url2": null, "img_url3": null, "img_url4": null, "img_url5": null, "服務": "養生會館", "original_row_id": 279, "latitude": 23.485095, "longitude": 120.428794, "url": "https://www.google.com/maps/@?api=1&map_action=pano&viewpoint=23.485094999655,120.428793970695&heading=207&pitch=10&fov=62" }, "geometry": { "type": "Point", "coordinates": [ 120.428794, 23.485095 ] } },
{ "type": "Feature", "properties": { "名稱": "千儷養生館", "地址": "812台灣高雄市小港區高鳳路439號", "img_url": "https://x.com/iformosa_com/status/1940021417229328492", "img_url2": null, "img_url3": null, "img_url4": null, "img_url5": null, "服務": "養生會館", "original_row_id": 280, "latitude": 22.58529698, "longitude": 120.367882, "url": "https://www.google.com/maps/@?api=1&map_action=pano&viewpoint=22.585296981309,120.367882009767&heading=207&pitch=10&fov=62" }, "geometry": { "type": "Point", "coordinates": [ 120.367882, 22.58529698 ] } },
{ "type": "Feature", "properties": { "名稱": "鳳才養生館", "地址": "522台灣彰化縣田尾鄉中山路一段臨518號", "img_url": "https://x.com/iformosa_com/status/1934860335493861614", "img_url2": null, "img_url3": null, "img_url4": null, "img_url5": null, "服務": "養生會館", "original_row_id": 281, "latitude": 23.89208437, "longitude": 120.5298218, "url": "https://www.google.com/maps/@?api=1&map_action=pano&viewpoint=23.892084374741,120.529821764794&heading=207&pitch=10&fov=62" }, "geometry": { "type": "Point", "coordinates": [ 120.5298218, 23.89208437 ] } },
{ "type": "Feature", "properties": { "名稱": "金足閣養身會館", "地址": "522台灣彰化縣田尾鄉中山路一段362號", "img_url": "https://x.com/iformosa_com/status/1938839893641408830", "img_url2": null, "img_url3": null, "img_url4": null, "img_url5": null, "服務": "洗頭按摩 及 養生會館", "original_row_id": 282, "latitude": 23.889731, "longitude": 120.526703, "url": "https://www.google.com/maps/@?api=1&map_action=pano&viewpoint=23.889730998264,120.526702981687&heading=207&pitch=10&fov=62" }, "geometry": { "type": "Point", "coordinates": [ 120.526703, 23.889731 ] } },
{ "type": "Feature", "properties": { "名稱": "楷悅SPA舒壓會館(舊越香)", "地址": "247台灣新北市蘆洲區中山一路186號", "img_url": "https://x.com/iformosa_com/status/1937846301481435395", "img_url2": "https://x.com/iformosa_com/status/1934893914160509120", "img_url3": "https://x.com/iformosa_com/status/1934893973438648783", "img_url4": "https://x.com/iformosa_com/status/1934894032788050314", "img_url5": "https://x.com/iformosa_com/status/1934896052282515616", "服務": "養生會館", "original_row_id": 283, "latitude": 25.08100169, "longitude": 121.4737931, "url": "https://www.google.com/maps/@?api=1&map_action=pano&viewpoint=25.081001694818,121.473793080763&heading=207&pitch=10&fov=62" }, "geometry": { "type": "Point", "coordinates": [ 121.4737931, 25.08100169 ] } },
{ "type": "Feature", "properties": { "名稱": "新世界養生會館", "地址": "522台灣彰化縣田尾鄉中山路一段239號", "img_url": "https://x.com/iformosa_com/status/1938886539913965650", "img_url2": null, "img_url3": null, "img_url4": null, "img_url5": null, "服務": "養生會館", "original_row_id": 284, "latitude": 23.88843101, "longitude": 120.525041, "url": "https://www.google.com/maps/@?api=1&map_action=pano&viewpoint=23.888431006991,120.525041017926&heading=207&pitch=10&fov=62" }, "geometry": { "type": "Point", "coordinates": [ 120.525041, 23.88843101 ] } },
{ "type": "Feature", "properties": { "名稱": "大富豪養生會館", "地址": "522台灣彰化縣田尾鄉中山路一段131號", "img_url": "https://x.com/iformosa_com/status/1934982533504249878", "img_url2": null, "img_url3": null, "img_url4": null, "img_url5": null, "服務": "養生會館", "original_row_id": 285, "latitude": 23.88580102, "longitude": 120.523861, "url": "https://www.google.com/maps/@?api=1&map_action=pano&viewpoint=23.885801017231,120.523861013597&heading=207&pitch=10&fov=62" }, "geometry": { "type": "Point", "coordinates": [ 120.523861, 23.88580102 ] } },
{ "type": "Feature", "properties": { "名稱": "艾菲爾精品美容", "地址": "300台灣新竹市東區民生路167號", "img_url": "https://x.com/iformosa_com/status/1936694771139104978", "img_url2": "https://x.com/iformosa_com/status/1960792912779993578", "img_url3": "https://x.com/iformosa_com/status/1950760443468980369", "img_url4": "https://x.com/iformosa_com/status/1950760504093512107", "img_url5": "https://x.com/iformosa_com/status/1950760553703772425", "服務": "養生會館", "original_row_id": 286, "latitude": 24.81100669, "longitude": 120.9762696, "url": "https://www.google.com/maps/@?api=1&map_action=pano&viewpoint=24.811006690815,120.976269550323&heading=207&pitch=10&fov=62" }, "geometry": { "type": "Point", "coordinates": [ 120.9762696, 24.81100669 ] } },
{ "type": "Feature", "properties": { "名稱": "泰越美養生會館", "地址": "247台灣新北市蘆洲區中山一路229號", "img_url": "https://x.com/iformosa_com/status/1941835579634958784", "img_url2": "https://x.com/iformosa_com/status/1936710230475481370", "img_url3": "https://x.com/iformosa_com/status/1936710317511409981", "img_url4": "https://x.com/iformosa_com/status/1936710392400785554", "img_url5": null, "服務": "養生會館", "original_row_id": 287, "latitude": 25.080687, "longitude": 121.473685, "url": "https://www.google.com/maps/@?api=1&map_action=pano&viewpoint=25.080686996263,121.473685038031&heading=207&pitch=10&fov=62" }, "geometry": { "type": "Point", "coordinates": [ 121.473685, 25.080687 ] } },
{ "type": "Feature", "properties": { "名稱": "美麗金邊泰式養生館", "地址": "801台灣高雄市前金區七賢二路272號", "img_url": "https://x.com/iformosa_com/status/1936796679354900874", "img_url2": "https://x.com/iformosa_com/status/1936358935973482799", "img_url3": "https://x.com/iformosa_com/status/1936359039258231089", "img_url4": null, "img_url5": null, "服務": "養生會館", "original_row_id": 288, "latitude": 22.63209202, "longitude": 120.292048, "url": "https://www.google.com/maps/@?api=1&map_action=pano&viewpoint=22.632092015181,120.292047998073&heading=207&pitch=10&fov=62" }, "geometry": { "type": "Point", "coordinates": [ 120.292048, 22.63209202 ] } },
{ "type": "Feature", "properties": { "名稱": "白金青池足體按摩館", "地址": "407台灣台中市西屯區上石路109號", "img_url": "https://x.com/iformosa_com/status/1936810088263766458", "img_url2": null, "img_url3": null, "img_url4": null, "img_url5": null, "服務": "視障按摩 及 養生會館", "original_row_id": 289, "latitude": 24.1698156, "longitude": 120.6451498, "url": "https://www.google.com/maps/@?api=1&map_action=pano&viewpoint=24.169815603723,120.645149834754&heading=207&pitch=10&fov=62" }, "geometry": { "type": "Point", "coordinates": [ 120.6451498, 24.1698156 ] } },
{ "type": "Feature", "properties": { "名稱": "艾菲爾SPA生活館", "地址": "407台灣台中市西屯區上石路148號", "img_url": "https://x.com/iformosa_com/status/1936821269036691472", "img_url2": null, "img_url3": null, "img_url4": null, "img_url5": null, "服務": "美容芳療", "original_row_id": 290, "latitude": 24.16965098, "longitude": 120.645391, "url": "https://www.google.com/maps/@?api=1&map_action=pano&viewpoint=24.169650983144,120.645390982109&heading=207&pitch=10&fov=62" }, "geometry": { "type": "Point", "coordinates": [ 120.645391, 24.16965098 ] } },
{ "type": "Feature", "properties": { "名稱": "純純養生館", "地址": "737台灣台南市鹽水區7 金和路", "img_url": "https://x.com/iformosa_com/status/1938423562161033241", "img_url2": null, "img_url3": null, "img_url4": null, "img_url5": null, "服務": "美容芳療", "original_row_id": 291, "latitude": 23.32412, "longitude": 120.262801, "url": "https://www.google.com/maps/@?api=1&map_action=pano&viewpoint=23.324120004347,120.262801023323&heading=207&pitch=10&fov=62" }, "geometry": { "type": "Point", "coordinates": [ 120.262801, 23.32412 ] } },
{ "type": "Feature", "properties": { "名稱": "泰馨舒壓養身坊", "地址": "106台灣台北市大安區復興南路二段111巷3弄6號", "img_url": "https://x.com/iformosa_com/status/1938473114675122557", "img_url2": null, "img_url3": null, "img_url4": null, "img_url5": null, "服務": "養生會館", "original_row_id": 292, "latitude": 25.03035199, "longitude": 121.543972, "url": "https://www.google.com/maps/@?api=1&map_action=pano&viewpoint=25.030351991314,121.543971990023&heading=207&pitch=10&fov=62" }, "geometry": { "type": "Point", "coordinates": [ 121.543972, 25.03035199 ] } },
{ "type": "Feature", "properties": { "名稱": "88男女養生館", "地址": "330台灣桃園市桃園區介壽路216號", "img_url": "https://x.com/iformosa_com/status/1938528529307906129", "img_url2": null, "img_url3": null, "img_url4": null, "img_url5": null, "服務": "養生會館", "original_row_id": 293, "latitude": 24.98289701, "longitude": 121.308543, "url": "https://www.google.com/maps/@?api=1&map_action=pano&viewpoint=24.982897008296,121.308543021469&heading=207&pitch=10&fov=62" }, "geometry": { "type": "Point", "coordinates": [ 121.308543, 24.98289701 ] } },
{ "type": "Feature", "properties": { "名稱": "88 SPA養生館", "地址": "351台灣苗栗縣頭份市公北三路110號", "img_url": "https://x.com/iformosa_com/status/1939670023460803032", "img_url2": "https://x.com/iformosa_com/status/1938551686357991449", "img_url3": "https://x.com/iformosa_com/status/1938551743031497009", "img_url4": "https://x.com/iformosa_com/status/1938551790863343937", "img_url5": null, "服務": "養生會館", "original_row_id": 294, "latitude": 24.69331001, "longitude": 120.88875, "url": "https://www.google.com/maps/@?api=1&map_action=pano&viewpoint=24.693310006844,120.888749985438&heading=207&pitch=10&fov=62" }, "geometry": { "type": "Point", "coordinates": [ 120.88875, 24.69331001 ] } },
{ "type": "Feature", "properties": { "名稱": "十八男女養生會館-桃園市府店", "地址": "330台灣桃園市桃園區中山路455號", "img_url": "https://x.com/iformosa_com/status/1939698832276959501", "img_url2": "https://x.com/iformosa_com/status/1939682804272672972", "img_url3": null, "img_url4": null, "img_url5": null, "服務": "養生會館", "original_row_id": 295, "latitude": 24.99164202, "longitude": 121.299438, "url": "https://www.google.com/maps/@?api=1&map_action=pano&viewpoint=24.991642015517,121.299438011506&heading=207&pitch=10&fov=62" }, "geometry": { "type": "Point", "coordinates": [ 121.299438, 24.99164202 ] } },
{ "type": "Feature", "properties": { "名稱": "漢方髮浴養生館", "地址": "880台灣澎湖縣馬公市民權路68號", "img_url": "https://x.com/iformosa_com/status/1939899700200841654", "img_url2": null, "img_url3": null, "img_url4": null, "img_url5": null, "服務": "洗頭按摩", "original_row_id": 296, "latitude": 23.565881, "longitude": 119.567746, "url": "https://www.google.com/maps/@?api=1&map_action=pano&viewpoint=23.565880997836,119.567746035553&heading=207&pitch=10&fov=62" }, "geometry": { "type": "Point", "coordinates": [ 119.567746, 23.565881 ] } },
{ "type": "Feature", "properties": { "名稱": "寬心園美容SPA館", "地址": "333台灣桃園市龜山區文化三路379號", "img_url": "https://x.com/iformosa_com/status/1941421962632605719", "img_url2": null, "img_url3": null, "img_url4": null, "img_url5": null, "服務": "養生會館", "original_row_id": 297, "latitude": 25.05521301, "longitude": 121.366306, "url": "https://www.google.com/maps/@?api=1&map_action=pano&viewpoint=25.055213009499,121.366305985193&heading=207&pitch=10&fov=62" }, "geometry": { "type": "Point", "coordinates": [ 121.366306, 25.05521301 ] } },
{ "type": "Feature", "properties": { "名稱": "泰心SPA養生館", "地址": "104台灣台北市中山區長春路6號", "img_url": "https://x.com/iformosa_com/status/1941445820420862217", "img_url2": null, "img_url3": null, "img_url4": null, "img_url5": null, "服務": "養生會館", "original_row_id": 298, "latitude": 25.05485699, "longitude": 121.523261, "url": "https://www.google.com/maps/@?api=1&map_action=pano&viewpoint=25.054856988161,121.523260977829&heading=207&pitch=10&fov=62" }, "geometry": { "type": "Point", "coordinates": [ 121.523261, 25.05485699 ] } },
{ "type": "Feature", "properties": { "名稱": "十八男女養生會館-林口龜山店", "地址": "333台灣桃園市龜山區台灣桃園市龜山區復興一路239號", "img_url": "https://x.com/iformosa_com/status/1944071960285393316", "img_url2": "https://x.com/iformosa_com/status/1941135220813762616", "img_url3": null, "img_url4": null, "img_url5": null, "服務": "養生會館", "original_row_id": 299, "latitude": 25.05714902, "longitude": 121.363759, "url": "https://www.google.com/maps/@?api=1&map_action=pano&viewpoint=25.057149019585,121.363758976275&heading=207&pitch=10&fov=62" }, "geometry": { "type": "Point", "coordinates": [ 121.363759, 25.05714902 ] } },
{ "type": "Feature", "properties": { "名稱": "珍愛來生活健康館", "地址": "333台灣桃園市龜山區文化三路381號", "img_url": "https://x.com/iformosa_com/status/1941141548806344743", "img_url2": "https://x.com/iformosa_com/status/1941141603785302503", "img_url3": "https://x.com/iformosa_com/status/1941141661406703820", "img_url4": "https://x.com/iformosa_com/status/1941141748883054977", "img_url5": null, "服務": "養生會館", "original_row_id": 300, "latitude": 25.05517102, "longitude": 121.366343, "url": "https://www.google.com/maps/@?api=1&map_action=pano&viewpoint=25.055171016164,121.366343033205&heading=207&pitch=10&fov=62" }, "geometry": { "type": "Point", "coordinates": [ 121.366343, 25.05517102 ] } },
{ "type": "Feature", "properties": { "名稱": "悠皇遇美美學館", "地址": "500台灣彰化縣彰化市中山路一段365號", "img_url": "https://x.com/iformosa_com/status/1942885094731239861", "img_url2": "https://x.com/iformosa_com/status/1942885175752544569", "img_url3": null, "img_url4": null, "img_url5": null, "服務": "養生會館", "original_row_id": 303, "latitude": 24.06138219, "longitude": 120.5352385, "url": "https://www.google.com/maps/@?api=1&map_action=pano&viewpoint=24.061382191284,120.535238525148&heading=207&pitch=10&fov=62" }, "geometry": { "type": "Point", "coordinates": [ 120.5352385, 24.06138219 ] } },
{ "type": "Feature", "properties": { "名稱": "井泉水?愛紓壓會館", "地址": "324台灣桃園市平鎮區和平路26號", "img_url": "https://x.com/iformosa_com/status/1837490422199079293", "img_url2": "https://x.com/iformosa_com/status/1833760734708473977", "img_url3": null, "img_url4": null, "img_url5": null, "服務": "洗頭按摩 及 養生會館", "original_row_id": 304, "latitude": 24.94918902, "longitude": 121.222048, "url": "https://www.google.com/maps/@?api=1&map_action=pano&viewpoint=24.949189017037,121.222047983306&heading=207&pitch=10&fov=62" }, "geometry": { "type": "Point", "coordinates": [ 121.222048, 24.94918902 ] } },
{ "type": "Feature", "properties": { "名稱": "舒悅男女SPA旗艦會館", "地址": "330台灣桃園市桃園區中正路364號5樓", "img_url": "https://x.com/iformosa_com/status/1825852072048341169", "img_url2": "https://x.com/iformosa_com/status/1825852122165895480", "img_url3": "https://x.com/iformosa_com/status/1825852170387992788", "img_url4": null, "img_url5": null, "服務": "養生會館", "original_row_id": 305, "latitude": 24.99871198, "longitude": 121.308663, "url": "https://www.google.com/maps/@?api=1&map_action=pano&viewpoint=24.998711983207,121.308662966503&heading=207&pitch=10&fov=62" }, "geometry": { "type": "Point", "coordinates": [ 121.308663, 24.99871198 ] } },
{ "type": "Feature", "properties": { "名稱": "全聯經典會館(舊明雨)", "地址": "241台灣新北市三重區三和路三段31號", "img_url": "https://x.com/iformosa_com/status/1902631564854366288", "img_url2": "https://x.com/iformosa_com/status/1957841474055467451", "img_url3": "https://x.com/iformosa_com/status/1825894380571603083", "img_url4": null, "img_url5": null, "服務": "養生會館", "original_row_id": 308, "latitude": 25.071145, "longitude": 121.495947, "url": "https://www.google.com/maps/@?api=1&map_action=pano&viewpoint=25.071144995778,121.495947037589&heading=207&pitch=10&fov=62" }, "geometry": { "type": "Point", "coordinates": [ 121.495947, 25.071145 ] } },
{ "type": "Feature", "properties": { "名稱": "TD樂??舒壓學苑", "地址": "406台灣台中市北屯區北屯路416號", "img_url": "https://x.com/iformosa_com/status/1824442244973334885", "img_url2": "https://x.com/iformosa_com/status/1824443280450523164", "img_url3": null, "img_url4": null, "img_url5": null, "服務": "美容芳療 及 養生會館", "original_row_id": 313, "latitude": 24.177938, "longitude": 120.700412, "url": "https://www.google.com/maps/@?api=1&map_action=pano&viewpoint=24.177938003176,120.700411973847&heading=207&pitch=10&fov=62" }, "geometry": { "type": "Point", "coordinates": [ 120.700412, 24.177938 ] } },
{ "type": "Feature", "properties": { "名稱": "雪美甲Snow SPA", "地址": "220台灣新北市板橋區國泰街68巷26號", "img_url": "https://x.com/iformosa_com/status/1824365689211130253", "img_url2": null, "img_url3": null, "img_url4": null, "img_url5": null, "服務": "工作室", "original_row_id": 315, "latitude": 25.00707532, "longitude": 121.4675946, "url": "https://www.google.com/maps/@?api=1&map_action=pano&viewpoint=25.007075320467,121.467594579546&heading=207&pitch=10&fov=62" }, "geometry": { "type": "Point", "coordinates": [ 121.4675946, 25.00707532 ] } },
{ "type": "Feature", "properties": { "名稱": "心雨養生館", "地址": "108台灣台北市萬華區桂林路2-5號", "img_url": "https://x.com/iformosa_com/status/1824348881972498873", "img_url2": "https://x.com/iformosa_com/status/1824348960833904853", "img_url3": "https://x.com/iformosa_com/status/1824349027498119370", "img_url4": "https://x.com/iformosa_com/status/1824349076705689740", "img_url5": null, "服務": "養生會館", "original_row_id": 316, "latitude": 25.03751198, "longitude": 121.506, "url": "https://www.google.com/maps/@?api=1&map_action=pano&viewpoint=25.037511980644,121.5060000408&heading=207&pitch=10&fov=62" }, "geometry": { "type": "Point", "coordinates": [ 121.506, 25.03751198 ] } },
{ "type": "Feature", "properties": { "名稱": "下龍灣美容坊", "地址": "235台灣新北市中和區連城路314號", "img_url": "https://x.com/iformosa_com/status/1824096372326629817", "img_url2": "https://x.com/iformosa_com/status/1824096427813019828", "img_url3": "https://x.com/iformosa_com/status/1824096473375703335", "img_url4": null, "img_url5": null, "服務": "養生會館", "original_row_id": 317, "latitude": 24.99622189, "longitude": 121.4834585, "url": "https://www.google.com/maps/@?api=1&map_action=pano&viewpoint=24.996221887412,121.483458504772&heading=207&pitch=10&fov=62" }, "geometry": { "type": "Point", "coordinates": [ 121.4834585, 24.99622189 ] } },
{ "type": "Feature", "properties": { "名稱": "尚好生活館(舊越姊妹)", "地址": "333台灣桃園市龜山區文化二路1號", "img_url": "https://x.com/iformosa_com/status/1964968448158814247", "img_url2": "https://x.com/iformosa_com/status/1860348398639206805", "img_url3": "https://x.com/iformosa_com/status/1856978739391074388", "img_url4": "https://x.com/iformosa_com/status/1856979799451079165", "img_url5": "https://x.com/iformosa_com/status/1856979841134039049", "服務": "養生會館", "original_row_id": 318, "latitude": 25.0614551, "longitude": 121.3646291, "url": "https://www.google.com/maps/@?api=1&map_action=pano&viewpoint=25.061455096612,121.364629101644&heading=207&pitch=10&fov=62" }, "geometry": { "type": "Point", "coordinates": [ 121.3646291, 25.0614551 ] } },
{ "type": "Feature", "properties": { "名稱": "紫騰越式養生洗髮", "地址": "320台灣桃園市中壢區中原路7號", "img_url": "https://x.com/iformosa_com/status/1824016462803288321", "img_url2": "https://x.com/iformosa_com/status/1824016511952187527", "img_url3": null, "img_url4": null, "img_url5": null, "服務": "洗頭按摩", "original_row_id": 319, "latitude": 24.95463562, "longitude": 121.2188797, "url": "https://www.google.com/maps/@?api=1&map_action=pano&viewpoint=24.95463561963,121.218879707725&heading=207&pitch=10&fov=62" }, "geometry": { "type": "Point", "coordinates": [ 121.2188797, 24.95463562 ] } },
{ "type": "Feature", "properties": { "名稱": "仟玥養生會館", "地址": "10491台灣台北市中山區民生東路二段106號", "img_url": "https://x.com/iformosa_com/status/1821444100144714018", "img_url2": "https://x.com/iformosa_com/status/1821444151151579390", "img_url3": null, "img_url4": null, "img_url5": null, "服務": "養生會館", "original_row_id": 322, "latitude": 25.05784099, "longitude": 121.531162, "url": "https://www.google.com/maps/@?api=1&map_action=pano&viewpoint=25.057840987601,121.531162011219&heading=207&pitch=10&fov=62" }, "geometry": { "type": "Point", "coordinates": [ 121.531162, 25.05784099 ] } },
{ "type": "Feature", "properties": { "名稱": "辰果SPA美學空間", "地址": "802台灣高雄市苓雅區新光路24巷41號", "img_url": "https://x.com/iformosa_com/status/1818238904971202651", "img_url2": null, "img_url3": null, "img_url4": null, "img_url5": null, "服務": "工作室", "original_row_id": 324, "latitude": 22.61296502, "longitude": 120.303097, "url": "https://www.google.com/maps/@?api=1&map_action=pano&viewpoint=22.612965015049,120.303097022838&heading=207&pitch=10&fov=62" }, "geometry": { "type": "Point", "coordinates": [ 120.303097, 22.61296502 ] } },
{ "type": "Feature", "properties": { "名稱": "金樂活時尚會館", "地址": "236台灣新北市土城區青雲路95-1號", "img_url": "https://x.com/iformosa_com/status/1817907615520944504", "img_url2": "https://x.com/iformosa_com/status/1817907682768285900", "img_url3": null, "img_url4": null, "img_url5": null, "服務": "養生會館", "original_row_id": 326, "latitude": 24.985829, "longitude": 121.459258, "url": "https://www.google.com/maps/@?api=1&map_action=pano&viewpoint=24.985828998026,121.459258022466&heading=207&pitch=10&fov=62" }, "geometry": { "type": "Point", "coordinates": [ 121.459258, 24.985829 ] } },
{ "type": "Feature", "properties": { "名稱": "和蜜越式養生洗髮", "地址": "241台灣新北市三重區六張街126巷25弄7號", "img_url": "https://x.com/iformosa_com/status/1814945024855122166", "img_url2": null, "img_url3": null, "img_url4": null, "img_url5": null, "服務": "養生會館", "original_row_id": 334, "latitude": 25.06885699, "longitude": 121.492162, "url": "https://www.google.com/maps/@?api=1&map_action=pano&viewpoint=25.068856987669,121.492162021572&heading=207&pitch=10&fov=62" }, "geometry": { "type": "Point", "coordinates": [ 121.492162, 25.06885699 ] } },
{ "type": "Feature", "properties": { "名稱": "心悅美養生館", "地址": "807台灣高雄市三民區九如二路407號", "img_url": "https://x.com/iformosa_com/status/1814579832174616905", "img_url2": "https://x.com/iformosa_com/status/1814579923824066833", "img_url3": null, "img_url4": null, "img_url5": null, "服務": "養生會館", "original_row_id": 335, "latitude": 22.641071, "longitude": 120.301106, "url": "https://www.google.com/maps/@?api=1&map_action=pano&viewpoint=22.641071003229,120.301105985558&heading=207&pitch=10&fov=62" }, "geometry": { "type": "Point", "coordinates": [ 120.301106, 22.641071 ] } },
{ "type": "Feature", "properties": { "名稱": "花沐養生會館", "地址": "811台灣高雄市楠梓區德民路508號", "img_url": "https://x.com/iformosa_com/status/1813880971219070980", "img_url2": null, "img_url3": null, "img_url4": null, "img_url5": null, "服務": "養生會館", "original_row_id": 337, "latitude": 22.72385298, "longitude": 120.298555, "url": "https://www.google.com/maps/@?api=1&map_action=pano&viewpoint=22.723852984013,120.298555037146&heading=207&pitch=10&fov=62" }, "geometry": { "type": "Point", "coordinates": [ 120.298555, 22.72385298 ] } },
{ "type": "Feature", "properties": { "名稱": "好來屋養生會館", "地址": "811台灣高雄市楠梓區德民路629號", "img_url": "https://x.com/iformosa_com/status/1813865797938475380", "img_url2": "https://x.com/iformosa_com/status/1813865845963289069", "img_url3": null, "img_url4": null, "img_url5": null, "服務": "養生會館", "original_row_id": 338, "latitude": 22.72250899, "longitude": 120.29638, "url": "https://www.google.com/maps/@?api=1&map_action=pano&viewpoint=22.722508987748,120.296380017091&heading=207&pitch=10&fov=62" }, "geometry": { "type": "Point", "coordinates": [ 120.29638, 22.72250899 ] } },
{ "type": "Feature", "properties": { "名稱": "京喜美容名店", "地址": "800台灣高雄市新興區和平一路199號11樓", "img_url": "https://x.com/iformosa_com/status/1810972828189217237", "img_url2": "https://x.com/iformosa_com/status/1810972877480677771", "img_url3": "https://x.com/iformosa_com/status/1810972930228244535", "img_url4": "https://x.com/iformosa_com/status/1810973000591909024", "img_url5": "https://x.com/iformosa_com/status/1810973059756777789", "服務": "養生會館", "original_row_id": 346, "latitude": 22.63111598, "longitude": 120.317485, "url": "https://www.google.com/maps/@?api=1&map_action=pano&viewpoint=22.631115984466,120.317484978734&heading=207&pitch=10&fov=62" }, "geometry": { "type": "Point", "coordinates": [ 120.317485, 22.63111598 ] } },
{ "type": "Feature", "properties": { "名稱": "森林養生館(舊越式)", "地址": "235台灣新北市中和區安和路1號", "img_url": "https://x.com/iformosa_com/status/1932006670844243993", "img_url2": "https://x.com/iformosa_com/status/1931015369424293948", "img_url3": null, "img_url4": null, "img_url5": null, "服務": "養生會館", "original_row_id": 347, "latitude": 24.99330302, "longitude": 121.511775, "url": "https://www.google.com/maps/@?api=1&map_action=pano&viewpoint=24.993303015359,121.51177500445&heading=207&pitch=10&fov=62" }, "geometry": { "type": "Point", "coordinates": [ 121.511775, 24.99330302 ] } },
{ "type": "Feature", "properties": { "名稱": "WJ按摩舒壓休閒會館", "地址": "300台灣新竹市北區經國路二段28號", "img_url": "https://x.com/iformosa_com/status/1808804703180050686", "img_url2": "https://x.com/iformosa_com/status/1808804767793393949", "img_url3": "https://x.com/iformosa_com/status/1808804881597353988", "img_url4": "https://x.com/iformosa_com/status/1808805008298893556", "img_url5": "https://x.com/iformosa_com/status/1808805081829290306", "服務": "養生會館", "original_row_id": 357, "latitude": 24.81349296, "longitude": 120.9666439, "url": "https://www.google.com/maps/@?api=1&map_action=pano&viewpoint=24.813492960962,120.966643907849&heading=207&pitch=10&fov=62" }, "geometry": { "type": "Point", "coordinates": [ 120.9666439, 24.81349296 ] } },
{ "type": "Feature", "properties": { "名稱": "秘境SPA美容會館", "地址": "510台灣彰化縣員林市莒光路20號", "img_url": "https://x.com/iformosa_com/status/1809566840512999482", "img_url2": "https://x.com/iformosa_com/status/1937509294175576141", "img_url3": "https://x.com/iformosa_com/status/1933087669225157002", "img_url4": "https://x.com/iformosa_com/status/1933087734199185698", "img_url5": null, "服務": "養生會館", "original_row_id": 358, "latitude": 23.9524767, "longitude": 120.5666504, "url": "https://www.google.com/maps/@?api=1&map_action=pano&viewpoint=23.952476700769,120.566650355622&heading=207&pitch=10&fov=62" }, "geometry": { "type": "Point", "coordinates": [ 120.5666504, 23.9524767 ] } },
{ "type": "Feature", "properties": { "名稱": "湘妞SPA養身館", "地址": "807台灣高雄市鳳山區澄清路298號", "img_url": "https://x.com/iformosa_com/status/1808043062393987259", "img_url2": "https://x.com/iformosa_com/status/1808043130127896591", "img_url3": null, "img_url4": null, "img_url5": null, "服務": "養生會館", "original_row_id": 359, "latitude": 22.64681088, "longitude": 120.3471062, "url": "https://www.google.com/maps/@?api=1&map_action=pano&viewpoint=22.646810876013,120.347106204146&heading=207&pitch=10&fov=62" }, "geometry": { "type": "Point", "coordinates": [ 120.3471062, 22.64681088 ] } },
{ "type": "Feature", "properties": { "名稱": "晶領足療", "地址": "500台灣彰化縣彰化市中山路一段327號", "img_url": null, "img_url2": "https://x.com/iformosa_com/status/1847839969211294179", "img_url3": null, "img_url4": null, "img_url5": null, "服務": "養生會館", "original_row_id": 372, "latitude": 24.060573, "longitude": 120.534793, "url": "https://www.google.com/maps/@?api=1&map_action=pano&viewpoint=24.060573002352,120.534793026994&heading=207&pitch=10&fov=62" }, "geometry": { "type": "Point", "coordinates": [ 120.534793, 24.060573 ] } },
{ "type": "Feature", "properties": { "名稱": "優玥舒壓SPA會館", "地址": "235台灣新北市中和區安樂路85號", "img_url": "https://x.com/iformosa_com/status/1802936805203030103", "img_url2": "https://x.com/iformosa_com/status/1802936870550269980", "img_url3": null, "img_url4": null, "img_url5": null, "服務": "養生會館", "original_row_id": 374, "latitude": 24.99450498, "longitude": 121.512777, "url": "https://www.google.com/maps/@?api=1&map_action=pano&viewpoint=24.994504980275,121.512776977156&heading=207&pitch=10&fov=62" }, "geometry": { "type": "Point", "coordinates": [ 121.512777, 24.99450498 ] } },
{ "type": "Feature", "properties": { "名稱": "CHERMAY晨美越式養生洗頭", "地址": "324台灣桃園市平鎮區環南路二段23號4樓", "img_url": "https://x.com/iformosa_com/status/1802932749948338271", "img_url2": "https://x.com/iformosa_com/status/1802932809390318013", "img_url3": null, "img_url4": null, "img_url5": null, "服務": "洗頭按摩", "original_row_id": 376, "latitude": 24.94027201, "longitude": 121.213252, "url": "https://www.google.com/maps/@?api=1&map_action=pano&viewpoint=24.940272013163,121.213252014114&heading=207&pitch=10&fov=62" }, "geometry": { "type": "Point", "coordinates": [ 121.213252, 24.94027201 ] } },
{ "type": "Feature", "properties": { "名稱": "123養生會館", "地址": "241台灣新北市三重區重陽路三段45號", "img_url": "https://x.com/iformosa_com/status/1800887175451673088", "img_url2": "https://x.com/iformosa_com/status/1800887276911890507", "img_url3": null, "img_url4": null, "img_url5": null, "服務": "養生會館", "original_row_id": 380, "latitude": 25.06707998, "longitude": 121.489614, "url": "https://www.google.com/maps/@?api=1&map_action=pano&viewpoint=25.067079982286,121.489614006826&heading=207&pitch=10&fov=62" }, "geometry": { "type": "Point", "coordinates": [ 121.489614, 25.06707998 ] } },
{ "type": "Feature", "properties": { "名稱": "京棧SPA泰式養生館", "地址": "108台灣台北市萬華區和平西路三段78號", "img_url": "https://x.com/iformosa_com/status/1801518588786053241", "img_url2": "https://x.com/iformosa_com/status/1801518667135332697", "img_url3": "https://x.com/iformosa_com/status/1801518724639506727", "img_url4": null, "img_url5": null, "服務": "養生會館", "original_row_id": 381, "latitude": 25.035035, "longitude": 121.502559, "url": "https://www.google.com/maps/@?api=1&map_action=pano&viewpoint=25.035035002527,121.50255901809&heading=207&pitch=10&fov=62" }, "geometry": { "type": "Point", "coordinates": [ 121.502559, 25.035035 ] } },
{ "type": "Feature", "properties": { "名稱": "均 SPA 精品會館", "地址": "800台灣高雄市新興區六合一路158號6樓", "img_url": "https://x.com/iformosa_com/status/1798975990502400413", "img_url2": "https://x.com/iformosa_com/status/1798976054784373056", "img_url3": "https://x.com/iformosa_com/status/1798976120551055680", "img_url4": "https://x.com/iformosa_com/status/1798976193175396552", "img_url5": null, "服務": "養生會館", "original_row_id": 382, "latitude": 22.63304101, "longitude": 120.30318, "url": "https://www.google.com/maps/@?api=1&map_action=pano&viewpoint=22.633041014258,120.30318000368&heading=207&pitch=10&fov=62" }, "geometry": { "type": "Point", "coordinates": [ 120.30318, 22.63304101 ] } },
{ "type": "Feature", "properties": { "名稱": "采云男女SPA養生館", "地址": "807台灣高雄市三民區九如二路57號", "img_url": "https://x.com/iformosa_com/status/1798930667570680038", "img_url2": "https://x.com/iformosa_com/status/1798930746708754863", "img_url3": "https://x.com/iformosa_com/status/1798930801461248060", "img_url4": null, "img_url5": null, "服務": "養生會館", "original_row_id": 383, "latitude": 22.64043301, "longitude": 120.312076, "url": "https://www.google.com/maps/@?api=1&map_action=pano&viewpoint=22.640433014669,120.312075968977&heading=207&pitch=10&fov=62" }, "geometry": { "type": "Point", "coordinates": [ 120.312076, 22.64043301 ] } },
{ "type": "Feature", "properties": { "名稱": "惠翔男女越式按摩", "地址": "334台灣桃園市八德區介壽路二段1214號", "img_url": "https://x.com/iformosa_com/status/1798196276728926224", "img_url2": "https://x.com/iformosa_com/status/1798196337906999514", "img_url3": "https://x.com/iformosa_com/status/1798196398913204576", "img_url4": null, "img_url5": null, "服務": "養生會館", "original_row_id": 394, "latitude": 24.93052759, "longitude": 121.2970594, "url": "https://www.google.com/maps/@?api=1&map_action=pano&viewpoint=24.930527589717,121.297059395023&heading=207&pitch=10&fov=62" }, "geometry": { "type": "Point", "coordinates": [ 121.2970594, 24.93052759 ] } },
{ "type": "Feature", "properties": { "名稱": "艷陽養生會館", "地址": "542台灣南投縣草屯鎮芬草路二段621號", "img_url": "https://x.com/iformosa_com/status/1797287013785432529", "img_url2": null, "img_url3": null, "img_url4": null, "img_url5": null, "服務": "養生會館", "original_row_id": 398, "latitude": 23.99622601, "longitude": 120.663788, "url": "https://www.google.com/maps/@?api=1&map_action=pano&viewpoint=23.996226011774,120.663788002293&heading=207&pitch=10&fov=62" }, "geometry": { "type": "Point", "coordinates": [ 120.663788, 23.99622601 ] } },
{ "type": "Feature", "properties": { "名稱": "傳情越式養生館(舊真情)", "地址": "500台灣彰化縣彰化市金馬路三段327號", "img_url": "https://x.com/iformosa_com/status/1967793031928746132", "img_url2": "https://x.com/iformosa_com/status/1848381608660979892", "img_url3": null, "img_url4": null, "img_url5": null, "服務": "養生會館", "original_row_id": 409, "latitude": 24.08293299, "longitude": 120.53066, "url": "https://www.google.com/maps/@?api=1&map_action=pano&viewpoint=24.082932986358,120.530659994358&heading=207&pitch=10&fov=62" }, "geometry": { "type": "Point", "coordinates": [ 120.53066, 24.08293299 ] } },
{ "type": "Feature", "properties": { "名稱": "金皇養生會館", "地址": "638台灣雲林縣麥寮鄉福德街80號", "img_url": "https://x.com/iformosa_com/status/1790277154783232233", "img_url2": "https://x.com/iformosa_com/status/1789216324843147520", "img_url3": "https://x.com/iformosa_com/status/1789216406321655895", "img_url4": "https://x.com/iformosa_com/status/1789216456221360517", "img_url5": "https://x.com/iformosa_com/status/1789216501662437525", "服務": "養生會館", "original_row_id": 431, "latitude": 23.75141522, "longitude": 120.2495583, "url": "https://www.google.com/maps/@?api=1&map_action=pano&viewpoint=23.751415220905,120.249558286858&heading=207&pitch=10&fov=62" }, "geometry": { "type": "Point", "coordinates": [ 120.2495583, 23.75141522 ] } },
{ "type": "Feature", "properties": { "名稱": "情人越式洗頭舒壓會館(舊美人魚)", "地址": "630台灣雲林縣斗南鎮建國三路513號", "img_url": "https://x.com/iformosa_com/status/1869588294230798358", "img_url2": "https://x.com/iformosa_com/status/1875423028894691582", "img_url3": null, "img_url4": null, "img_url5": null, "服務": "洗頭按摩 及 養生會館", "original_row_id": 436, "latitude": 23.66766299, "longitude": 120.472738, "url": "https://www.google.com/maps/@?api=1&map_action=pano&viewpoint=23.667662992919,120.47273802593&heading=207&pitch=10&fov=62" }, "geometry": { "type": "Point", "coordinates": [ 120.472738, 23.66766299 ] } },
{ "type": "Feature", "properties": { "名稱": "皇金閣泰式男女養生館(金泰皇)", "地址": "238台灣新北市樹林區中華路110號", "img_url": "https://twitter.com/iformosa_com/status/1785293464487530543", "img_url2": "https://twitter.com/iformosa_com/status/1785293525711778283", "img_url3": "https://twitter.com/iformosa_com/status/1785293608897404970", "img_url4": null, "img_url5": null, "服務": "養生會館", "original_row_id": 439, "latitude": 24.98088699, "longitude": 121.418371, "url": "https://www.google.com/maps/@?api=1&map_action=pano&viewpoint=24.980886986005,121.418371014957&heading=207&pitch=10&fov=62" }, "geometry": { "type": "Point", "coordinates": [ 121.418371, 24.98088699 ] } },
{ "type": "Feature", "properties": { "名稱": "彩興SPA養生館(舊彩虹)", "地址": "108台灣台北市萬華區康定路174號", "img_url": "https://x.com/iformosa_com/status/1923105870520471824", "img_url2": "https://x.com/iformosa_com/status/1917586291295936966", "img_url3": null, "img_url4": null, "img_url5": null, "服務": "養生會館", "original_row_id": 440, "latitude": 25.03923501, "longitude": 121.501776, "url": "https://www.google.com/maps/@?api=1&map_action=pano&viewpoint=25.03923500657,121.501775980695&heading=207&pitch=10&fov=62" }, "geometry": { "type": "Point", "coordinates": [ 121.501776, 25.03923501 ] } },
{ "type": "Feature", "properties": { "名稱": "越美養生館", "地址": "600台灣嘉義市西區玉山路52號", "img_url": "https://x.com/iformosa_com/status/1972952556709220415", "img_url2": null, "img_url3": null, "img_url4": null, "img_url5": null, "服務": "養生會館", "original_row_id": 441, "latitude": 23.47332002, "longitude": 120.43128, "url": "https://www.google.com/maps/@?api=1&map_action=pano&viewpoint=23.473320018255,120.431279959358&heading=207&pitch=10&fov=62" }, "geometry": { "type": "Point", "coordinates": [ 120.43128, 23.47332002 ] } },
{ "type": "Feature", "properties": { "名稱": "月亮養生館", "地址": "613台灣嘉義縣朴子市南通路三段815號", "img_url": "https://x.com/iformosa_com/status/1965770688532464095", "img_url2": "https://x.com/iformosa_com/status/1856200107420692569", "img_url3": "https://x.com/iformosa_com/status/1854182089215844430", "img_url4": null, "img_url5": null, "服務": "養生會館", "original_row_id": 442, "latitude": 23.464753, "longitude": 120.242532, "url": "https://www.google.com/maps/@?api=1&map_action=pano&viewpoint=23.464753000748,120.242531988883&heading=207&pitch=10&fov=62" }, "geometry": { "type": "Point", "coordinates": [ 120.242532, 23.464753 ] } },
{ "type": "Feature", "properties": { "名稱": "新采?養生館", "地址": "242台灣新北市新莊區民安西路412-2號", "img_url": "https://twitter.com/iformosa_com/status/1783833776361218514", "img_url2": "https://twitter.com/iformosa_com/status/1783833843893686486", "img_url3": null, "img_url4": null, "img_url5": null, "服務": "養生會館", "original_row_id": 444, "latitude": 25.00980899, "longitude": 121.429136, "url": "https://www.google.com/maps/@?api=1&map_action=pano&viewpoint=25.009808994369,121.429135977025&heading=207&pitch=10&fov=62" }, "geometry": { "type": "Point", "coordinates": [ 121.429136, 25.00980899 ] } },
{ "type": "Feature", "properties": { "名稱": "莉晴SPA美容會館", "地址": "811台灣高雄市楠梓區加仁路80巷10號", "img_url": "https://twitter.com/iformosa_com/status/1782972896589295777", "img_url2": "https://twitter.com/iformosa_com/status/1782972950834196817", "img_url3": null, "img_url4": null, "img_url5": null, "服務": "養生會館", "original_row_id": 446, "latitude": 22.727581, "longitude": 120.301683, "url": "https://www.google.com/maps/@?api=1&map_action=pano&viewpoint=22.727581003088,120.301682995773&heading=207&pitch=10&fov=62" }, "geometry": { "type": "Point", "coordinates": [ 120.301683, 22.727581 ] } },
{ "type": "Feature", "properties": { "名稱": "小園健康養生館", "地址": "613台灣嘉義縣朴子市四維路二段426號", "img_url": "https://twitter.com/iformosa_com/status/1781509995278033242", "img_url2": "https://twitter.com/iformosa_com/status/1781510051154522581", "img_url3": "https://twitter.com/iformosa_com/status/1781510136189837543", "img_url4": null, "img_url5": null, "服務": "養生會館", "original_row_id": 448, "latitude": 23.46294301, "longitude": 120.2366159, "url": "https://www.google.com/maps/@?api=1&map_action=pano&viewpoint=23.462943012576,120.236615873983&heading=207&pitch=10&fov=62" }, "geometry": { "type": "Point", "coordinates": [ 120.2366159, 23.46294301 ] } },
{ "type": "Feature", "properties": { "名稱": "薇艾SPA時尚會館", "地址": "510台灣彰化縣員林市至賢街88號", "img_url": "https://twitter.com/iformosa_com/status/1778719943800000551", "img_url2": "https://twitter.com/iformosa_com/status/1778719998430916798", "img_url3": "https://twitter.com/iformosa_com/status/1778720044203291062", "img_url4": null, "img_url5": null, "服務": "養生會館", "original_row_id": 451, "latitude": 23.957869, "longitude": 120.564731, "url": "https://www.google.com/maps/@?api=1&map_action=pano&viewpoint=23.957868997919,120.564731005842&heading=207&pitch=10&fov=62" }, "geometry": { "type": "Point", "coordinates": [ 120.564731, 23.957869 ] } },
{ "type": "Feature", "properties": { "名稱": "采欣越式按摩", "地址": "801台灣高雄市前金區七賢二路201號", "img_url": "https://twitter.com/iformosa_com/status/1778044907762196708", "img_url2": "https://twitter.com/iformosa_com/status/1778045045058515084", "img_url3": "https://twitter.com/iformosa_com/status/1778045119977128353", "img_url4": "https://twitter.com/iformosa_com/status/1778045200004509807", "img_url5": null, "服務": "養生會館", "original_row_id": 454, "latitude": 22.63243999, "longitude": 120.294167, "url": "https://www.google.com/maps/@?api=1&map_action=pano&viewpoint=22.632439989891,120.294167027014&heading=207&pitch=10&fov=62" }, "geometry": { "type": "Point", "coordinates": [ 120.294167, 22.63243999 ] } },
{ "type": "Feature", "properties": { "名稱": "天麗養生館", "地址": "812台灣高雄市小港區中安路579號", "img_url": "https://twitter.com/iformosa_com/status/1776541899647754364", "img_url2": null, "img_url3": null, "img_url4": null, "img_url5": null, "服務": "養生會館", "original_row_id": 459, "latitude": 22.58496699, "longitude": 120.355401, "url": "https://www.google.com/maps/@?api=1&map_action=pano&viewpoint=22.584966985781,120.355401020663&heading=207&pitch=10&fov=62" }, "geometry": { "type": "Point", "coordinates": [ 120.355401, 22.58496699 ] } },
{ "type": "Feature", "properties": { "名稱": "享嬡SPA會館", "地址": "801台灣高雄市前金區七賢二路328號2樓", "img_url": "https://x.com/iformosa_com/status/1816023315254833367", "img_url2": "https://x.com/iformosa_com/status/1816023371513016811", "img_url3": "https://x.com/iformosa_com/status/1816023418145497387", "img_url4": "https://twitter.com/iformosa_com/status/1774379410994684165", "img_url5": null, "服務": "養生會館", "original_row_id": 463, "latitude": 22.63159153, "longitude": 120.29064, "url": "https://www.google.com/maps/@?api=1&map_action=pano&viewpoint=22.63159152597,120.290640006486&heading=207&pitch=10&fov=62" }, "geometry": { "type": "Point", "coordinates": [ 120.29064, 22.63159153 ] } },
{ "type": "Feature", "properties": { "名稱": "金玉養生館", "地址": "802台灣高雄市苓雅區復興二路33-1號", "img_url": "https://x.com/iformosa_com/status/1969442117983617315", "img_url2": "https://x.com/iformosa_com/status/1843934362855002244", "img_url3": "https://x.com/iformosa_com/status/1842227942069514566", "img_url4": null, "img_url5": null, "服務": "養生會館", "original_row_id": 465, "latitude": 22.61889102, "longitude": 120.310655, "url": "https://www.google.com/maps/@?api=1&map_action=pano&viewpoint=22.618891020594,120.310654984932&heading=207&pitch=10&fov=62" }, "geometry": { "type": "Point", "coordinates": [ 120.310655, 22.61889102 ] } },
{ "type": "Feature", "properties": { "名稱": "瀧多多美容名店(舊彩麗)", "地址": "302台灣新竹縣竹北市六家五路一段213號", "img_url": "https://twitter.com/iformosa_com/status/1769661071802220942", "img_url2": "https://twitter.com/iformosa_com/status/1769661341198176444", "img_url3": "https://twitter.com/iformosa_com/status/1769661299980644704", "img_url4": "https://twitter.com/iformosa_com/status/1769661254946406857", "img_url5": "https://twitter.com/iformosa_com/status/1769661136801247553", "服務": "養生會館", "original_row_id": 477, "latitude": 24.80818902, "longitude": 121.028177, "url": "https://www.google.com/maps/@?api=1&map_action=pano&viewpoint=24.808189019006,121.02817699361&heading=207&pitch=10&fov=62" }, "geometry": { "type": "Point", "coordinates": [ 121.028177, 24.80818902 ] } },
{ "type": "Feature", "properties": { "名稱": "雅婷養生館", "地址": "880台灣澎湖縣馬公市建國路14巷5號", "img_url": "https://twitter.com/iformosa_com/status/1768509508148777263", "img_url2": null, "img_url3": null, "img_url4": null, "img_url5": null, "服務": "養生會館", "original_row_id": 480, "latitude": 23.56592199, "longitude": 119.566431, "url": "https://www.google.com/maps/@?api=1&map_action=pano&viewpoint=23.565921985342,119.566430998764&heading=207&pitch=10&fov=62" }, "geometry": { "type": "Point", "coordinates": [ 119.566431, 23.56592199 ] } },
{ "type": "Feature", "properties": { "名稱": "法緻SPA精品會館", "地址": "800台灣高雄市新興區和平一路199號7樓", "img_url": "https://twitter.com/iformosa_com/status/1768217730522734690", "img_url2": null, "img_url3": null, "img_url4": null, "img_url5": null, "服務": "養生會館", "original_row_id": 482, "latitude": 22.63111598, "longitude": 120.317485, "url": "https://www.google.com/maps/@?api=1&map_action=pano&viewpoint=22.631115984466,120.317484978734&heading=207&pitch=10&fov=62" }, "geometry": { "type": "Point", "coordinates": [ 120.317485, 22.63111598 ] } },
{ "type": "Feature", "properties": { "名稱": "泰吉來美容坊", "地址": "105台灣台北市松山區八德路四段262號", "img_url": "https://x.com/iformosa_com/status/1931221176992280749", "img_url2": null, "img_url3": null, "img_url4": null, "img_url5": null, "服務": "養生會館", "original_row_id": 487, "latitude": 25.048905, "longitude": 121.566314, "url": "https://www.google.com/maps/@?api=1&map_action=pano&viewpoint=25.048904998716,121.566314036756&heading=207&pitch=10&fov=62" }, "geometry": { "type": "Point", "coordinates": [ 121.566314, 25.048905 ] } },
{ "type": "Feature", "properties": { "名稱": "四季美學館", "地址": "302台灣新竹縣竹北市嘉豐五路二段27號", "img_url": "https://twitter.com/iformosa_com/status/1764594060084556276", "img_url2": "https://twitter.com/iformosa_com/status/1764594146520809489", "img_url3": "https://twitter.com/iformosa_com/status/1764594300787343424", "img_url4": "https://twitter.com/iformosa_com/status/1764594344286462201", "img_url5": "https://twitter.com/iformosa_com/status/1764594245980348574", "服務": "養生會館", "original_row_id": 496, "latitude": 24.81007859, "longitude": 121.0268379, "url": "https://www.google.com/maps/@?api=1&map_action=pano&viewpoint=24.810078593348,121.026837900759&heading=207&pitch=10&fov=62" }, "geometry": { "type": "Point", "coordinates": [ 121.0268379, 24.81007859 ] } },
{ "type": "Feature", "properties": { "名稱": "采欣越式洗髮", "地址": "814台灣高雄市仁武區鳳仁路13-1號", "img_url": "https://twitter.com/iformosa_com/status/1763505298105663806", "img_url2": "https://twitter.com/iformosa_com/status/1763505419874631962", "img_url3": "https://twitter.com/iformosa_com/status/1763505500128444592", "img_url4": null, "img_url5": null, "服務": "洗頭按摩", "original_row_id": 497, "latitude": 22.67637001, "longitude": 120.358107, "url": "https://www.google.com/maps/@?api=1&map_action=pano&viewpoint=22.676370005438,120.358107034284&heading=207&pitch=10&fov=62" }, "geometry": { "type": "Point", "coordinates": [ 120.358107, 22.67637001 ] } },
{ "type": "Feature", "properties": { "名稱": "秀秀男女養生館(舊風采)", "地址": "600台灣嘉義市西區世賢路四段342號", "img_url": "https://x.com/iformosa_com/status/1969784274552606791", "img_url2": "https://x.com/iformosa_com/status/1841113433980432773", "img_url3": null, "img_url4": null, "img_url5": null, "服務": "養生會館", "original_row_id": 506, "latitude": 23.46290999, "longitude": 120.44931, "url": "https://www.google.com/maps/@?api=1&map_action=pano&viewpoint=23.462909987878,120.449310019822&heading=207&pitch=10&fov=62" }, "geometry": { "type": "Point", "coordinates": [ 120.44931, 23.46290999 ] } },
{ "type": "Feature", "properties": { "名稱": "紫蘿嵐SPA養生會館", "地址": "638台灣雲林縣麥寮鄉沙崙後8-60號", "img_url": "https://x.com/iformosa_com/status/1964217600109580593", "img_url2": "https://x.com/iformosa_com/status/1871835339297538295", "img_url3": "https://x.com/iformosa_com/status/1868200318951203177", "img_url4": "https://x.com/iformosa_com/status/1868200371140919803", "img_url5": "https://x.com/iformosa_com/status/1868200417471143971", "服務": "養生會館", "original_row_id": 507, "latitude": 23.7874593, "longitude": 120.237025, "url": "https://www.google.com/maps/@?api=1&map_action=pano&viewpoint=23.7874593,120.237025&heading=207&pitch=10&fov=62" }, "geometry": { "type": "Point", "coordinates": [ 120.237025, 23.7874593 ] } },
{ "type": "Feature", "properties": { "名稱": "Mini兔SPA館養生館", "地址": "324台灣桃園市平鎮區工業一路2-17號", "img_url": "https://twitter.com/iformosa_com/status/1759869626073379134", "img_url2": null, "img_url3": null, "img_url4": null, "img_url5": null, "服務": "養生會館", "original_row_id": 510, "latitude": 24.90063001, "longitude": 121.204739, "url": "https://www.google.com/maps/@?api=1&map_action=pano&viewpoint=24.900630011643,121.204739017973&heading=207&pitch=10&fov=62" }, "geometry": { "type": "Point", "coordinates": [ 121.204739, 24.90063001 ] } },
{ "type": "Feature", "properties": { "名稱": "姊妹養生館", "地址": "320台灣桃園市中壢區龍岡路三段104號", "img_url": "https://twitter.com/iformosa_com/status/1758813241176977425", "img_url2": "https://twitter.com/iformosa_com/status/1758813311574155512", "img_url3": "https://twitter.com/iformosa_com/status/1758813367614247185", "img_url4": "https://twitter.com/iformosa_com/status/1758813411495080387", "img_url5": null, "服務": "養生會館", "original_row_id": 514, "latitude": 24.93710527, "longitude": 121.2324563, "url": "https://www.google.com/maps/@?api=1&map_action=pano&viewpoint=24.937105272214,121.232456267005&heading=207&pitch=10&fov=62" }, "geometry": { "type": "Point", "coordinates": [ 121.2324563, 24.93710527 ] } },
{ "type": "Feature", "properties": { "名稱": "喬宥足體養生館", "地址": "545台灣南投縣埔里鎮中正一路29號", "img_url": "https://twitter.com/iformosa_com/status/1758785191219433679", "img_url2": null, "img_url3": null, "img_url4": null, "img_url5": null, "服務": "洗頭按摩 及 養生會館", "original_row_id": 515, "latitude": 23.96891002, "longitude": 120.964028, "url": "https://www.google.com/maps/@?api=1&map_action=pano&viewpoint=23.968910017968,120.964028025495&heading=207&pitch=10&fov=62" }, "geometry": { "type": "Point", "coordinates": [ 120.964028, 23.96891002 ] } },
{ "type": "Feature", "properties": { "名稱": "101生活館", "地址": "801台灣高雄市前金區中華三路199-1號", "img_url": "https://twitter.com/iformosa_com/status/1758061013726081031", "img_url2": "https://twitter.com/iformosa_com/status/1758061078561648687", "img_url3": "https://twitter.com/iformosa_com/status/1758061134874345873", "img_url4": null, "img_url5": null, "服務": "養生會館", "original_row_id": 520, "latitude": 22.632392, "longitude": 120.294482, "url": "https://www.google.com/maps/@?api=1&map_action=pano&viewpoint=22.632392003495,120.294482018936&heading=207&pitch=10&fov=62" }, "geometry": { "type": "Point", "coordinates": [ 120.294482, 22.632392 ] } },
{ "type": "Feature", "properties": { "名稱": "金嵐多元複合養生館", "地址": "802台灣高雄市苓雅區興中一路228-1號", "img_url": "https://twitter.com/iformosa_com/status/1755543220866703418", "img_url2": null, "img_url3": null, "img_url4": null, "img_url5": null, "服務": "洗頭按摩 及 養生會館", "original_row_id": 528, "latitude": 22.61678901, "longitude": 120.307375, "url": "https://www.google.com/maps/@?api=1&map_action=pano&viewpoint=22.616789006915,120.307374978581&heading=207&pitch=10&fov=62" }, "geometry": { "type": "Point", "coordinates": [ 120.307375, 22.61678901 ] } },
{ "type": "Feature", "properties": { "名稱": "心水灣SPA會館", "地址": "807台灣高雄市三民區建工路790-1號", "img_url": "https://twitter.com/iformosa_com/status/1754519064209449253", "img_url2": "https://twitter.com/iformosa_com/status/1754519123110027745", "img_url3": "https://twitter.com/iformosa_com/status/1754519207361008125", "img_url4": "https://twitter.com/iformosa_com/status/1754519244061192273", "img_url5": null, "服務": "養生會館", "original_row_id": 532, "latitude": 22.648419, "longitude": 120.31839, "url": "https://www.google.com/maps/@?api=1&map_action=pano&viewpoint=22.648418998648,120.31838997282&heading=207&pitch=10&fov=62" }, "geometry": { "type": "Point", "coordinates": [ 120.31839, 22.648419 ] } },
{ "type": "Feature", "properties": { "名稱": "心之怡養生會館", "地址": "236台灣新北市土城區明德路二段171號", "img_url": "https://x.com/iformosa_com/status/1806628220995002437", "img_url2": "https://x.com/iformosa_com/status/1806628289374834960", "img_url3": "https://twitter.com/iformosa_com/status/1754438784115216563", "img_url4": null, "img_url5": null, "服務": "養生會館", "original_row_id": 535, "latitude": 24.983125, "longitude": 121.447688, "url": "https://www.google.com/maps/@?api=1&map_action=pano&viewpoint=24.983124996062,121.447687978599&heading=207&pitch=10&fov=62" }, "geometry": { "type": "Point", "coordinates": [ 121.447688, 24.983125 ] } },
{ "type": "Feature", "properties": { "名稱": "喬薇SPA養生館", "地址": "108台灣台北市萬華區內江街77號", "img_url": "https://twitter.com/iformosa_com/status/1753711289061576784", "img_url2": "https://twitter.com/iformosa_com/status/1753711347676917880", "img_url3": "https://twitter.com/iformosa_com/status/1753711455273136156", "img_url4": "https://twitter.com/iformosa_com/status/1753711494452441125", "img_url5": null, "服務": "養生會館", "original_row_id": 536, "latitude": 25.04162599, "longitude": 121.504298, "url": "https://www.google.com/maps/@?api=1&map_action=pano&viewpoint=25.041625986361,121.504298011541&heading=207&pitch=10&fov=62" }, "geometry": { "type": "Point", "coordinates": [ 121.504298, 25.04162599 ] } },
{ "type": "Feature", "properties": { "名稱": "悅世界養生館", "地址": "300台灣新竹市北區中華路三段196號", "img_url": "https://twitter.com/iformosa_com/status/1750770484185321931", "img_url2": "https://twitter.com/iformosa_com/status/1750770544029630709", "img_url3": "https://twitter.com/iformosa_com/status/1750770621213262180", "img_url4": null, "img_url5": null, "服務": "養生會館", "original_row_id": 550, "latitude": 24.79686599, "longitude": 120.957091, "url": "https://www.google.com/maps/@?api=1&map_action=pano&viewpoint=24.796865989825,120.957090994789&heading=207&pitch=10&fov=62" }, "geometry": { "type": "Point", "coordinates": [ 120.957091, 24.79686599 ] } },
{ "type": "Feature", "properties": { "名稱": "姿伊男女按摩館", "地址": "700台灣台南市中西區永華路一段96號", "img_url": "https://x.com/iformosa_com/status/1939685352903774684", "img_url2": "https://x.com/iformosa_com/status/1751255549881241720", "img_url3": null, "img_url4": null, "img_url5": null, "服務": "養生會館 及 工作室", "original_row_id": 556, "latitude": 22.98784589, "longitude": 120.1943587, "url": "https://www.google.com/maps/@?api=1&map_action=pano&viewpoint=22.987845886027,120.194358676762&heading=207&pitch=10&fov=62" }, "geometry": { "type": "Point", "coordinates": [ 120.1943587, 22.98784589 ] } },
{ "type": "Feature", "properties": { "名稱": "憶稀美甲SPA會館", "地址": "241台灣新北市三重區車路頭街166巷10號", "img_url": "https://twitter.com/iformosa_com/status/1748285982926082084", "img_url2": null, "img_url3": null, "img_url4": null, "img_url5": null, "服務": "美容芳療 及 工作室", "original_row_id": 559, "latitude": 25.07656901, "longitude": 121.483359, "url": "https://www.google.com/maps/@?api=1&map_action=pano&viewpoint=25.076569009142,121.483359011581&heading=207&pitch=10&fov=62" }, "geometry": { "type": "Point", "coordinates": [ 121.483359, 25.07656901 ] } },
{ "type": "Feature", "properties": { "名稱": "灩慾養生會館", "地址": "710台灣台南市永康區永大路二段327號", "img_url": "https://twitter.com/iformosa_com/status/1748271740378313137", "img_url2": null, "img_url3": null, "img_url4": null, "img_url5": null, "服務": "養生會館", "original_row_id": 560, "latitude": 23.01048528, "longitude": 120.2627347, "url": "https://www.google.com/maps/@?api=1&map_action=pano&viewpoint=23.010485280776,120.262734722468&heading=207&pitch=10&fov=62" }, "geometry": { "type": "Point", "coordinates": [ 120.2627347, 23.01048528 ] } },
{ "type": "Feature", "properties": { "名稱": "芸彩泰式全身按摩", "地址": "630台灣雲林縣斗南鎮南昌西路59號", "img_url": "https://twitter.com/iformosa_com/status/1747277580804522486", "img_url2": "https://twitter.com/iformosa_com/status/1747277659313512957", "img_url3": null, "img_url4": null, "img_url5": null, "服務": "養生會館", "original_row_id": 562, "latitude": 23.6718415, "longitude": 120.4751523, "url": "https://www.google.com/maps/@?api=1&map_action=pano&viewpoint=23.67184149738,120.475152265502&heading=207&pitch=10&fov=62" }, "geometry": { "type": "Point", "coordinates": [ 120.4751523, 23.6718415 ] } },
{ "type": "Feature", "properties": { "名稱": "舒雅養身會館(舊苡軒)", "地址": "333台灣桃園市龜山區文化三路59號", "img_url": "https://x.com/iformosa_com/status/1938957154704335333", "img_url2": "https://x.com/iformosa_com/status/1934963852246163877", "img_url3": "https://x.com/iformosa_com/status/1934963914892259833", "img_url4": "https://x.com/iformosa_com/status/1934963976049435115", "img_url5": "https://x.com/iformosa_com/status/1934964017854079024", "服務": "養生會館", "original_row_id": 565, "latitude": 25.05926599, "longitude": 121.362923, "url": "https://www.google.com/maps/@?api=1&map_action=pano&viewpoint=25.05926599496,121.362922965252&heading=207&pitch=10&fov=62" }, "geometry": { "type": "Point", "coordinates": [ 121.362923, 25.05926599 ] } },
{ "type": "Feature", "properties": { "名稱": "金莎足體養生會館", "地址": "333台灣桃園市龜山區文化三路98號", "img_url": "https://x.com/iformosa_com/status/1964358969629270294", "img_url2": "https://x.com/iformosa_com/status/1755892131452117490", "img_url3": "https://x.com/iformosa_com/status/1867463033024655490", "img_url4": "https://x.com/iformosa_com/status/1867463104650784873", "img_url5": "https://x.com/iformosa_com/status/1867463152914641035", "服務": "養生會館", "original_row_id": 567, "latitude": 25.05730501, "longitude": 121.36373, "url": "https://www.google.com/maps/@?api=1&map_action=pano&viewpoint=25.057305006803,121.36372997489&heading=207&pitch=10&fov=62" }, "geometry": { "type": "Point", "coordinates": [ 121.36373, 25.05730501 ] } },
{ "type": "Feature", "properties": { "名稱": "全順渼時尚館(嘉義)", "地址": "600台灣嘉義市西區八德路33號", "img_url": "https://twitter.com/iformosa_com/status/1755624498823647340", "img_url2": null, "img_url3": null, "img_url4": null, "img_url5": null, "服務": "養生會館", "original_row_id": 572, "latitude": 23.48284999, "longitude": 120.43082, "url": "https://www.google.com/maps/@?api=1&map_action=pano&viewpoint=23.482849990708,120.430819960512&heading=207&pitch=10&fov=62" }, "geometry": { "type": "Point", "coordinates": [ 120.43082, 23.48284999 ] } },
{ "type": "Feature", "properties": { "名稱": "覓SPA美學會館", "地址": "302台灣新竹縣竹北市東興路一段22號", "img_url": "https://twitter.com/iformosa_com/status/1743212464257560980", "img_url2": "https://twitter.com/iformosa_com/status/1743212563041767668", "img_url3": "https://twitter.com/iformosa_com/status/1743212617794191625", "img_url4": null, "img_url5": null, "服務": "養生會館", "original_row_id": 573, "latitude": 24.81988999, "longitude": 121.02939, "url": "https://www.google.com/maps/@?api=1&map_action=pano&viewpoint=24.819889988201,121.029390022638&heading=207&pitch=10&fov=62" }, "geometry": { "type": "Point", "coordinates": [ 121.02939, 24.81988999 ] } },
{ "type": "Feature", "properties": { "名稱": "愛尚美男女SPA會館(舊百合)", "地址": "333台灣桃園市龜山區文化三路402號", "img_url": "https://x.com/iformosa_com/status/1925459003947237755", "img_url2": "https://x.com/iformosa_com/status/1923316362031649185", "img_url3": "https://x.com/iformosa_com/status/1923316417144725867", "img_url4": null, "img_url5": null, "服務": "養生會館", "original_row_id": 580, "latitude": 25.053881, "longitude": 121.36685, "url": "https://www.google.com/maps/@?api=1&map_action=pano&viewpoint=25.053880999356,121.366849970709&heading=207&pitch=10&fov=62" }, "geometry": { "type": "Point", "coordinates": [ 121.36685, 25.053881 ] } },
{ "type": "Feature", "properties": { "名稱": "雲暮男女養生會館", "地址": "407台灣台中市西屯區文心路三段297號", "img_url": "https://twitter.com/iformosa_com/status/1739589344963494290", "img_url2": "https://twitter.com/iformosa_com/status/1739589401641189652", "img_url3": null, "img_url4": null, "img_url5": null, "服務": "養生會館", "original_row_id": 587, "latitude": 24.17288501, "longitude": 120.664742, "url": "https://www.google.com/maps/@?api=1&map_action=pano&viewpoint=24.172885014756,120.664742030513&heading=207&pitch=10&fov=62" }, "geometry": { "type": "Point", "coordinates": [ 120.664742, 24.17288501 ] } },
{ "type": "Feature", "properties": { "名稱": "馨悅養生館", "地址": "811台灣高雄市楠梓區軍校路856號", "img_url": "https://twitter.com/iformosa_com/status/1739566401675985379", "img_url2": null, "img_url3": null, "img_url4": null, "img_url5": null, "服務": "養生會館", "original_row_id": 589, "latitude": 22.711387, "longitude": 120.292486, "url": "https://www.google.com/maps/@?api=1&map_action=pano&viewpoint=22.711386998515,120.292486036333&heading=207&pitch=10&fov=62" }, "geometry": { "type": "Point", "coordinates": [ 120.292486, 22.711387 ] } },
{ "type": "Feature", "properties": { "名稱": "身心靈養生會館", "地址": "206台灣基隆市七堵區崇義街5-1號2樓", "img_url": "https://twitter.com/iformosa_com/status/1737739571486662922", "img_url2": null, "img_url3": null, "img_url4": null, "img_url5": null, "服務": "工作室", "original_row_id": 594, "latitude": 25.097874, "longitude": 121.715655, "url": "https://www.google.com/maps/@?api=1&map_action=pano&viewpoint=25.097874004905,121.715654992366&heading=207&pitch=10&fov=62" }, "geometry": { "type": "Point", "coordinates": [ 121.715655, 25.097874 ] } },
{ "type": "Feature", "properties": { "名稱": "Love SPA越式養生洗髮-台南店", "地址": "708台灣台南市安平區慶平路9號", "img_url": "https://twitter.com/iformosa_com/status/1737722801749176399", "img_url2": null, "img_url3": null, "img_url4": null, "img_url5": null, "服務": "洗頭按摩", "original_row_id": 597, "latitude": 22.99673678, "longitude": 120.1838923, "url": "https://www.google.com/maps/@?api=1&map_action=pano&viewpoint=22.996736780273,120.183892278086&heading=207&pitch=10&fov=62" }, "geometry": { "type": "Point", "coordinates": [ 120.1838923, 22.99673678 ] } },
{ "type": "Feature", "properties": { "名稱": "68 SPA 養生館", "地址": "800台灣高雄市新興區大同一路179號", "img_url": "https://twitter.com/iformosa_com/status/1737713583918907784", "img_url2": null, "img_url3": null, "img_url4": null, "img_url5": null, "服務": "養生會館", "original_row_id": 598, "latitude": 22.62885098, "longitude": 120.301004, "url": "https://www.google.com/maps/@?api=1&map_action=pano&viewpoint=22.62885098468,120.301003977797&heading=207&pitch=10&fov=62" }, "geometry": { "type": "Point", "coordinates": [ 120.301004, 22.62885098 ] } },
{ "type": "Feature", "properties": { "名稱": "大園專業高級刮痧王", "地址": "337台灣桃園市大園區中正東路141號", "img_url": "https://twitter.com/iformosa_com/status/1736286972065509744", "img_url2": null, "img_url3": null, "img_url4": null, "img_url5": null, "服務": "傳統按摩 及 工作室", "original_row_id": 603, "latitude": 25.062193, "longitude": 121.202648, "url": "https://www.google.com/maps/@?api=1&map_action=pano&viewpoint=25.062192997458,121.202647984588&heading=207&pitch=10&fov=62" }, "geometry": { "type": "Point", "coordinates": [ 121.202648, 25.062193 ] } },
{ "type": "Feature", "properties": { "名稱": "夢娜美容美體", "地址": "333台灣桃園市龜山區文二一街6號", "img_url": "https://twitter.com/iformosa_com/status/1735305832278245818", "img_url2": "https://twitter.com/iformosa_com/status/1735306106329772164", "img_url3": "https://twitter.com/iformosa_com/status/1735306029733482938", "img_url4": "https://twitter.com/iformosa_com/status/1735305894555275626", "img_url5": null, "服務": "養生會館", "original_row_id": 607, "latitude": 25.06075399, "longitude": 121.363832, "url": "https://www.google.com/maps/@?api=1&map_action=pano&viewpoint=25.060753992321,121.363831982652&heading=207&pitch=10&fov=62" }, "geometry": { "type": "Point", "coordinates": [ 121.363832, 25.06075399 ] } },
{ "type": "Feature", "properties": { "名稱": "大自然足體養生館", "地址": "360台灣苗栗縣苗栗市為公路132-1號", "img_url": "https://twitter.com/iformosa_com/status/1734837163995640109", "img_url2": "https://twitter.com/iformosa_com/status/1734837249920139565", "img_url3": null, "img_url4": null, "img_url5": null, "服務": "養生會館", "original_row_id": 613, "latitude": 24.57028999, "longitude": 120.826022, "url": "https://www.google.com/maps/@?api=1&map_action=pano&viewpoint=24.570289987405,120.826022001368&heading=207&pitch=10&fov=62" }, "geometry": { "type": "Point", "coordinates": [ 120.826022, 24.57028999 ] } },
{ "type": "Feature", "properties": { "名稱": "按棧男女推拿館", "地址": "420台灣台中市豐原區圓環東路510號", "img_url": "https://twitter.com/iformosa_com/status/1730959939236249790", "img_url2": "https://twitter.com/iformosa_com/status/1730959999034421714", "img_url3": null, "img_url4": null, "img_url5": null, "服務": "養生會館", "original_row_id": 616, "latitude": 24.24724398, "longitude": 120.7266662, "url": "https://www.google.com/maps/@?api=1&map_action=pano&viewpoint=24.24724397913,120.726666190069&heading=207&pitch=10&fov=62" }, "geometry": { "type": "Point", "coordinates": [ 120.7266662, 24.24724398 ] } },
{ "type": "Feature", "properties": { "名稱": "泰極泰式養生館", "地址": "928台灣屏東縣東港鎮新生三路27號", "img_url": "https://twitter.com/iformosa_com/status/1729802337181376761", "img_url2": null, "img_url3": null, "img_url4": null, "img_url5": null, "服務": "養生會館", "original_row_id": 624, "latitude": 22.46744298, "longitude": 120.445507, "url": "https://www.google.com/maps/@?api=1&map_action=pano&viewpoint=22.467442980254,120.445506982713&heading=207&pitch=10&fov=62" }, "geometry": { "type": "Point", "coordinates": [ 120.445507, 22.46744298 ] } },
{ "type": "Feature", "properties": { "名稱": "泰式純古式桑拿油壓", "地址": "702台灣台南市南區夏林路152號", "img_url": "https://twitter.com/iformosa_com/status/1727282777257918741", "img_url2": null, "img_url3": null, "img_url4": null, "img_url5": null, "服務": "養生會館", "original_row_id": 633, "latitude": 22.98101061, "longitude": 120.1947695, "url": "https://www.google.com/maps/@?api=1&map_action=pano&viewpoint=22.981010611626,120.194769473837&heading=207&pitch=10&fov=62" }, "geometry": { "type": "Point", "coordinates": [ 120.1947695, 22.98101061 ] } },
{ "type": "Feature", "properties": { "名稱": "鳳雲養生會館", "地址": "826台灣高雄市梓官區通港路57號", "img_url": "https://twitter.com/iformosa_com/status/1724713755823731062", "img_url2": "https://twitter.com/iformosa_com/status/1724713864879812932", "img_url3": null, "img_url4": null, "img_url5": null, "服務": "養生會館", "original_row_id": 648, "latitude": 22.726193, "longitude": 120.258993, "url": "https://www.google.com/maps/@?api=1&map_action=pano&viewpoint=22.726193001832,120.258993040891&heading=207&pitch=10&fov=62" }, "geometry": { "type": "Point", "coordinates": [ 120.258993, 22.726193 ] } },
{ "type": "Feature", "properties": { "名稱": "越鑽舒壓養生館", "地址": "303台灣新竹縣湖口鄉新興路610號", "img_url": "https://twitter.com/iformosa_com/status/1737009776020816264", "img_url2": null, "img_url3": null, "img_url4": null, "img_url5": null, "服務": "養生會館", "original_row_id": 651, "latitude": 24.879696, "longitude": 121.007453, "url": "https://www.google.com/maps/@?api=1&map_action=pano&viewpoint=24.879695998914,121.007452989466&heading=207&pitch=10&fov=62" }, "geometry": { "type": "Point", "coordinates": [ 121.007453, 24.879696 ] } },
{ "type": "Feature", "properties": { "名稱": "伊林SPA時尚會館(舊花漾)", "地址": "508台灣彰化縣和美鎮彰美路三段230號", "img_url": "https://twitter.com/iformosa_com/status/1752629284932620324", "img_url2": "https://twitter.com/iformosa_com/status/1752629338951020904", "img_url3": null, "img_url4": null, "img_url5": null, "服務": "養生會館", "original_row_id": 652, "latitude": 24.10176901, "longitude": 120.521204, "url": "https://www.google.com/maps/@?api=1&map_action=pano&viewpoint=24.101769008721,120.521204034109&heading=207&pitch=10&fov=62" }, "geometry": { "type": "Point", "coordinates": [ 120.521204, 24.10176901 ] } },
{ "type": "Feature", "properties": { "名稱": "佳麗寶SPA會館", "地址": "600台灣嘉義市西區高鐵大道187號", "img_url": "https://twitter.com/iformosa_com/status/1720015916044624297", "img_url2": "https://twitter.com/iformosa_com/status/1720016042859315461", "img_url3": "https://twitter.com/iformosa_com/status/1720016085435752603", "img_url4": null, "img_url5": null, "服務": "養生會館", "original_row_id": 653, "latitude": 23.47828299, "longitude": 120.426826, "url": "https://www.google.com/maps/@?api=1&map_action=pano&viewpoint=23.478282985035,120.426825983649&heading=207&pitch=10&fov=62" }, "geometry": { "type": "Point", "coordinates": [ 120.426826, 23.47828299 ] } },
{ "type": "Feature", "properties": { "名稱": "臻愛越式生活館", "地址": "334台灣桃園市八德區和平路27號", "img_url": "https://twitter.com/iformosa_com/status/1737037067824308673", "img_url2": "https://twitter.com/iformosa_com/status/1737037142248054885", "img_url3": "https://twitter.com/iformosa_com/status/1737037212800471404", "img_url4": null, "img_url5": null, "服務": "養生會館", "original_row_id": 655, "latitude": 24.95782598, "longitude": 121.299987, "url": "https://www.google.com/maps/@?api=1&map_action=pano&viewpoint=24.957825981527,121.299987026164&heading=207&pitch=10&fov=62" }, "geometry": { "type": "Point", "coordinates": [ 121.299987, 24.95782598 ] } },
{ "type": "Feature", "properties": { "名稱": "柔媚泰式古法養生會館", "地址": "247台灣新北市蘆洲區長榮路703號", "img_url": "https://twitter.com/iformosa_com/status/1717504690836193432", "img_url2": "https://twitter.com/iformosa_com/status/1717504735522255039", "img_url3": null, "img_url4": null, "img_url5": null, "服務": "養生會館", "original_row_id": 658, "latitude": 25.09300039, "longitude": 121.4606847, "url": "https://www.google.com/maps/@?api=1&map_action=pano&viewpoint=25.093000389213,121.460684706206&heading=207&pitch=10&fov=62" }, "geometry": { "type": "Point", "coordinates": [ 121.4606847, 25.09300039 ] } },
{ "type": "Feature", "properties": { "名稱": "皇侍泰式養生館 - 民光二館", "地址": "330台灣桃園市桃園區民光路81號", "img_url": "https://twitter.com/iformosa_com/status/1716405250209480976", "img_url2": null, "img_url3": null, "img_url4": null, "img_url5": null, "服務": "養生會館", "original_row_id": 662, "latitude": 25.0042875, "longitude": 121.3061597, "url": "https://www.google.com/maps/@?api=1&map_action=pano&viewpoint=25.004287499471,121.30615971112&heading=207&pitch=10&fov=62" }, "geometry": { "type": "Point", "coordinates": [ 121.3061597, 25.0042875 ] } },
{ "type": "Feature", "properties": { "名稱": "臻心養生館", "地址": "239台灣新北市鶯歌區鶯桃路368號", "img_url": "https://twitter.com/iformosa_com/status/1736980841031696560", "img_url2": "https://twitter.com/iformosa_com/status/1736980903665205371", "img_url3": null, "img_url4": null, "img_url5": null, "服務": "養生會館", "original_row_id": 669, "latitude": 24.96303802, "longitude": 121.333926, "url": "https://www.google.com/maps/@?api=1&map_action=pano&viewpoint=24.963038016559,121.333926022674&heading=207&pitch=10&fov=62" }, "geometry": { "type": "Point", "coordinates": [ 121.333926, 24.96303802 ] } },
{ "type": "Feature", "properties": { "名稱": "一生美容美體", "地址": "251台灣新北市淡水區水源街一段56-1號", "img_url": "https://twitter.com/iformosa_com/status/1714207781732204981", "img_url2": null, "img_url3": null, "img_url4": null, "img_url5": null, "服務": "美容芳療 及 養生會館", "original_row_id": 672, "latitude": 25.17219198, "longitude": 121.444641, "url": "https://www.google.com/maps/@?api=1&map_action=pano&viewpoint=25.172191981772,121.444640989157&heading=207&pitch=10&fov=62" }, "geometry": { "type": "Point", "coordinates": [ 121.444641, 25.17219198 ] } },
{ "type": "Feature", "properties": { "名稱": "水源美容休閒會館", "地址": "231台灣新北市新店區北新路一段115號", "img_url": "https://x.com/iformosa_com/status/1800434965223760323", "img_url2": "https://x.com/iformosa_com/status/1800435080768479362", "img_url3": "https://x.com/iformosa_com/status/1800435145243337098", "img_url4": null, "img_url5": null, "服務": "養生會館", "original_row_id": 673, "latitude": 24.96249219, "longitude": 121.5392221, "url": "https://www.google.com/maps/@?api=1&map_action=pano&viewpoint=24.962492187024,121.539222133131&heading=207&pitch=10&fov=62" }, "geometry": { "type": "Point", "coordinates": [ 121.5392221, 24.96249219 ] } },
{ "type": "Feature", "properties": { "名稱": "紅蘋果養生館", "地址": "247台灣新北市蘆洲區中山二路50號", "img_url": "https://x.com/iformosa_com/status/1933392501421023444", "img_url2": "https://x.com/iformosa_com/status/1932785129505914974", "img_url3": "https://x.com/iformosa_com/status/1932785186091184277", "img_url4": "https://x.com/iformosa_com/status/1932785240575259005", "img_url5": null, "服務": "養生會館", "original_row_id": 687, "latitude": 25.08223689, "longitude": 121.473872, "url": "https://www.google.com/maps/@?api=1&map_action=pano&viewpoint=25.082236893979,121.473872038291&heading=207&pitch=10&fov=62" }, "geometry": { "type": "Point", "coordinates": [ 121.473872, 25.08223689 ] } },
{ "type": "Feature", "properties": { "名稱": "華榮姍姍養生館", "地址": "804台灣高雄市鼓山區華榮路609號", "img_url": "https://twitter.com/iformosa_com/status/1735937589029622172", "img_url2": "https://twitter.com/iformosa_com/status/1735937659758051527", "img_url3": null, "img_url4": null, "img_url5": null, "服務": "養生會館", "original_row_id": 688, "latitude": 22.67087902, "longitude": 120.292178, "url": "https://www.google.com/maps/@?api=1&map_action=pano&viewpoint=22.670879020668,120.292178001391&heading=207&pitch=10&fov=62" }, "geometry": { "type": "Point", "coordinates": [ 120.292178, 22.67087902 ] } },
{ "type": "Feature", "properties": { "名稱": "后宮生活美容館(舊水月)", "地址": "351台灣苗栗縣頭份市自強路53號", "img_url": "https://x.com/iformosa_com/status/1966532777500893269", "img_url2": "https://x.com/iformosa_com/status/1966530707045671396", "img_url3": "https://x.com/iformosa_com/status/1966530780512899294", "img_url4": null, "img_url5": null, "服務": "養生會館", "original_row_id": 690, "latitude": 24.689347, "longitude": 120.911275, "url": "https://www.google.com/maps/@?api=1&map_action=pano&viewpoint=24.689347001114,120.911275009118&heading=207&pitch=10&fov=62" }, "geometry": { "type": "Point", "coordinates": [ 120.911275, 24.689347 ] } },
{ "type": "Feature", "properties": { "名稱": "隆盛養生會館", "地址": "244台灣新北市林口區中山路598號", "img_url": "https://twitter.com/iformosa_com/status/1706292982511751334", "img_url2": "https://twitter.com/iformosa_com/status/1706293072018231552", "img_url3": null, "img_url4": null, "img_url5": null, "服務": "養生會館", "original_row_id": 698, "latitude": 25.0858487, "longitude": 121.3758765, "url": "https://www.google.com/maps/@?api=1&map_action=pano&viewpoint=25.085848697967,121.375876526058&heading=207&pitch=10&fov=62" }, "geometry": { "type": "Point", "coordinates": [ 121.3758765, 25.0858487 ] } },
{ "type": "Feature", "properties": { "名稱": "美紅泰式養生館", "地址": "830台灣高雄市鳳山區建國路三段399號", "img_url": "https://x.com/iformosa_com/status/1919265868619321432", "img_url2": "https://x.com/iformosa_com/status/1709516760351945126", "img_url3": "https://x.com/iformosa_com/status/1917497914844406054", "img_url4": null, "img_url5": null, "服務": "養生會館", "original_row_id": 706, "latitude": 22.63758602, "longitude": 120.348444, "url": "https://www.google.com/maps/@?api=1&map_action=pano&viewpoint=22.637586017436,120.348444041027&heading=207&pitch=10&fov=62" }, "geometry": { "type": "Point", "coordinates": [ 120.348444, 22.63758602 ] } },
{ "type": "Feature", "properties": { "名稱": "穎兆越式洗頭SPA-萬華桂林店", "地址": "108台灣台北市萬華區桂林路142號", "img_url": "https://twitter.com/iformosa_com/status/1701541183682724157", "img_url2": "https://twitter.com/iformosa_com/status/1701541246437834783", "img_url3": null, "img_url4": null, "img_url5": null, "服務": "洗頭按摩", "original_row_id": 710, "latitude": 25.038386, "longitude": 121.49831, "url": "https://www.google.com/maps/@?api=1&map_action=pano&viewpoint=25.038386003598,121.498309979913&heading=207&pitch=10&fov=62" }, "geometry": { "type": "Point", "coordinates": [ 121.49831, 25.038386 ] } },
{ "type": "Feature", "properties": { "名稱": "穎兆越式洗頭SPA-三重自強店", "地址": "241台灣新北市三重區自強路一段218號", "img_url": "https://twitter.com/iformosa_com/status/1701507144674422987", "img_url2": "https://twitter.com/iformosa_com/status/1701507285477101751", "img_url3": null, "img_url4": null, "img_url5": null, "服務": "洗頭按摩", "original_row_id": 711, "latitude": 25.06645302, "longitude": 121.494059, "url": "https://www.google.com/maps/@?api=1&map_action=pano&viewpoint=25.066453015928,121.494059013898&heading=207&pitch=10&fov=62" }, "geometry": { "type": "Point", "coordinates": [ 121.494059, 25.06645302 ] } },
{ "type": "Feature", "properties": { "名稱": "穎兆越式洗頭SPA-仁和店", "地址": "241台灣新北市三重區仁和街119號", "img_url": "https://twitter.com/iformosa_com/status/1701449108849095156", "img_url2": null, "img_url3": null, "img_url4": null, "img_url5": null, "服務": "洗頭按摩", "original_row_id": 712, "latitude": 25.07407699, "longitude": 121.498522, "url": "https://www.google.com/maps/@?api=1&map_action=pano&viewpoint=25.074076985509,121.498521958244&heading=207&pitch=10&fov=62" }, "geometry": { "type": "Point", "coordinates": [ 121.498522, 25.07407699 ] } },
{ "type": "Feature", "properties": { "名稱": "心悅瘦身美容會館", "地址": "404台灣台中市北區健行路566號", "img_url": "https://twitter.com/iformosa_com/status/1700438760142602666", "img_url2": "https://twitter.com/iformosa_com/status/1700439918953292141", "img_url3": "https://twitter.com/iformosa_com/status/1700439934736412980", "img_url4": "https://twitter.com/iformosa_com/status/1700439959474479532", "img_url5": null, "服務": "養生會館", "original_row_id": 719, "latitude": 24.15932301, "longitude": 120.678031, "url": "https://www.google.com/maps/@?api=1&map_action=pano&viewpoint=24.159323011599,120.678031035083&heading=207&pitch=10&fov=62" }, "geometry": { "type": "Point", "coordinates": [ 120.678031, 24.15932301 ] } },
{ "type": "Feature", "properties": { "名稱": "天堂SPA美容會館", "地址": "300台灣新竹市北區中正路332號2樓", "img_url": "https://twitter.com/iformosa_com/status/1700101544149213509", "img_url2": "https://twitter.com/iformosa_com/status/1700101638432936205", "img_url3": "https://twitter.com/iformosa_com/status/1700101728950210738", "img_url4": "https://twitter.com/iformosa_com/status/1700101815436784044", "img_url5": null, "服務": "養生會館", "original_row_id": 720, "latitude": 24.81364602, "longitude": 120.963417, "url": "https://www.google.com/maps/@?api=1&map_action=pano&viewpoint=24.813646015159,120.963416984753&heading=207&pitch=10&fov=62" }, "geometry": { "type": "Point", "coordinates": [ 120.963417, 24.81364602 ] } },
{ "type": "Feature", "properties": { "名稱": "61 SPA 舒壓會館", "地址": "241台灣新北市三重區正義南路61號", "img_url": "https://twitter.com/iformosa_com/status/1700081142068891912", "img_url2": "https://twitter.com/iformosa_com/status/1700081212164096058", "img_url3": "https://twitter.com/iformosa_com/status/1700081557875335173", "img_url4": "https://twitter.com/iformosa_com/status/1700081297895604269", "img_url5": null, "服務": "養生會館", "original_row_id": 721, "latitude": 25.06036679, "longitude": 121.498192, "url": "https://www.google.com/maps/@?api=1&map_action=pano&viewpoint=25.060366790304,121.498191962716&heading=207&pitch=10&fov=62" }, "geometry": { "type": "Point", "coordinates": [ 121.498192, 25.06036679 ] } },
{ "type": "Feature", "properties": { "名稱": "心悅男女SPA會館", "地址": "241台灣新北市三重區中正南路152號", "img_url": "https://twitter.com/iformosa_com/status/1743183632192450806", "img_url2": "https://twitter.com/iformosa_com/status/1743184119964864854", "img_url3": "https://twitter.com/iformosa_com/status/1743184188617195890", "img_url4": "https://twitter.com/iformosa_com/status/1743184299292340355", "img_url5": "https://twitter.com/iformosa_com/status/1700050454460371158", "服務": "養生會館", "original_row_id": 722, "latitude": 25.05721838, "longitude": 121.4942633, "url": "https://www.google.com/maps/@?api=1&map_action=pano&viewpoint=25.057218379833,121.494263280879&heading=207&pitch=10&fov=62" }, "geometry": { "type": "Point", "coordinates": [ 121.4942633, 25.05721838 ] } },
{ "type": "Feature", "properties": { "名稱": "白水木SPA", "地址": "900台灣屏東縣屏東市勝利路296號", "img_url": "https://twitter.com/iformosa_com/status/1698701318637175065", "img_url2": "https://twitter.com/iformosa_com/status/1698701455472128426", "img_url3": "https://twitter.com/iformosa_com/status/1698701671625626091", "img_url4": "https://twitter.com/iformosa_com/status/1698701689631777121", "img_url5": null, "服務": "養生會館", "original_row_id": 725, "latitude": 22.67881299, "longitude": 120.473955, "url": "https://www.google.com/maps/@?api=1&map_action=pano&viewpoint=22.678812994938,120.473954994452&heading=207&pitch=10&fov=62" }, "geometry": { "type": "Point", "coordinates": [ 120.473955, 22.67881299 ] } },
{ "type": "Feature", "properties": { "名稱": "Lisa Spa 芳馨越式洗髮", "地址": "900台灣屏東縣屏東市中山路58-9號", "img_url": "https://twitter.com/iformosa_com/status/1770751220430381154", "img_url2": "https://twitter.com/iformosa_com/status/1770751284066312272", "img_url3": null, "img_url4": null, "img_url5": null, "服務": "養生會館", "original_row_id": 732, "latitude": 22.67525299, "longitude": 120.48519, "url": "https://www.google.com/maps/@?api=1&map_action=pano&viewpoint=22.675252991112,120.48519001365&heading=207&pitch=10&fov=62" }, "geometry": { "type": "Point", "coordinates": [ 120.48519, 22.67525299 ] } },
{ "type": "Feature", "properties": { "名稱": "水世紀美容生活館", "地址": "403台灣台中市北區五權路182-5號", "img_url": "https://twitter.com/iformosa_com/status/1696826926718243137", "img_url2": "https://twitter.com/iformosa_com/status/1696827046687871487", "img_url3": "https://twitter.com/iformosa_com/status/1696827078170255453", "img_url4": null, "img_url5": null, "服務": "養生會館", "original_row_id": 735, "latitude": 24.14972108, "longitude": 120.6760504, "url": "https://www.google.com/maps/@?api=1&map_action=pano&viewpoint=24.149721080507,120.676050391363&heading=207&pitch=10&fov=62" }, "geometry": { "type": "Point", "coordinates": [ 120.6760504, 24.14972108 ] } },
{ "type": "Feature", "properties": { "名稱": "蝴蝶谷SPA美容生活館(舊蜜雪兒/水百合)", "地址": "404台灣台中市北區中清路一段218號", "img_url": "https://twitter.com/iformosa_com/status/1691734171113443384", "img_url2": "https://twitter.com/iformosa_com/status/1691734266655482029", "img_url3": "https://twitter.com/iformosa_com/status/1691734220249628796", "img_url4": null, "img_url5": null, "服務": "養生會館", "original_row_id": 751, "latitude": 24.15661398, "longitude": 120.67688, "url": "https://www.google.com/maps/@?api=1&map_action=pano&viewpoint=24.156613980493,120.676880032139&heading=207&pitch=10&fov=62" }, "geometry": { "type": "Point", "coordinates": [ 120.67688, 24.15661398 ] } },
{ "type": "Feature", "properties": { "名稱": "香閣尊爵美學館(舊人間仙境)", "地址": "302台灣新竹縣竹北市縣政十四街31號", "img_url": "https://twitter.com/iformosa_com/status/1788201090242195532", "img_url2": "https://twitter.com/iformosa_com/status/1788201137482695000", "img_url3": "https://twitter.com/iformosa_com/status/1788201192381980692", "img_url4": "https://twitter.com/iformosa_com/status/1788201234308149302", "img_url5": null, "服務": "養生會館", "original_row_id": 758, "latitude": 24.82855822, "longitude": 121.0045586, "url": "https://www.google.com/maps/@?api=1&map_action=pano&viewpoint=24.828558217189,121.004558634481&heading=207&pitch=10&fov=62" }, "geometry": { "type": "Point", "coordinates": [ 121.0045586, 24.82855822 ] } },
{ "type": "Feature", "properties": { "名稱": "靚舒SPA時尚會館", "地址": "220台灣新北市板橋區南雅南路一段36號", "img_url": "https://twitter.com/iformosa_com/status/1689215118763229184", "img_url2": null, "img_url3": null, "img_url4": null, "img_url5": null, "服務": "養生會館", "original_row_id": 759, "latitude": 25.0062917, "longitude": 121.4558421, "url": "https://www.google.com/maps/@?api=1&map_action=pano&viewpoint=25.006291696339,121.455842061646&heading=207&pitch=10&fov=62" }, "geometry": { "type": "Point", "coordinates": [ 121.4558421, 25.0062917 ] } },
{ "type": "Feature", "properties": { "名稱": "越孃生活館", "地址": "320台灣桃園市中壢區環中東路二段486號", "img_url": "https://twitter.com/iformosa_com/status/1688472442191405056", "img_url2": null, "img_url3": null, "img_url4": null, "img_url5": null, "服務": "養生會館", "original_row_id": 761, "latitude": 24.94627999, "longitude": 121.231914, "url": "https://www.google.com/maps/@?api=1&map_action=pano&viewpoint=24.946279993721,121.231913986258&heading=207&pitch=10&fov=62" }, "geometry": { "type": "Point", "coordinates": [ 121.231914, 24.94627999 ] } },
{ "type": "Feature", "properties": { "名稱": "金紅豆生活會館(舊香閣里拉)", "地址": "540台灣南投縣南投市南崗一路74號", "img_url": "https://x.com/iformosa_com/status/1939932142168879334", "img_url2": null, "img_url3": null, "img_url4": null, "img_url5": null, "服務": "養生會館", "original_row_id": 772, "latitude": 23.90161138, "longitude": 120.6835075, "url": "https://www.google.com/maps/@?api=1&map_action=pano&viewpoint=23.901611382096,120.683507519161&heading=207&pitch=10&fov=62" }, "geometry": { "type": "Point", "coordinates": [ 120.6835075, 23.90161138 ] } },
{ "type": "Feature", "properties": { "名稱": "雨荷養生會館(舊芊盈)", "地址": "542台灣南投縣草屯鎮博愛路930號", "img_url": null, "img_url2": "https://x.com/iformosa_com/status/1862348648799248409", "img_url3": null, "img_url4": null, "img_url5": null, "服務": "養生會館", "original_row_id": 776, "latitude": 23.9886766, "longitude": 120.6716693, "url": "https://www.google.com/maps/@?api=1&map_action=pano&viewpoint=23.988676599222,120.671669338211&heading=207&pitch=10&fov=62" }, "geometry": { "type": "Point", "coordinates": [ 120.6716693, 23.9886766 ] } },
{ "type": "Feature", "properties": { "名稱": "芯悅越式養生洗髮 -天祥一路店", "地址": "807台灣高雄市三民區天祥一路209號", "img_url": "https://twitter.com/iformosa_com/status/1683437667403567104", "img_url2": null, "img_url3": null, "img_url4": null, "img_url5": null, "服務": "洗頭按摩", "original_row_id": 783, "latitude": 22.66781502, "longitude": 120.317757, "url": "https://www.google.com/maps/@?api=1&map_action=pano&viewpoint=22.667815015962,120.317756971492&heading=207&pitch=10&fov=62" }, "geometry": { "type": "Point", "coordinates": [ 120.317757, 22.66781502 ] } },
{ "type": "Feature", "properties": { "名稱": "雲蘭SPA會館", "地址": "830台灣高雄市鳳山區龍成路107號", "img_url": "https://twitter.com/iformosa_com/status/1683003121260445696", "img_url2": "https://twitter.com/iformosa_com/status/1683003175513759744", "img_url3": null, "img_url4": null, "img_url5": null, "服務": "養生會館", "original_row_id": 786, "latitude": 22.59729501, "longitude": 120.328486, "url": "https://www.google.com/maps/@?api=1&map_action=pano&viewpoint=22.597295005153,120.328485975195&heading=207&pitch=10&fov=62" }, "geometry": { "type": "Point", "coordinates": [ 120.328486, 22.59729501 ] } },
{ "type": "Feature", "properties": { "名稱": "御湯棧健康會館", "地址": "632台灣雲林縣虎尾鎮光復路420號", "img_url": "https://twitter.com/iformosa_com/status/1682611927791575040", "img_url2": null, "img_url3": null, "img_url4": null, "img_url5": null, "服務": "養生會館", "original_row_id": 788, "latitude": 23.71051459, "longitude": 120.4354141, "url": "https://www.google.com/maps/@?api=1&map_action=pano&viewpoint=23.710514592803,120.435414081642&heading=207&pitch=10&fov=62" }, "geometry": { "type": "Point", "coordinates": [ 120.4354141, 23.71051459 ] } },
{ "type": "Feature", "properties": { "名稱": "薇風SPA養生館", "地址": "830台灣高雄市鳳山區五甲二路237號", "img_url": "https://twitter.com/iformosa_com/status/1720325852158718215", "img_url2": null, "img_url3": null, "img_url4": null, "img_url5": null, "服務": "養生會館", "original_row_id": 800, "latitude": 22.60008501, "longitude": 120.33885, "url": "https://www.google.com/maps/@?api=1&map_action=pano&viewpoint=22.600085005444,120.338850030833&heading=207&pitch=10&fov=62" }, "geometry": { "type": "Point", "coordinates": [ 120.33885, 22.60008501 ] } },
{ "type": "Feature", "properties": { "名稱": "9966SPA男女養生會館-南台店", "地址": "800台灣高雄市新興區南台路2號", "img_url": "https://twitter.com/iformosa_com/status/1676108521157591040", "img_url2": null, "img_url3": null, "img_url4": null, "img_url5": null, "服務": "養生會館", "original_row_id": 810, "latitude": 22.62923601, "longitude": 120.3011, "url": "https://www.google.com/maps/@?api=1&map_action=pano&viewpoint=22.629236007402,120.301100034407&heading=207&pitch=10&fov=62" }, "geometry": { "type": "Point", "coordinates": [ 120.3011, 22.62923601 ] } },
{ "type": "Feature", "properties": { "名稱": "玉珍養生館", "地址": "830台灣高雄市鳳山區過埤路143-2號", "img_url": "https://twitter.com/iformosa_com/status/1728398029877916139", "img_url2": null, "img_url3": null, "img_url4": null, "img_url5": null, "服務": "養生會館", "original_row_id": 844, "latitude": 22.589752, "longitude": 120.363765, "url": "https://www.google.com/maps/@?api=1&map_action=pano&viewpoint=22.589752004756,120.363764986565&heading=207&pitch=10&fov=62" }, "geometry": { "type": "Point", "coordinates": [ 120.363765, 22.589752 ] } },
{ "type": "Feature", "properties": { "名稱": "皇丫瑪SPA會館", "地址": "806台灣高雄市前鎮區三多三路21號3樓", "img_url": "https://x.com/iformosa_com/status/1816038707495133663", "img_url2": "https://x.com/iformosa_com/status/1816038753590518119", "img_url3": "https://x.com/iformosa_com/status/1816038817444630827", "img_url4": "https://x.com/iformosa_com/status/1816038867247718732", "img_url5": "https://twitter.com/iformosa_com/status/1666698005616136197", "服務": "養生會館", "original_row_id": 853, "latitude": 22.61446898, "longitude": 120.306632, "url": "https://www.google.com/maps/@?api=1&map_action=pano&viewpoint=22.614468979935,120.306632006684&heading=207&pitch=10&fov=62" }, "geometry": { "type": "Point", "coordinates": [ 120.306632, 22.61446898 ] } },
{ "type": "Feature", "properties": { "名稱": "京都養生會館", "地址": "404台灣台中市北區台中市北區五權路243號", "img_url": "https://x.com/iformosa_com/status/1904540961566564583", "img_url2": "https://x.com/iformosa_com/status/1902637096076300738", "img_url3": "https://x.com/iformosa_com/status/1902637341996355943", "img_url4": "https://x.com/iformosa_com/status/1902637415291814205", "img_url5": "https://x.com/iformosa_com/status/1902637468727562650", "服務": "養生會館", "original_row_id": 864, "latitude": 24.150513, "longitude": 120.676167, "url": "https://www.google.com/maps/@?api=1&map_action=pano&viewpoint=24.150513002719,120.676166983636&heading=207&pitch=10&fov=62" }, "geometry": { "type": "Point", "coordinates": [ 120.676167, 24.150513 ] } },
{ "type": "Feature", "properties": { "名稱": "京典養生會館", "地址": "403台灣台中市西區五權路119號", "img_url": "https://twitter.com/iformosa_com/status/1662728823509757952", "img_url2": "https://twitter.com/iformosa_com/status/1662728873505873920", "img_url3": "https://twitter.com/iformosa_com/status/1662728922482741248", "img_url4": null, "img_url5": null, "服務": "養生會館", "original_row_id": 865, "latitude": 24.14694701, "longitude": 120.6725183, "url": "https://www.google.com/maps/@?api=1&map_action=pano&viewpoint=24.146947005832,120.672518341184&heading=207&pitch=10&fov=62" }, "geometry": { "type": "Point", "coordinates": [ 120.6725183, 24.14694701 ] } },
{ "type": "Feature", "properties": { "名稱": "舒曼男女養身館(舊心立方)", "地址": "406台灣台中市太平區育賢路149號", "img_url": "https://twitter.com/iformosa_com/status/1757012427588387206", "img_url2": null, "img_url3": null, "img_url4": null, "img_url5": null, "服務": "養生會館", "original_row_id": 866, "latitude": 24.15792998, "longitude": 120.720683, "url": "https://www.google.com/maps/@?api=1&map_action=pano&viewpoint=24.157929981201,120.720683019944&heading=207&pitch=10&fov=62" }, "geometry": { "type": "Point", "coordinates": [ 120.720683, 24.15792998 ] } },
{ "type": "Feature", "properties": { "名稱": "鳳揚閣養生館(舊蔓玲二館)", "地址": "802台灣高雄市苓雅區建國一路134號", "img_url": "https://x.com/iformosa_com/status/1958231955553853494", "img_url2": "https://twitter.com/iformosa_com/status/1671432098685808643", "img_url3": "https://twitter.com/iformosa_com/status/1671432202977185795", "img_url4": "https://twitter.com/iformosa_com/status/1671432156382629888", "img_url5": null, "服務": "養生會館", "original_row_id": 873, "latitude": 22.63253001, "longitude": 120.33047, "url": "https://www.google.com/maps/@?api=1&map_action=pano&viewpoint=22.632530011531,120.330469971677&heading=207&pitch=10&fov=62" }, "geometry": { "type": "Point", "coordinates": [ 120.33047, 22.63253001 ] } },
{ "type": "Feature", "properties": { "名稱": "薰衣草SPA會館", "地址": "242台灣新北市新莊區中正路145-11號", "img_url": "https://twitter.com/iformosa_com/status/1743198522583990702", "img_url2": null, "img_url3": null, "img_url4": null, "img_url5": null, "服務": "養生會館", "original_row_id": 879, "latitude": 25.03784298, "longitude": 121.458909, "url": "https://www.google.com/maps/@?api=1&map_action=pano&viewpoint=25.037842982001,121.458909000018&heading=207&pitch=10&fov=62" }, "geometry": { "type": "Point", "coordinates": [ 121.458909, 25.03784298 ] } },
{ "type": "Feature", "properties": { "名稱": "美人湯SPA美容名店", "地址": "300台灣新竹市北區林森路212號", "img_url": "https://twitter.com/iformosa_com/status/1715219944923881674", "img_url2": "https://twitter.com/iformosa_com/status/1715220091661660279", "img_url3": "https://twitter.com/iformosa_com/status/1715220140126806084", "img_url4": null, "img_url5": null, "服務": "養生會館", "original_row_id": 882, "latitude": 24.7986847, "longitude": 120.963474, "url": "https://www.google.com/maps/@?api=1&map_action=pano&viewpoint=24.798684695176,120.963473981695&heading=207&pitch=10&fov=62" }, "geometry": { "type": "Point", "coordinates": [ 120.963474, 24.7986847 ] } },
{ "type": "Feature", "properties": { "名稱": "樂足SPA美妍館", "地址": "238台灣新北市樹林區中華路103號", "img_url": "https://twitter.com/iformosa_com/status/1654342173998088192", "img_url2": null, "img_url3": null, "img_url4": null, "img_url5": null, "服務": "養生會館", "original_row_id": 883, "latitude": 24.982715, "longitude": 121.422406, "url": "https://www.google.com/maps/@?api=1&map_action=pano&viewpoint=24.982714995268,121.422405979327&heading=207&pitch=10&fov=62" }, "geometry": { "type": "Point", "coordinates": [ 121.422406, 24.982715 ] } },
{ "type": "Feature", "properties": { "名稱": "泰姐姐按摩保健房", "地址": "320台灣桃園市中壢區榮民路56巷10號", "img_url": "https://twitter.com/iformosa_com/status/1736052754383249478", "img_url2": null, "img_url3": null, "img_url4": null, "img_url5": null, "服務": "養生會館 及 工作室", "original_row_id": 888, "latitude": 24.96947402, "longitude": 121.260212, "url": "https://www.google.com/maps/@?api=1&map_action=pano&viewpoint=24.969474019003,121.260211961931&heading=207&pitch=10&fov=62" }, "geometry": { "type": "Point", "coordinates": [ 121.260212, 24.96947402 ] } },
{ "type": "Feature", "properties": { "名稱": "魅姬SPA會館(舊金莉珈)", "地址": "701台灣台南市東區中華東路一段200號", "img_url": "https://twitter.com/iformosa_com/status/1658004668772143104", "img_url2": "https://twitter.com/iformosa_com/status/1658004776905502720", "img_url3": "https://twitter.com/iformosa_com/status/1658004731447627776", "img_url4": null, "img_url5": null, "服務": "養生會館", "original_row_id": 889, "latitude": 22.99422502, "longitude": 120.233948, "url": "https://www.google.com/maps/@?api=1&map_action=pano&viewpoint=22.994225017258,120.233947998022&heading=207&pitch=10&fov=62" }, "geometry": { "type": "Point", "coordinates": [ 120.233948, 22.99422502 ] } },
{ "type": "Feature", "properties": { "名稱": "天佑美容舒壓", "地址": "10491台灣台北市中山區民生東路二段43號", "img_url": "https://twitter.com/iformosa_com/status/1653337020109062144", "img_url2": null, "img_url3": null, "img_url4": null, "img_url5": null, "服務": "養生會館", "original_row_id": 890, "latitude": 25.05814601, "longitude": 121.529228, "url": "https://www.google.com/maps/@?api=1&map_action=pano&viewpoint=25.058146005058,121.52922797088&heading=207&pitch=10&fov=62" }, "geometry": { "type": "Point", "coordinates": [ 121.529228, 25.05814601 ] } },
{ "type": "Feature", "properties": { "名稱": "曉柔汗蒸養生會館(舊大長今)", "地址": "648台灣雲林縣西螺鎮大同路41號", "img_url": "https://x.com/iformosa_com/status/1968962634226561267", "img_url2": "https://x.com/iformosa_com/status/1845491083972919688", "img_url3": null, "img_url4": null, "img_url5": null, "服務": "養生會館", "original_row_id": 908, "latitude": 23.79702371, "longitude": 120.46669, "url": "https://www.google.com/maps/@?api=1&map_action=pano&viewpoint=23.797023712563,120.466689979875&heading=207&pitch=10&fov=62" }, "geometry": { "type": "Point", "coordinates": [ 120.46669, 23.79702371 ] } },
{ "type": "Feature", "properties": { "名稱": "凱棋SPA養生館", "地址": "950台灣台東縣台東市傳廣路459號", "img_url": null, "img_url2": "https://x.com/iformosa_com/status/1837512455096082835", "img_url3": null, "img_url4": null, "img_url5": null, "服務": "養生會館", "original_row_id": 913, "latitude": 22.76679301, "longitude": 121.143737, "url": "https://www.google.com/maps/@?api=1&map_action=pano&viewpoint=22.766793012976,121.143737035405&heading=207&pitch=10&fov=62" }, "geometry": { "type": "Point", "coordinates": [ 121.143737, 22.76679301 ] } },
{ "type": "Feature", "properties": { "名稱": "小魚兒舒活會館", "地址": "236台灣新北市土城區金城路二段258-1號", "img_url": "https://twitter.com/iformosa_com/status/1742427746285060527", "img_url2": "https://twitter.com/iformosa_com/status/1742427819224010885", "img_url3": "https://twitter.com/iformosa_com/status/1644184732119465985", "img_url4": null, "img_url5": null, "服務": "養生會館", "original_row_id": 921, "latitude": 24.983312, "longitude": 121.457412, "url": "https://www.google.com/maps/@?api=1&map_action=pano&viewpoint=24.983311996322,121.457411992111&heading=207&pitch=10&fov=62" }, "geometry": { "type": "Point", "coordinates": [ 121.457412, 24.983312 ] } },
{ "type": "Feature", "properties": { "名稱": "依珊養生館", "地址": "648台灣雲林縣西螺鎮延平路354號", "img_url": "https://twitter.com/iformosa_com/status/1641731792108687361", "img_url2": null, "img_url3": null, "img_url4": null, "img_url5": null, "服務": "養生會館", "original_row_id": 926, "latitude": 23.800849, "longitude": 120.456908, "url": "https://www.google.com/maps/@?api=1&map_action=pano&viewpoint=23.800849003625,120.456907963593&heading=207&pitch=10&fov=62" }, "geometry": { "type": "Point", "coordinates": [ 120.456908, 23.800849 ] } },
{ "type": "Feature", "properties": { "名稱": "正典健康養生會館", "地址": "802台灣高雄市苓雅區建國一路139-5號", "img_url": "https://x.com/iformosa_com/status/1966356302126526558", "img_url2": "https://x.com/iformosa_com/status/1966353110407983545", "img_url3": "https://x.com/iformosa_com/status/1966353224799232284", "img_url4": null, "img_url5": null, "服務": "養生會館", "original_row_id": 927, "latitude": 22.632262, "longitude": 120.330358, "url": "https://www.google.com/maps/@?api=1&map_action=pano&viewpoint=22.632262000177,120.33035798945&heading=207&pitch=10&fov=62" }, "geometry": { "type": "Point", "coordinates": [ 120.330358, 22.632262 ] } },
{ "type": "Feature", "properties": { "名稱": "開喜SPA養生會館(舊禾楓)", "地址": "220台灣新北市板橋區館前西路81號", "img_url": "https://twitter.com/iformosa_com/status/1789203754522452011", "img_url2": "https://twitter.com/iformosa_com/status/1789203807009919000", "img_url3": "https://twitter.com/iformosa_com/status/1789203868246741476", "img_url4": null, "img_url5": null, "服務": "養生會館", "original_row_id": 933, "latitude": 25.00709959, "longitude": 121.4573592, "url": "https://www.google.com/maps/@?api=1&map_action=pano&viewpoint=25.007099586077,121.457359186121&heading=207&pitch=10&fov=62" }, "geometry": { "type": "Point", "coordinates": [ 121.4573592, 25.00709959 ] } },
{ "type": "Feature", "properties": { "名稱": "名家男女瘦身美容館", "地址": "414台灣台中市烏日區台中市烏日區榮和路196號", "img_url": "https://twitter.com/iformosa_com/status/1728309478628728858", "img_url2": "https://twitter.com/iformosa_com/status/1728309569384743396", "img_url3": "https://twitter.com/iformosa_com/status/1728309619078955468", "img_url4": null, "img_url5": null, "服務": "養生會館", "original_row_id": 935, "latitude": 24.11027978, "longitude": 120.5981296, "url": "https://www.google.com/maps/@?api=1&map_action=pano&viewpoint=24.110279783658,120.598129621054&heading=207&pitch=10&fov=62" }, "geometry": { "type": "Point", "coordinates": [ 120.5981296, 24.11027978 ] } },
{ "type": "Feature", "properties": { "名稱": "愛美舒壓會館(舊珍愛)", "地址": "247台灣新北市蘆洲區光榮路6號", "img_url": "https://x.com/iformosa_com/status/1936420561959444520", "img_url2": "https://x.com/iformosa_com/status/1934948537571422293", "img_url3": "https://x.com/iformosa_com/status/1934948602440499302", "img_url4": "https://x.com/iformosa_com/status/1934948649135649028", "img_url5": null, "服務": "養生會館", "original_row_id": 938, "latitude": 25.08821499, "longitude": 121.459769, "url": "https://www.google.com/maps/@?api=1&map_action=pano&viewpoint=25.088214993052,121.459768983284&heading=207&pitch=10&fov=62" }, "geometry": { "type": "Point", "coordinates": [ 121.459769, 25.08821499 ] } },
{ "type": "Feature", "properties": { "名稱": "妍菲養生會館", "地址": "247台灣新北市蘆洲區中山一路189號", "img_url": "https://x.com/iformosa_com/status/1938273131199930769", "img_url2": "https://x.com/iformosa_com/status/1950432897493848124", "img_url3": "https://x.com/iformosa_com/status/1950432965919445342", "img_url4": "https://x.com/iformosa_com/status/1950433018424021138", "img_url5": "https://x.com/iformosa_com/status/1950433105262891486", "服務": "養生會館", "original_row_id": 939, "latitude": 25.08120831, "longitude": 121.4745847, "url": "https://www.google.com/maps/@?api=1&map_action=pano&viewpoint=25.081208308731,121.474584667699&heading=207&pitch=10&fov=62" }, "geometry": { "type": "Point", "coordinates": [ 121.4745847, 25.08120831 ] } },
{ "type": "Feature", "properties": { "名稱": "越來香舒壓館", "地址": "241台灣新北市三重區正義南路1號2樓", "img_url": "https://twitter.com/iformosa_com/status/1660538680279457792", "img_url2": null, "img_url3": null, "img_url4": null, "img_url5": null, "服務": "養生會館", "original_row_id": 940, "latitude": 25.06189699, "longitude": 121.4978455, "url": "https://www.google.com/maps/@?api=1&map_action=pano&viewpoint=25.061896990548,121.497845538658&heading=207&pitch=10&fov=62" }, "geometry": { "type": "Point", "coordinates": [ 121.4978455, 25.06189699 ] } },
{ "type": "Feature", "properties": { "名稱": "珍情健康會館", "地址": "333台灣桃園市龜山區萬壽路二段901號", "img_url": "https://twitter.com/iformosa_com/status/1634490761831145472", "img_url2": "https://twitter.com/iformosa_com/status/1634490856622428161", "img_url3": null, "img_url4": null, "img_url5": null, "服務": "養生會館", "original_row_id": 942, "latitude": 24.995536, "longitude": 121.339581, "url": "https://www.google.com/maps/@?api=1&map_action=pano&viewpoint=24.995535996275,121.339581041289&heading=207&pitch=10&fov=62" }, "geometry": { "type": "Point", "coordinates": [ 121.339581, 24.995536 ] } },
{ "type": "Feature", "properties": { "名稱": "51瘦身美容坊", "地址": "231台灣新北市新店區復興路51號", "img_url": "https://twitter.com/iformosa_com/status/1633835925519351812", "img_url2": "https://twitter.com/iformosa_com/status/1633836026753064960", "img_url3": "https://twitter.com/iformosa_com/status/1633836077269282816", "img_url4": null, "img_url5": null, "服務": "養生會館", "original_row_id": 946, "latitude": 24.9870339, "longitude": 121.5364436, "url": "https://www.google.com/maps/@?api=1&map_action=pano&viewpoint=24.987033896608,121.536443616048&heading=207&pitch=10&fov=62" }, "geometry": { "type": "Point", "coordinates": [ 121.5364436, 24.9870339 ] } },
{ "type": "Feature", "properties": { "名稱": "洛伊足體養生館", "地址": "411台灣台中市太平區育賢路49號", "img_url": "https://x.com/iformosa_com/status/1939489008293429381", "img_url2": null, "img_url3": null, "img_url4": null, "img_url5": null, "服務": "養生會館", "original_row_id": 950, "latitude": 24.15735201, "longitude": 120.723541, "url": "https://www.google.com/maps/@?api=1&map_action=pano&viewpoint=24.157352007067,120.72354099747&heading=207&pitch=10&fov=62" }, "geometry": { "type": "Point", "coordinates": [ 120.723541, 24.15735201 ] } },
{ "type": "Feature", "properties": { "名稱": "夜巴黎美學會館(舊楓彩)", "地址": "510台灣彰化縣員林市雙平路135號", "img_url": null, "img_url2": "https://x.com/iformosa_com/status/1964695318286778662", "img_url3": "https://x.com/iformosa_com/status/1964695375304114398", "img_url4": "https://x.com/iformosa_com/status/1964695431465820638", "img_url5": null, "服務": "養生會館", "original_row_id": 964, "latitude": 23.964392, "longitude": 120.567898, "url": "https://www.google.com/maps/@?api=1&map_action=pano&viewpoint=23.964392004518,120.567898024138&heading=207&pitch=10&fov=62" }, "geometry": { "type": "Point", "coordinates": [ 120.567898, 23.964392 ] } },
{ "type": "Feature", "properties": { "名稱": "香香泰式越式養生洗頭館", "地址": "928台灣屏東縣東港鎮中正路二段89號", "img_url": "https://twitter.com/iformosa_com/status/1729776586151415923", "img_url2": null, "img_url3": null, "img_url4": null, "img_url5": null, "服務": "養生會館", "original_row_id": 972, "latitude": 22.47728401, "longitude": 120.462418, "url": "https://www.google.com/maps/@?api=1&map_action=pano&viewpoint=22.477284005134,120.462417975283&heading=207&pitch=10&fov=62" }, "geometry": { "type": "Point", "coordinates": [ 120.462418, 22.47728401 ] } },
{ "type": "Feature", "properties": { "名稱": "星辰養生館(舊新雅)", "地址": "806台灣高雄市前鎮區永豐路197號", "img_url": "https://x.com/iformosa_com/status/1889189715347431707", "img_url2": "https://x.com/iformosa_com/status/1883819335694868597", "img_url3": null, "img_url4": null, "img_url5": null, "服務": "養生會館", "original_row_id": 974, "latitude": 22.60794501, "longitude": 120.333089, "url": "https://www.google.com/maps/@?api=1&map_action=pano&viewpoint=22.607945009418,120.333088981143&heading=207&pitch=10&fov=62" }, "geometry": { "type": "Point", "coordinates": [ 120.333089, 22.60794501 ] } },
{ "type": "Feature", "properties": { "名稱": "金湖畔瘦身美容會館(舊芝琳)", "地址": "404台灣台中市北區中清路一段695號", "img_url": "https://x.com/iformosa_com/status/1919231757523788253", "img_url2": "https://x.com/iformosa_com/status/1917192979665899544", "img_url3": "https://x.com/iformosa_com/status/1917193031306166389", "img_url4": null, "img_url5": null, "服務": "養生會館", "original_row_id": 975, "latitude": 24.17207411, "longitude": 120.6715776, "url": "https://www.google.com/maps/@?api=1&map_action=pano&viewpoint=24.172074107533,120.671577640191&heading=207&pitch=10&fov=62" }, "geometry": { "type": "Point", "coordinates": [ 120.6715776, 24.17207411 ] } },
{ "type": "Feature", "properties": { "名稱": "雙美美容SPA工作室", "地址": "802台灣高雄市苓雅區廣州一街145-4號2樓", "img_url": "https://twitter.com/iformosa_com/status/1622167532848451591", "img_url2": "https://twitter.com/iformosa_com/status/1622167608945704962", "img_url3": null, "img_url4": null, "img_url5": null, "服務": "美容芳療 及 工作室", "original_row_id": 980, "latitude": 22.62558799, "longitude": 120.316459, "url": "https://www.google.com/maps/@?api=1&map_action=pano&viewpoint=22.625587993593,120.316459033786&heading=207&pitch=10&fov=62" }, "geometry": { "type": "Point", "coordinates": [ 120.316459, 22.62558799 ] } },
{ "type": "Feature", "properties": { "名稱": "美麗緣養生館", "地址": "704台灣台南市北區小東路311號", "img_url": "https://x.com/iformosa_com/status/1925576717294608752", "img_url2": null, "img_url3": null, "img_url4": null, "img_url5": null, "服務": "養生會館", "original_row_id": 982, "latitude": 22.99926799, "longitude": 120.230658, "url": "https://www.google.com/maps/@?api=1&map_action=pano&viewpoint=22.999267989304,120.230658017206&heading=207&pitch=10&fov=62" }, "geometry": { "type": "Point", "coordinates": [ 120.230658, 22.99926799 ] } },
{ "type": "Feature", "properties": { "名稱": "越紅男女SPA養生館", "地址": "235台灣新北市中和區中正路630號", "img_url": "https://twitter.com/iformosa_com/status/1621092174371913729", "img_url2": "https://twitter.com/iformosa_com/status/1621092333193420800", "img_url3": null, "img_url4": null, "img_url5": null, "服務": "養生會館", "original_row_id": 984, "latitude": 24.99589499, "longitude": 121.485621, "url": "https://www.google.com/maps/@?api=1&map_action=pano&viewpoint=24.995894993188,121.485621035791&heading=207&pitch=10&fov=62" }, "geometry": { "type": "Point", "coordinates": [ 121.485621, 24.99589499 ] } },
{ "type": "Feature", "properties": { "名稱": "星月整復推拿館", "地址": "420台灣台中市豐原區南村路43號", "img_url": "https://twitter.com/iformosa_com/status/1621048055327002624", "img_url2": "https://twitter.com/iformosa_com/status/1621048159752572928", "img_url3": null, "img_url4": null, "img_url5": null, "服務": "養生會館", "original_row_id": 985, "latitude": 24.25353028, "longitude": 120.7249011, "url": "https://www.google.com/maps/@?api=1&map_action=pano&viewpoint=24.253530280783,120.724901128898&heading=207&pitch=10&fov=62" }, "geometry": { "type": "Point", "coordinates": [ 120.7249011, 24.25353028 ] } },
{ "type": "Feature", "properties": { "名稱": "舒活美容館(舊金品美容館)", "地址": "542台灣南投縣草屯鎮博愛路754號", "img_url": "https://x.com/iformosa_com/status/1856006514911384014", "img_url2": null, "img_url3": null, "img_url4": null, "img_url5": null, "服務": "養生會館", "original_row_id": 999, "latitude": 23.98772299, "longitude": 120.675734, "url": "https://www.google.com/maps/@?api=1&map_action=pano&viewpoint=23.987722990097,120.675733974518&heading=207&pitch=10&fov=62" }, "geometry": { "type": "Point", "coordinates": [ 120.675734, 23.98772299 ] } },
{ "type": "Feature", "properties": { "名稱": "水煙斗SPA會館", "地址": "807台灣高雄市三民區博愛一路85號", "img_url": "https://x.com/iformosa_com/status/1968887432541061403", "img_url2": "https://x.com/iformosa_com/status/1847528575395823965", "img_url3": "https://x.com/iformosa_com/status/1845043457968177396", "img_url4": "https://x.com/iformosa_com/status/1845043517716037701", "img_url5": "https://x.com/iformosa_com/status/1845043566458159389", "服務": "養生會館", "original_row_id": 1002, "latitude": 22.64352698, "longitude": 120.302673, "url": "https://www.google.com/maps/@?api=1&map_action=pano&viewpoint=22.643526984678,120.302672982357&heading=207&pitch=10&fov=62" }, "geometry": { "type": "Point", "coordinates": [ 120.302673, 22.64352698 ] } },
{ "type": "Feature", "properties": { "名稱": "芊葒SPA足體養身會館(舊真可愛)", "地址": "600台灣嘉義市西區世賢路四段356號", "img_url": null, "img_url2": "https://x.com/iformosa_com/status/1840743724428767555", "img_url3": null, "img_url4": null, "img_url5": null, "服務": "養生會館", "original_row_id": 1015, "latitude": 23.46303899, "longitude": 120.44952, "url": "https://www.google.com/maps/@?api=1&map_action=pano&viewpoint=23.463038985367,120.449519986496&heading=207&pitch=10&fov=62" }, "geometry": { "type": "Point", "coordinates": [ 120.44952, 23.46303899 ] } },
{ "type": "Feature", "properties": { "名稱": "維也納養身館", "地址": "600台灣嘉義市西區南京路332號", "img_url": null, "img_url2": "https://x.com/iformosa_com/status/1837375059339731353", "img_url3": null, "img_url4": null, "img_url5": null, "服務": "養生會館", "original_row_id": 1018, "latitude": 23.46213998, "longitude": 120.43655, "url": "https://www.google.com/maps/@?api=1&map_action=pano&viewpoint=23.462139984342,120.43654999716&heading=207&pitch=10&fov=62" }, "geometry": { "type": "Point", "coordinates": [ 120.43655, 23.46213998 ] } },
{ "type": "Feature", "properties": { "名稱": "靈巧經絡指壓館", "地址": "613台灣嘉義縣朴子市四維路一段622號", "img_url": "https://x.com/iformosa_com/status/1917927886641828266", "img_url2": null, "img_url3": null, "img_url4": null, "img_url5": null, "服務": "傳統按摩 及 工作室", "original_row_id": 1020, "latitude": 23.45861741, "longitude": 120.2435593, "url": "https://www.google.com/maps/@?api=1&map_action=pano&viewpoint=23.458617405714,120.243559274936&heading=207&pitch=10&fov=62" }, "geometry": { "type": "Point", "coordinates": [ 120.2435593, 23.45861741 ] } },
{ "type": "Feature", "properties": { "名稱": "邑芯泰式按摩", "地址": "613台灣嘉義縣朴子市四維路一段628號", "img_url": "https://x.com/iformosa_com/status/1922158619719553284", "img_url2": null, "img_url3": null, "img_url4": null, "img_url5": null, "服務": "養生會館", "original_row_id": 1021, "latitude": 23.45862072, "longitude": 120.2435256, "url": "https://www.google.com/maps/@?api=1&map_action=pano&viewpoint=23.458620716566,120.243525579685&heading=207&pitch=10&fov=62" }, "geometry": { "type": "Point", "coordinates": [ 120.2435256, 23.45862072 ] } },
{ "type": "Feature", "properties": { "名稱": "Hello SPA 哈囉養生館", "地址": "807台灣高雄市三民區清華街35號", "img_url": "https://twitter.com/iformosa_com/status/1615548974144049159", "img_url2": "https://twitter.com/iformosa_com/status/1615549036689489922", "img_url3": null, "img_url4": null, "img_url5": null, "服務": "養生會館", "original_row_id": 1025, "latitude": 22.643839, "longitude": 120.343264, "url": "https://www.google.com/maps/@?api=1&map_action=pano&viewpoint=22.643839001024,120.343264024865&heading=207&pitch=10&fov=62" }, "geometry": { "type": "Point", "coordinates": [ 120.343264, 22.643839 ] } },
{ "type": "Feature", "properties": { "名稱": "燕子男女越式養生洗頭(舊湘雪)", "地址": "812台灣高雄市小港區山明路489號", "img_url": "https://twitter.com/iformosa_com/status/1717523673173929986", "img_url2": "https://twitter.com/iformosa_com/status/1717523737623580846", "img_url3": null, "img_url4": null, "img_url5": null, "服務": "洗頭按摩 及 養生會館", "original_row_id": 1030, "latitude": 22.56812099, "longitude": 120.362322, "url": "https://www.google.com/maps/@?api=1&map_action=pano&viewpoint=22.56812099487,120.362321958115&heading=207&pitch=10&fov=62" }, "geometry": { "type": "Point", "coordinates": [ 120.362322, 22.56812099 ] } },
{ "type": "Feature", "properties": { "名稱": "Lana拉娜紓壓會館", "地址": "220台灣新北市板橋區中山路一段50巷2號2樓", "img_url": "https://twitter.com/iformosa_com/status/1611647040991428608", "img_url2": "https://twitter.com/iformosa_com/status/1611647088647081985", "img_url3": null, "img_url4": null, "img_url5": null, "服務": "養生會館 及 工作室", "original_row_id": 1032, "latitude": 25.00880618, "longitude": 121.4615186, "url": "https://www.google.com/maps/@?api=1&map_action=pano&viewpoint=25.008806183473,121.461518621753&heading=207&pitch=10&fov=62" }, "geometry": { "type": "Point", "coordinates": [ 121.4615186, 25.00880618 ] } },
{ "type": "Feature", "properties": { "名稱": "Q18美容名店", "地址": "300台灣新竹市東區北大路24號", "img_url": "https://twitter.com/iformosa_com/status/1610993577433391105", "img_url2": "https://twitter.com/iformosa_com/status/1610993649252470786", "img_url3": "https://twitter.com/iformosa_com/status/1610993848368648197", "img_url4": "https://twitter.com/iformosa_com/status/1610993796170526720", "img_url5": "https://twitter.com/iformosa_com/status/1610993721407057924", "服務": "養生會館", "original_row_id": 1034, "latitude": 24.81321598, "longitude": 120.973384, "url": "https://www.google.com/maps/@?api=1&map_action=pano&viewpoint=24.813215981616,120.973383989638&heading=207&pitch=10&fov=62" }, "geometry": { "type": "Point", "coordinates": [ 120.973384, 24.81321598 ] } },
{ "type": "Feature", "properties": { "名稱": "艾妮越式SPA會館", "地址": "404台灣台中市北區中清路一段313號", "img_url": "https://twitter.com/iformosa_com/status/1609435843273588736", "img_url2": null, "img_url3": null, "img_url4": null, "img_url5": null, "服務": "美容芳療 及 養生會館", "original_row_id": 1039, "latitude": 24.16078901, "longitude": 120.675016, "url": "https://www.google.com/maps/@?api=1&map_action=pano&viewpoint=24.160789006465,120.675015980692&heading=207&pitch=10&fov=62" }, "geometry": { "type": "Point", "coordinates": [ 120.675016, 24.16078901 ] } },
{ "type": "Feature", "properties": { "名稱": "玫瑰園美容護膚名店", "地址": "300台灣新竹市北區經國路二段131號2樓", "img_url": "https://twitter.com/iformosa_com/status/1608741921874391040", "img_url2": "https://twitter.com/iformosa_com/status/1608742009782796292", "img_url3": "https://twitter.com/iformosa_com/status/1608742137226743808", "img_url4": "https://twitter.com/iformosa_com/status/1608742077088813059", "img_url5": null, "服務": "養生會館", "original_row_id": 1041, "latitude": 24.81164999, "longitude": 120.96436, "url": "https://www.google.com/maps/@?api=1&map_action=pano&viewpoint=24.811649990646,120.96436003268&heading=207&pitch=10&fov=62" }, "geometry": { "type": "Point", "coordinates": [ 120.96436, 24.81164999 ] } },
{ "type": "Feature", "properties": { "名稱": "利莉養生館(舊函宣)", "地址": "811台灣高雄市楠梓區德民路608號", "img_url": null, "img_url2": "https://x.com/iformosa_com/status/1607627512494043138", "img_url3": "https://twitter.com/iformosa_com/status/1607622172549459999", "img_url4": "https://twitter.com/iformosa_com/status/1607622234704867328", "img_url5": null, "服務": "養生會館", "original_row_id": 1046, "latitude": 22.72319798, "longitude": 120.296748, "url": "https://www.google.com/maps/@?api=1&map_action=pano&viewpoint=22.723197980189,120.29674798264&heading=207&pitch=10&fov=62" }, "geometry": { "type": "Point", "coordinates": [ 120.296748, 22.72319798 ] } },
{ "type": "Feature", "properties": { "名稱": "柒朵SPA養生館", "地址": "802台灣高雄市苓雅區建國一路136號", "img_url": "https://twitter.com/iformosa_com/status/1607308303847280640", "img_url2": "https://twitter.com/iformosa_com/status/1607308372864565248", "img_url3": null, "img_url4": null, "img_url5": null, "服務": "養生會館", "original_row_id": 1047, "latitude": 22.63256098, "longitude": 120.330356, "url": "https://www.google.com/maps/@?api=1&map_action=pano&viewpoint=22.632560982663,120.330355977793&heading=207&pitch=10&fov=62" }, "geometry": { "type": "Point", "coordinates": [ 120.330356, 22.63256098 ] } },
{ "type": "Feature", "properties": { "名稱": "愛紳里美容養生館", "地址": "412台灣台中市大里區國光路二段162號", "img_url": "https://twitter.com/iformosa_com/status/1606600089094721537", "img_url2": "https://twitter.com/iformosa_com/status/1606600140059705344", "img_url3": "https://twitter.com/iformosa_com/status/1606600190290690051", "img_url4": null, "img_url5": null, "服務": "養生會館", "original_row_id": 1048, "latitude": 24.10378678, "longitude": 120.6816862, "url": "https://www.google.com/maps/@?api=1&map_action=pano&viewpoint=24.103786784273,120.68168621542&heading=207&pitch=10&fov=62" }, "geometry": { "type": "Point", "coordinates": [ 120.6816862, 24.10378678 ] } },
{ "type": "Feature", "properties": { "名稱": "潘朵拉SPA時尚會館", "地址": "302台灣新竹縣竹北市縣政二路20號", "img_url": "https://twitter.com/iformosa_com/status/1605478967154069504", "img_url2": "https://twitter.com/iformosa_com/status/1605479016500105217", "img_url3": "https://twitter.com/iformosa_com/status/1605479176844103680", "img_url4": "https://twitter.com/iformosa_com/status/1605479069297963008", "img_url5": "https://twitter.com/iformosa_com/status/1605479112935501825", "服務": "養生會館", "original_row_id": 1050, "latitude": 24.82219698, "longitude": 121.014255, "url": "https://www.google.com/maps/@?api=1&map_action=pano&viewpoint=24.822196981321,121.014254987712&heading=207&pitch=10&fov=62" }, "geometry": { "type": "Point", "coordinates": [ 121.014255, 24.82219698 ] } },
{ "type": "Feature", "properties": { "名稱": "越亮休閒會館", "地址": "108台灣台北市萬華區西園路二段151號", "img_url": "https://twitter.com/iformosa_com/status/1729046496740610480", "img_url2": "https://twitter.com/iformosa_com/status/1729046552537387410", "img_url3": null, "img_url4": null, "img_url5": null, "服務": "養生會館", "original_row_id": 1061, "latitude": 25.029253, "longitude": 121.496087, "url": "https://www.google.com/maps/@?api=1&map_action=pano&viewpoint=25.029252998079,121.496087015372&heading=207&pitch=10&fov=62" }, "geometry": { "type": "Point", "coordinates": [ 121.496087, 25.029253 ] } },
{ "type": "Feature", "properties": { "名稱": "后宮SPA會館", "地址": "330台灣桃園市桃園區中正路364號5樓", "img_url": "https://twitter.com/iformosa_com/status/1600402907953709056", "img_url2": "https://twitter.com/iformosa_com/status/1600402974487891968", "img_url3": null, "img_url4": null, "img_url5": null, "服務": "養生會館", "original_row_id": 1063, "latitude": 24.99871198, "longitude": 121.308663, "url": "https://www.google.com/maps/@?api=1&map_action=pano&viewpoint=24.998711983207,121.308662966503&heading=207&pitch=10&fov=62" }, "geometry": { "type": "Point", "coordinates": [ 121.308663, 24.99871198 ] } },
{ "type": "Feature", "properties": { "名稱": "秘密SPA美容名店", "地址": "304台灣新竹縣新豐鄉新興路460號", "img_url": "https://twitter.com/iformosa_com/status/1599209774356520960", "img_url2": "https://twitter.com/iformosa_com/status/1599209906594537472", "img_url3": "https://twitter.com/iformosa_com/status/1599210140678656000", "img_url4": "https://twitter.com/iformosa_com/status/1599210219057602561", "img_url5": null, "服務": "養生會館", "original_row_id": 1068, "latitude": 24.881084, "longitude": 121.00879, "url": "https://www.google.com/maps/@?api=1&map_action=pano&viewpoint=24.881084000171,121.008789986842&heading=207&pitch=10&fov=62" }, "geometry": { "type": "Point", "coordinates": [ 121.00879, 24.881084 ] } },
{ "type": "Feature", "properties": { "名稱": "歐悅男女養生會館", "地址": "420台灣台中市豐原區中正路581號", "img_url": null, "img_url2": "https://x.com/iformosa_com/status/1847537521623973974", "img_url3": "https://x.com/iformosa_com/status/1599067802056683520", "img_url4": "https://x.com/iformosa_com/status/1599060269564497920", "img_url5": null, "服務": "養生會館", "original_row_id": 1069, "latitude": 24.25005389, "longitude": 120.7081205, "url": "https://www.google.com/maps/@?api=1&map_action=pano&viewpoint=24.250053886441,120.708120474922&heading=207&pitch=10&fov=62" }, "geometry": { "type": "Point", "coordinates": [ 120.7081205, 24.25005389 ] } },
{ "type": "Feature", "properties": { "名稱": "越愛養生館", "地址": "812台灣高雄市小港區孔鳳路435號", "img_url": "https://twitter.com/iformosa_com/status/1698640552433197483", "img_url2": "https://twitter.com/iformosa_com/status/1698640702450856157", "img_url3": "https://twitter.com/iformosa_com/status/1600728853860986880", "img_url4": null, "img_url5": null, "服務": "養生會館", "original_row_id": 1071, "latitude": 22.581353, "longitude": 120.359142, "url": "https://www.google.com/maps/@?api=1&map_action=pano&viewpoint=22.581353002499,120.359142031688&heading=207&pitch=10&fov=62" }, "geometry": { "type": "Point", "coordinates": [ 120.359142, 22.581353 ] } },
{ "type": "Feature", "properties": { "名稱": "浪漫男女按摩", "地址": "640台灣雲林縣斗六市仁義路11-2號", "img_url": "https://x.com/iformosa_com/status/1928765706771853798", "img_url2": null, "img_url3": null, "img_url4": null, "img_url5": null, "服務": "養生會館", "original_row_id": 1078, "latitude": 23.68889352, "longitude": 120.5386199, "url": "https://www.google.com/maps/@?api=1&map_action=pano&viewpoint=23.688893515472,120.538619868708&heading=207&pitch=10&fov=62" }, "geometry": { "type": "Point", "coordinates": [ 120.5386199, 23.68889352 ] } },
{ "type": "Feature", "properties": { "名稱": "越浪漫養生館", "地址": "908台灣屏東縣長治鄉中興路745號", "img_url": "https://twitter.com/iformosa_com/status/1741372537656033458", "img_url2": "https://twitter.com/iformosa_com/status/1595721483493728257", "img_url3": null, "img_url4": null, "img_url5": null, "服務": "養生會館", "original_row_id": 1081, "latitude": 22.69568698, "longitude": 120.552841, "url": "https://www.google.com/maps/@?api=1&map_action=pano&viewpoint=22.695686981406,120.552841024731&heading=207&pitch=10&fov=62" }, "geometry": { "type": "Point", "coordinates": [ 120.552841, 22.69568698 ] } },
{ "type": "Feature", "properties": { "名稱": "美薇思SPA會館(舊婧麗)", "地址": "234台灣新北市永和區民光街9號", "img_url": "https://x.com/iformosa_com/status/1931716141363421546", "img_url2": "https://x.com/iformosa_com/status/1930907017939763563", "img_url3": null, "img_url4": null, "img_url5": null, "服務": "養生會館", "original_row_id": 1084, "latitude": 24.996278, "longitude": 121.515478, "url": "https://www.google.com/maps/@?api=1&map_action=pano&viewpoint=24.996278004253,121.515477961635&heading=207&pitch=10&fov=62" }, "geometry": { "type": "Point", "coordinates": [ 121.515478, 24.996278 ] } },
{ "type": "Feature", "properties": { "名稱": "泰?戀養生館", "地址": "200台灣基隆市仁愛區忠四路5號", "img_url": "https://twitter.com/iformosa_com/status/1789948300159762735", "img_url2": "https://twitter.com/iformosa_com/status/1789948355457519893", "img_url3": null, "img_url4": null, "img_url5": null, "服務": "養生會館", "original_row_id": 1085, "latitude": 25.12784798, "longitude": 121.739624, "url": "https://www.google.com/maps/@?api=1&map_action=pano&viewpoint=25.127847984027,121.739623966506&heading=207&pitch=10&fov=62" }, "geometry": { "type": "Point", "coordinates": [ 121.739624, 25.12784798 ] } },
{ "type": "Feature", "properties": { "名稱": "大馨健康養生館(舊安源)", "地址": "302台灣新竹縣竹北市縣政十街49號", "img_url": "https://x.com/iformosa_com/status/1931934854742245430", "img_url2": null, "img_url3": null, "img_url4": null, "img_url5": null, "服務": "養生會館", "original_row_id": 1088, "latitude": 24.82829, "longitude": 121.0086, "url": "https://www.google.com/maps/@?api=1&map_action=pano&viewpoint=24.828289996287,121.008599969097&heading=207&pitch=10&fov=62" }, "geometry": { "type": "Point", "coordinates": [ 121.0086, 24.82829 ] } },
{ "type": "Feature", "properties": { "名稱": "雅荷SPA美學工作室", "地址": "403台灣台中市西區大墩十二街13號", "img_url": "https://x.com/iformosa_com/status/1930973568583745610", "img_url2": null, "img_url3": null, "img_url4": null, "img_url5": null, "服務": "養生會館", "original_row_id": 1097, "latitude": 24.14982598, "longitude": 120.654501, "url": "https://www.google.com/maps/@?api=1&map_action=pano&viewpoint=24.149825980025,120.654501021213&heading=207&pitch=10&fov=62" }, "geometry": { "type": "Point", "coordinates": [ 120.654501, 24.14982598 ] } },
{ "type": "Feature", "properties": { "名稱": "欣宜堂健康生活館", "地址": "269台灣宜蘭縣冬山鄉永安路313號", "img_url": "https://x.com/iformosa_com/status/1881594204226551925", "img_url2": "https://x.com/iformosa_com/status/1583058593540030464", "img_url3": "https://x.com/iformosa_com/status/1583055976038420485", "img_url4": null, "img_url5": null, "服務": "養生會館", "original_row_id": 1116, "latitude": 24.66262331, "longitude": 121.7657689, "url": "https://www.google.com/maps/@?api=1&map_action=pano&viewpoint=24.662623314495,121.765768882709&heading=207&pitch=10&fov=62" }, "geometry": { "type": "Point", "coordinates": [ 121.7657689, 24.66262331 ] } },
{ "type": "Feature", "properties": { "名稱": "天使 養生館", "地址": "807台灣高雄市三民區建國一路503號", "img_url": "https://twitter.com/iformosa_com/status/1582238233735626753", "img_url2": null, "img_url3": null, "img_url4": null, "img_url5": null, "服務": "養生會館", "original_row_id": 1124, "latitude": 22.63604798, "longitude": 120.315096, "url": "https://www.google.com/maps/@?api=1&map_action=pano&viewpoint=22.636047980113,120.315095968691&heading=207&pitch=10&fov=62" }, "geometry": { "type": "Point", "coordinates": [ 120.315096, 22.63604798 ] } },
{ "type": "Feature", "properties": { "名稱": "臻藏男女養生館", "地址": "833台灣高雄市鳥松區大埤路10號", "img_url": "https://twitter.com/iformosa_com/status/1687754972769959936", "img_url2": "https://twitter.com/iformosa_com/status/1687755067481632768", "img_url3": null, "img_url4": null, "img_url5": null, "服務": "養生會館", "original_row_id": 1132, "latitude": 22.65936799, "longitude": 120.363619, "url": "https://www.google.com/maps/@?api=1&map_action=pano&viewpoint=22.659367985399,120.363618973812&heading=207&pitch=10&fov=62" }, "geometry": { "type": "Point", "coordinates": [ 120.363619, 22.65936799 ] } },
{ "type": "Feature", "properties": { "名稱": "珠萩養生館", "地址": "437台灣台中市大甲區經國路318號", "img_url": "https://twitter.com/iformosa_com/status/1580504446026809344", "img_url2": null, "img_url3": null, "img_url4": null, "img_url5": null, "服務": "美容芳療", "original_row_id": 1138, "latitude": 24.346017, "longitude": 120.6173, "url": "https://www.google.com/maps/@?api=1&map_action=pano&viewpoint=24.346016996701,120.617300039445&heading=207&pitch=10&fov=62" }, "geometry": { "type": "Point", "coordinates": [ 120.6173, 24.346017 ] } },
{ "type": "Feature", "properties": { "名稱": "心悅SPA生活館", "地址": "709台灣台南市安南區郡安路四段69號", "img_url": "https://twitter.com/iformosa_com/status/1578259048696545280", "img_url2": "https://twitter.com/iformosa_com/status/1578259109610418179", "img_url3": null, "img_url4": null, "img_url5": null, "服務": "養生會館", "original_row_id": 1155, "latitude": 23.02798288, "longitude": 120.2112779, "url": "https://www.google.com/maps/@?api=1&map_action=pano&viewpoint=23.02798288084,120.211277883598&heading=207&pitch=10&fov=62" }, "geometry": { "type": "Point", "coordinates": [ 120.2112779, 23.02798288 ] } },
{ "type": "Feature", "properties": { "名稱": "水姑娘SPA美容養身會館", "地址": "807台灣高雄市三民區建工路650號", "img_url": "https://twitter.com/iformosa_com/status/1758116505391345708", "img_url2": "https://twitter.com/iformosa_com/status/1758116571472650577", "img_url3": null, "img_url4": null, "img_url5": null, "服務": "養生會館", "original_row_id": 1166, "latitude": 22.64914399, "longitude": 120.321888, "url": "https://www.google.com/maps/@?api=1&map_action=pano&viewpoint=22.649143991363,120.321887992472&heading=207&pitch=10&fov=62" }, "geometry": { "type": "Point", "coordinates": [ 120.321888, 22.64914399 ] } },
{ "type": "Feature", "properties": { "名稱": "玉香足體生活館", "地址": "330台灣桃園市桃園區民族路188號", "img_url": "https://twitter.com/iformosa_com/status/1607215073415827457", "img_url2": null, "img_url3": null, "img_url4": null, "img_url5": null, "服務": "養生會館", "original_row_id": 1173, "latitude": 24.99444228, "longitude": 121.3079878, "url": "https://www.google.com/maps/@?api=1&map_action=pano&viewpoint=24.994442283639,121.307987804202&heading=207&pitch=10&fov=62" }, "geometry": { "type": "Point", "coordinates": [ 121.3079878, 24.99444228 ] } },
{ "type": "Feature", "properties": { "名稱": "覓境SPA舒活美學館(舊悅悅)", "地址": "710台灣台南市永康區中山南路914號", "img_url": "https://x.com/iformosa_com/status/1915651649093378098", "img_url2": "https://x.com/iformosa_com/status/1910649616762364039", "img_url3": "https://x.com/iformosa_com/status/1910649678108250329", "img_url4": "https://x.com/iformosa_com/status/1910649726300807627", "img_url5": null, "服務": "養生會館", "original_row_id": 1175, "latitude": 23.0217304, "longitude": 120.2491926, "url": "https://www.google.com/maps/@?api=1&map_action=pano&viewpoint=23.021730400166,120.249192584422&heading=207&pitch=10&fov=62" }, "geometry": { "type": "Point", "coordinates": [ 120.2491926, 23.0217304 ] } },
{ "type": "Feature", "properties": { "名稱": "圓潤經絡調理館", "地址": "324台灣桃園市平鎮區龍南路87號", "img_url": "https://twitter.com/iformosa_com/status/1621763597939671041", "img_url2": null, "img_url3": null, "img_url4": null, "img_url5": null, "服務": "傳統按摩 及 養生會館", "original_row_id": 1181, "latitude": 24.92427699, "longitude": 121.246193, "url": "https://www.google.com/maps/@?api=1&map_action=pano&viewpoint=24.924276994972,121.246192977413&heading=207&pitch=10&fov=62" }, "geometry": { "type": "Point", "coordinates": [ 121.246193, 24.92427699 ] } },
{ "type": "Feature", "properties": { "名稱": "伊林精油美容SPA生活館", "地址": "403台灣台中市西區五權路31號", "img_url": "https://twitter.com/iformosa_com/status/1569566109116018688", "img_url2": "https://twitter.com/iformosa_com/status/1569566180092030978", "img_url3": "https://twitter.com/iformosa_com/status/1569566279417339904", "img_url4": "https://twitter.com/iformosa_com/status/1569566338003390464", "img_url5": null, "服務": "養生會館", "original_row_id": 1199, "latitude": 24.1445005, "longitude": 120.6699215, "url": "https://www.google.com/maps/@?api=1&map_action=pano&viewpoint=24.144500495933,120.669921459942&heading=207&pitch=10&fov=62" }, "geometry": { "type": "Point", "coordinates": [ 120.6699215, 24.1445005 ] } },
{ "type": "Feature", "properties": { "名稱": "夢帆美容坊", "地址": "812台灣高雄市小港區沿海一路385號", "img_url": "https://x.com/iformosa_com/status/1908513012182585576", "img_url2": "https://x.com/iformosa_com/status/1569275911727628288", "img_url3": "https://twitter.com/iformosa_com/status/1569269128015540233", "img_url4": "https://twitter.com/iformosa_com/status/1569269182281428992", "img_url5": null, "服務": "養生會館", "original_row_id": 1200, "latitude": 22.56312999, "longitude": 120.355707, "url": "https://www.google.com/maps/@?api=1&map_action=pano&viewpoint=22.563129990624,120.355706960128&heading=207&pitch=10&fov=62" }, "geometry": { "type": "Point", "coordinates": [ 120.355707, 22.56312999 ] } },
{ "type": "Feature", "properties": { "名稱": "羅莎琳植物精油香氛園(舊湯森傳統整復推拿館)", "地址": "402台灣台中市南區工學北路140號", "img_url": "https://twitter.com/iformosa_com/status/1566436022493147136", "img_url2": null, "img_url3": null, "img_url4": null, "img_url5": null, "服務": "美容芳療", "original_row_id": 1211, "latitude": 24.11844602, "longitude": 120.660088, "url": "https://www.google.com/maps/@?api=1&map_action=pano&viewpoint=24.118446020465,120.660087978775&heading=207&pitch=10&fov=62" }, "geometry": { "type": "Point", "coordinates": [ 120.660088, 24.11844602 ] } },
{ "type": "Feature", "properties": { "名稱": "皇漢泰式養生會館", "地址": "108台灣台北市萬華區內江街68號", "img_url": "https://twitter.com/iformosa_com/status/1569968413283618818", "img_url2": "https://twitter.com/iformosa_com/status/1569972504730673153", "img_url3": null, "img_url4": null, "img_url5": null, "服務": "養生會館", "original_row_id": 1231, "latitude": 25.041463, "longitude": 121.504857, "url": "https://www.google.com/maps/@?api=1&map_action=pano&viewpoint=25.041463000254,121.504857000664&heading=207&pitch=10&fov=62" }, "geometry": { "type": "Point", "coordinates": [ 121.504857, 25.041463 ] } },
{ "type": "Feature", "properties": { "名稱": "依伶泰式養生館", "地址": "400台灣台中市中區成功路90巷13號", "img_url": "https://twitter.com/iformosa_com/status/1744302876225323392", "img_url2": null, "img_url3": null, "img_url4": null, "img_url5": null, "服務": "養生會館", "original_row_id": 1241, "latitude": 24.14034299, "longitude": 120.684602, "url": "https://www.google.com/maps/@?api=1&map_action=pano&viewpoint=24.140342988139,120.684602028078&heading=207&pitch=10&fov=62" }, "geometry": { "type": "Point", "coordinates": [ 120.684602, 24.14034299 ] } },
{ "type": "Feature", "properties": { "名稱": "艾芙拉養生會館(舊小蘋果)", "地址": "900台灣屏東縣屏東市自立路251號", "img_url": "https://twitter.com/iformosa_com/status/1631614404570804225", "img_url2": "https://twitter.com/iformosa_com/status/1631614471025356801", "img_url3": null, "img_url4": null, "img_url5": null, "服務": "養生會館", "original_row_id": 1242, "latitude": 22.67362799, "longitude": 120.496948, "url": "https://www.google.com/maps/@?api=1&map_action=pano&viewpoint=22.673627991543,120.496947979786&heading=207&pitch=10&fov=62" }, "geometry": { "type": "Point", "coordinates": [ 120.496948, 22.67362799 ] } },
{ "type": "Feature", "properties": { "名稱": "燕林健康休閒養生館", "地址": "421台灣台中市后里區甲后路一段623-3號", "img_url": "https://twitter.com/iformosa_com/status/1559555836061831168", "img_url2": null, "img_url3": null, "img_url4": null, "img_url5": null, "服務": "養生會館", "original_row_id": 1243, "latitude": 24.30956644, "longitude": 120.7178827, "url": "https://www.google.com/maps/@?api=1&map_action=pano&viewpoint=24.309566444918,120.717882699881&heading=207&pitch=10&fov=62" }, "geometry": { "type": "Point", "coordinates": [ 120.7178827, 24.30956644 ] } },
{ "type": "Feature", "properties": { "名稱": "巧千時尚館(舊水立方)", "地址": "108台灣台北市萬華區和平西路三段261-11號", "img_url": "https://twitter.com/iformosa_com/status/1576791829185327104", "img_url2": "https://twitter.com/iformosa_com/status/1576791892980686850", "img_url3": "https://twitter.com/iformosa_com/status/1576792010945544192", "img_url4": "https://twitter.com/iformosa_com/status/1576791959145848833", "img_url5": "https://twitter.com/iformosa_com/status/1567428983666638848", "服務": "養生會館", "original_row_id": 1249, "latitude": 25.03561101, "longitude": 121.493938, "url": "https://www.google.com/maps/@?api=1&map_action=pano&viewpoint=25.035611006914,121.493937979217&heading=207&pitch=10&fov=62" }, "geometry": { "type": "Point", "coordinates": [ 121.493938, 25.03561101 ] } },
{ "type": "Feature", "properties": { "名稱": "大愛養生會館", "地址": "10491台灣台北市中山區民生東路一段 47號", "img_url": "https://twitter.com/iformosa_com/status/1561666712050642944", "img_url2": null, "img_url3": null, "img_url4": null, "img_url5": null, "服務": "養生會館", "original_row_id": 1250, "latitude": 25.05819592, "longitude": 121.5261574, "url": "https://www.google.com/maps/@?api=1&map_action=pano&viewpoint=25.058195919291,121.52615742829&heading=207&pitch=10&fov=62" }, "geometry": { "type": "Point", "coordinates": [ 121.5261574, 25.05819592 ] } },
{ "type": "Feature", "properties": { "名稱": "168 SPA 按摩館 - 左營店", "地址": "813台灣高雄市左營區左營大路575號", "img_url": "https://twitter.com/iformosa_com/status/1558000397838520321", "img_url2": "https://twitter.com/iformosa_com/status/1558000478922743808", "img_url3": null, "img_url4": null, "img_url5": null, "服務": "養生會館", "original_row_id": 1251, "latitude": 22.69140701, "longitude": 120.29753, "url": "https://www.google.com/maps/@?api=1&map_action=pano&viewpoint=22.691407014006,120.297530014206&heading=207&pitch=10&fov=62" }, "geometry": { "type": "Point", "coordinates": [ 120.29753, 22.69140701 ] } },
{ "type": "Feature", "properties": { "名稱": "水悅SPA養生會館(舊米樂)", "地址": "800台灣高雄市新興區林森一路137號", "img_url": "https://x.com/iformosa_com/status/1900097705525096910", "img_url2": null, "img_url3": null, "img_url4": null, "img_url5": null, "服務": "養生會館", "original_row_id": 1255, "latitude": 22.62902998, "longitude": 120.304342, "url": "https://www.google.com/maps/@?api=1&map_action=pano&viewpoint=22.629029980222,120.304341986917&heading=207&pitch=10&fov=62" }, "geometry": { "type": "Point", "coordinates": [ 120.304342, 22.62902998 ] } },
{ "type": "Feature", "properties": { "名稱": "泰天使SPA會館", "地址": "247台灣新北市蘆洲區和平路33號", "img_url": "https://twitter.com/iformosa_com/status/1580479095758258176", "img_url2": null, "img_url3": null, "img_url4": null, "img_url5": null, "服務": "養生會館", "original_row_id": 1268, "latitude": 25.07922901, "longitude": 121.471844, "url": "https://www.google.com/maps/@?api=1&map_action=pano&viewpoint=25.079229006115,121.471844036817&heading=207&pitch=10&fov=62" }, "geometry": { "type": "Point", "coordinates": [ 121.471844, 25.07922901 ] } },
{ "type": "Feature", "properties": { "名稱": "奇緣SPA", "地址": "710台灣台南市永康區永大路二段1121號", "img_url": "https://x.com/iformosa_com/status/1817903627178320285", "img_url2": "https://x.com/iformosa_com/status/1817903680202613143", "img_url3": "https://x.com/iformosa_com/status/1817903874604519931", "img_url4": "https://x.com/iformosa_com/status/1817903770027864336", "img_url5": "https://x.com/iformosa_com/status/1817903948289974320", "服務": "養生會館", "original_row_id": 1270, "latitude": 23.02697852, "longitude": 120.2605066, "url": "https://www.google.com/maps/@?api=1&map_action=pano&viewpoint=23.026978519292,120.260506561147&heading=207&pitch=10&fov=62" }, "geometry": { "type": "Point", "coordinates": [ 120.2605066, 23.02697852 ] } },
{ "type": "Feature", "properties": { "名稱": "美心按摩坊", "地址": "640台灣雲林縣斗六市大智街50號", "img_url": "https://x.com/iformosa_com/status/1806619246639862121", "img_url2": "https://x.com/iformosa_com/status/1806619296774181213", "img_url3": null, "img_url4": null, "img_url5": null, "服務": "養生會館", "original_row_id": 1284, "latitude": 23.7013414, "longitude": 120.5401522, "url": "https://www.google.com/maps/@?api=1&map_action=pano&viewpoint=23.701341396059,120.540152164428&heading=207&pitch=10&fov=62" }, "geometry": { "type": "Point", "coordinates": [ 120.5401522, 23.7013414 ] } },
{ "type": "Feature", "properties": { "名稱": "御前殿養生會館", "地址": "802台灣高雄市苓雅區三多一路91號", "img_url": "https://x.com/iformosa_com/status/1966230908085866662", "img_url2": "https://x.com/iformosa_com/status/1966227042397245467", "img_url3": "https://x.com/iformosa_com/status/1966227139247964189", "img_url4": null, "img_url5": null, "服務": "養生會館", "original_row_id": 1297, "latitude": 22.623482, "longitude": 120.333407, "url": "https://www.google.com/maps/@?api=1&map_action=pano&viewpoint=22.62348199851,120.333406990549&heading=207&pitch=10&fov=62" }, "geometry": { "type": "Point", "coordinates": [ 120.333407, 22.623482 ] } },
{ "type": "Feature", "properties": { "名稱": "君臨天下SPA時尚會館(舊彩色世界)", "地址": "302台灣新竹縣竹北市光明六路305號", "img_url": "https://twitter.com/iformosa_com/status/1791030658317647876", "img_url2": "https://twitter.com/iformosa_com/status/1791030733085225445", "img_url3": "https://twitter.com/iformosa_com/status/1791030794514989537", "img_url4": "https://twitter.com/iformosa_com/status/1791030893538382157", "img_url5": "https://twitter.com/iformosa_com/status/1791030931316416894", "服務": "養生會館", "original_row_id": 1301, "latitude": 24.83045601, "longitude": 121.003751, "url": "https://www.google.com/maps/@?api=1&map_action=pano&viewpoint=24.830456005796,121.00375103811&heading=207&pitch=10&fov=62" }, "geometry": { "type": "Point", "coordinates": [ 121.003751, 24.83045601 ] } },
{ "type": "Feature", "properties": { "名稱": "怡妃養生館", "地址": "108台灣台北市萬華區康定路314號", "img_url": "https://twitter.com/iformosa_com/status/1785239100347535726", "img_url2": "https://twitter.com/iformosa_com/status/1785239171063558615", "img_url3": "https://twitter.com/iformosa_com/status/1785239271286395262", "img_url4": "https://twitter.com/iformosa_com/status/1785239227896385776", "img_url5": "https://twitter.com/iformosa_com/status/1544386061425872896", "服務": "養生會館", "original_row_id": 1307, "latitude": 25.035933, "longitude": 121.501236, "url": "https://www.google.com/maps/@?api=1&map_action=pano&viewpoint=25.035932997724,121.501236018492&heading=207&pitch=10&fov=62" }, "geometry": { "type": "Point", "coordinates": [ 121.501236, 25.035933 ] } },
{ "type": "Feature", "properties": { "名稱": "時萌養生館", "地址": "247台灣新北市蘆洲區中正路22號", "img_url": "https://twitter.com/iformosa_com/status/1783798096574754816", "img_url2": "https://twitter.com/iformosa_com/status/1783798168452526514", "img_url3": "https://twitter.com/iformosa_com/status/1783798215067988080", "img_url4": "https://twitter.com/iformosa_com/status/1783798262161662047", "img_url5": "https://twitter.com/iformosa_com/status/1562371438148849664", "服務": "養生會館", "original_row_id": 1311, "latitude": 25.08222759, "longitude": 121.4713893, "url": "https://www.google.com/maps/@?api=1&map_action=pano&viewpoint=25.082227590066,121.47138931857&heading=207&pitch=10&fov=62" }, "geometry": { "type": "Point", "coordinates": [ 121.4713893, 25.08222759 ] } },
{ "type": "Feature", "properties": { "名稱": "茵悅SPA生活會館(舊樂樂美容美體)", "地址": "247台灣新北市蘆洲區中山二路116號", "img_url": "https://x.com/iformosa_com/status/1800873242087071996", "img_url2": "https://x.com/iformosa_com/status/1800873303302980061", "img_url3": "https://x.com/iformosa_com/status/1800873365777031460", "img_url4": "https://twitter.com/iformosa_com/status/1725061688259641661", "img_url5": "https://twitter.com/iformosa_com/status/1725061836029268450", "服務": "養生會館", "original_row_id": 1312, "latitude": 25.08176298, "longitude": 121.472152, "url": "https://www.google.com/maps/@?api=1&map_action=pano&viewpoint=25.081762981173,121.47215198794&heading=207&pitch=10&fov=62" }, "geometry": { "type": "Point", "coordinates": [ 121.472152, 25.08176298 ] } },
{ "type": "Feature", "properties": { "名稱": "香玉養生館", "地址": "621台灣嘉義縣民雄鄉建國路一段970號", "img_url": "https://x.com/iformosa_com/status/1922636138310705425", "img_url2": "https://twitter.com/iformosa_com/status/1783419779178774597", "img_url3": "https://twitter.com/iformosa_com/status/1783419854386823575", "img_url4": "https://twitter.com/iformosa_com/status/1783419934619615348", "img_url5": null, "服務": "養生會館", "original_row_id": 1313, "latitude": 23.57639228, "longitude": 120.4388716, "url": "https://www.google.com/maps/@?api=1&map_action=pano&viewpoint=23.576392281603,120.438871616702&heading=207&pitch=10&fov=62" }, "geometry": { "type": "Point", "coordinates": [ 120.4388716, 23.57639228 ] } },
{ "type": "Feature", "properties": { "名稱": "小慧美甲SPA美容", "地址": "247台灣新北市蘆洲區三民路110巷8-1號", "img_url": "https://twitter.com/iformosa_com/status/1539505362524467200", "img_url2": null, "img_url3": null, "img_url4": null, "img_url5": null, "服務": "美容芳療 及 工作室", "original_row_id": 1338, "latitude": 25.08716692, "longitude": 121.4720568, "url": "https://www.google.com/maps/@?api=1&map_action=pano&viewpoint=25.087166919879,121.47205676952&heading=207&pitch=10&fov=62" }, "geometry": { "type": "Point", "coordinates": [ 121.4720568, 25.08716692 ] } },
{ "type": "Feature", "properties": { "名稱": "君悅養生會館", "地址": "812台灣高雄市小港區中安路616-1號", "img_url": "https://twitter.com/iformosa_com/status/1539176708875595776", "img_url2": null, "img_url3": null, "img_url4": null, "img_url5": null, "服務": "養生會館", "original_row_id": 1340, "latitude": 22.58471599, "longitude": 120.357738, "url": "https://www.google.com/maps/@?api=1&map_action=pano&viewpoint=22.584715989691,120.357737979087&heading=207&pitch=10&fov=62" }, "geometry": { "type": "Point", "coordinates": [ 120.357738, 22.58471599 ] } },
{ "type": "Feature", "properties": { "名稱": "鳳草健康美容養生館", "地址": "730台灣台南市新營區長榮路二段5號", "img_url": "https://twitter.com/iformosa_com/status/1538008503993782273", "img_url2": null, "img_url3": null, "img_url4": null, "img_url5": null, "服務": "養生會館", "original_row_id": 1350, "latitude": 23.31967009, "longitude": 120.3158591, "url": "https://www.google.com/maps/@?api=1&map_action=pano&viewpoint=23.31967009386,120.315859140975&heading=207&pitch=10&fov=62" }, "geometry": { "type": "Point", "coordinates": [ 120.3158591, 23.31967009 ] } },
{ "type": "Feature", "properties": { "名稱": "Brenna Beauty Skin", "地址": "320台灣桃園市中壢區興建街10號2樓", "img_url": "https://twitter.com/iformosa_com/status/1758472461442748469", "img_url2": "https://twitter.com/iformosa_com/status/1758472528241291741", "img_url3": null, "img_url4": null, "img_url5": null, "服務": "美容芳療 及 工作室", "original_row_id": 1352, "latitude": 24.95377501, "longitude": 121.224196, "url": "https://www.google.com/maps/@?api=1&map_action=pano&viewpoint=24.953775007722,121.224196013633&heading=207&pitch=10&fov=62" }, "geometry": { "type": "Point", "coordinates": [ 121.224196, 24.95377501 ] } },
{ "type": "Feature", "properties": { "名稱": "歐怡時尚SPA會館", "地址": "710台灣台南市永康區永大路三段385號", "img_url": "https://twitter.com/iformosa_com/status/1748657764870582466", "img_url2": "https://twitter.com/iformosa_com/status/1748657844747198505", "img_url3": "https://twitter.com/iformosa_com/status/1534089082972028933", "img_url4": null, "img_url5": null, "服務": "養生會館", "original_row_id": 1373, "latitude": 23.0360262, "longitude": 120.2590699, "url": "https://www.google.com/maps/@?api=1&map_action=pano&viewpoint=23.036026197037,120.259069902943&heading=207&pitch=10&fov=62" }, "geometry": { "type": "Point", "coordinates": [ 120.2590699, 23.0360262 ] } },
{ "type": "Feature", "properties": { "名稱": "芙樂SPA會館(舊南京/薇愛)", "地址": "710台灣台南市永康區中華路196號2樓", "img_url": "https://x.com/iformosa_com/status/1916847064945922106", "img_url2": "https://x.com/iformosa_com/status/1911321801864695890", "img_url3": "https://x.com/iformosa_com/status/1911321867459432590", "img_url4": "https://x.com/iformosa_com/status/1911321923956392308", "img_url5": null, "服務": "養生會館", "original_row_id": 1385, "latitude": 23.00452101, "longitude": 120.235542, "url": "https://www.google.com/maps/@?api=1&map_action=pano&viewpoint=23.004521011843,120.235541984549&heading=207&pitch=10&fov=62" }, "geometry": { "type": "Point", "coordinates": [ 120.235542, 23.00452101 ] } },
{ "type": "Feature", "properties": { "名稱": "霓霓男女養生館", "地址": "722台灣台南市佳里區進學路42號", "img_url": "https://twitter.com/iformosa_com/status/1739245946440138977", "img_url2": null, "img_url3": null, "img_url4": null, "img_url5": null, "服務": "養生會館", "original_row_id": 1389, "latitude": 23.16415088, "longitude": 120.1828437, "url": "https://www.google.com/maps/@?api=1&map_action=pano&viewpoint=23.164150879329,120.182843701999&heading=207&pitch=10&fov=62" }, "geometry": { "type": "Point", "coordinates": [ 120.1828437, 23.16415088 ] } },
{ "type": "Feature", "properties": { "名稱": "亞絲娜養生館(舊露比)", "地址": "807台灣高雄市三民區九如二路289號", "img_url": "https://x.com/iformosa_com/status/1941155838640660739", "img_url2": "https://x.com/iformosa_com/status/1941139799840371089", "img_url3": "https://x.com/iformosa_com/status/1941139868509450707", "img_url4": null, "img_url5": null, "服務": "養生會館", "original_row_id": 1395, "latitude": 22.640833, "longitude": 120.30564, "url": "https://www.google.com/maps/@?api=1&map_action=pano&viewpoint=22.640832999088,120.305640008443&heading=207&pitch=10&fov=62" }, "geometry": { "type": "Point", "coordinates": [ 120.30564, 22.640833 ] } },
{ "type": "Feature", "properties": { "名稱": "川島美容SPA會館", "地址": "807台灣高雄市三民區九如二路283號", "img_url": "https://twitter.com/iformosa_com/status/1718828408988447173", "img_url2": "https://twitter.com/iformosa_com/status/1718828475820454072", "img_url3": "https://twitter.com/iformosa_com/status/1718828475820454072", "img_url4": null, "img_url5": null, "服務": "養生會館", "original_row_id": 1397, "latitude": 22.64082298, "longitude": 120.305776, "url": "https://www.google.com/maps/@?api=1&map_action=pano&viewpoint=22.640822982714,120.305775962912&heading=207&pitch=10&fov=62" }, "geometry": { "type": "Point", "coordinates": [ 120.305776, 22.64082298 ] } },
{ "type": "Feature", "properties": { "名稱": "金蘋果養生會館", "地址": "248台灣新北市五股區四維路132號", "img_url": "https://twitter.com/iformosa_com/status/1735602554124521897", "img_url2": "https://twitter.com/iformosa_com/status/1735602673419014444", "img_url3": "https://twitter.com/iformosa_com/status/1735602730495103032", "img_url4": "https://twitter.com/iformosa_com/status/1735602947487302121", "img_url5": "https://twitter.com/iformosa_com/status/1648999653936078848", "服務": "養生會館", "original_row_id": 1403, "latitude": 25.07501978, "longitude": 121.4680353, "url": "https://www.google.com/maps/@?api=1&map_action=pano&viewpoint=25.075019781978,121.468035300015&heading=207&pitch=10&fov=62" }, "geometry": { "type": "Point", "coordinates": [ 121.4680353, 25.07501978 ] } },
{ "type": "Feature", "properties": { "名稱": "越彩鳳養生館", "地址": "702台灣台南市南區文南路288號", "img_url": "https://twitter.com/iformosa_com/status/1709851966967611829", "img_url2": "https://twitter.com/iformosa_com/status/1709852031127785568", "img_url3": "https://twitter.com/iformosa_com/status/1709852377074069619", "img_url4": "https://twitter.com/iformosa_com/status/1709852318852698166", "img_url5": null, "服務": "養生會館", "original_row_id": 1409, "latitude": 22.98657209, "longitude": 120.1901952, "url": "https://www.google.com/maps/@?api=1&map_action=pano&viewpoint=22.986572088202,120.190195217817&heading=207&pitch=10&fov=62" }, "geometry": { "type": "Point", "coordinates": [ 120.1901952, 22.98657209 ] } },
{ "type": "Feature", "properties": { "名稱": "潔凌養生館(舊欣怡)", "地址": "702台灣台南市南區夏林路54號", "img_url": "https://twitter.com/iformosa_com/status/1557286910074114048", "img_url2": "https://twitter.com/iformosa_com/status/1660919614682058752", "img_url3": "https://twitter.com/iformosa_com/status/1660919658202140672", "img_url4": null, "img_url5": null, "服務": "養生會館", "original_row_id": 1410, "latitude": 22.98353822, "longitude": 120.1947538, "url": "https://www.google.com/maps/@?api=1&map_action=pano&viewpoint=22.983538216438,120.194753799678&heading=207&pitch=10&fov=62" }, "geometry": { "type": "Point", "coordinates": [ 120.1947538, 22.98353822 ] } },
{ "type": "Feature", "properties": { "名稱": "夢時代養生會館", "地址": "710台灣台南市永康區永大路三段461號", "img_url": "https://twitter.com/iformosa_com/status/1601504765728665600", "img_url2": "https://twitter.com/iformosa_com/status/1601504830828466176", "img_url3": "https://twitter.com/iformosa_com/status/1525047281887588352", "img_url4": "https://twitter.com/iformosa_com/status/1554722846567346176", "img_url5": "https://twitter.com/iformosa_com/status/1554722913940451329", "服務": "養生會館", "original_row_id": 1412, "latitude": 23.03817201, "longitude": 120.258757, "url": "https://www.google.com/maps/@?api=1&map_action=pano&viewpoint=23.038172006159,120.258757006497&heading=207&pitch=10&fov=62" }, "geometry": { "type": "Point", "coordinates": [ 120.258757, 23.03817201 ] } },
{ "type": "Feature", "properties": { "名稱": "曉燕美容工作室", "地址": "241台灣新北市三重區長元西街5號", "img_url": "https://twitter.com/iformosa_com/status/1525013967705280514", "img_url2": "https://twitter.com/iformosa_com/status/1536274120287350785", "img_url3": null, "img_url4": null, "img_url5": null, "服務": "美容芳療 及 工作室", "original_row_id": 1413, "latitude": 25.06562602, "longitude": 121.498615, "url": "https://www.google.com/maps/@?api=1&map_action=pano&viewpoint=25.065626015452,121.49861499737&heading=207&pitch=10&fov=62" }, "geometry": { "type": "Point", "coordinates": [ 121.498615, 25.06562602 ] } },
{ "type": "Feature", "properties": { "名稱": "夜歡養生館", "地址": "701台灣台南市東區東門路三段226巷2號", "img_url": "https://twitter.com/iformosa_com/status/1755632049292186100", "img_url2": "https://twitter.com/iformosa_com/status/1755632110755606865", "img_url3": null, "img_url4": null, "img_url5": null, "服務": "養生會館", "original_row_id": 1428, "latitude": 22.97716001, "longitude": 120.234445, "url": "https://www.google.com/maps/@?api=1&map_action=pano&viewpoint=22.977160007217,120.234444961061&heading=207&pitch=10&fov=62" }, "geometry": { "type": "Point", "coordinates": [ 120.234445, 22.97716001 ] } },
{ "type": "Feature", "properties": { "名稱": "如意樓美容(舊花草巷)", "地址": "700台灣台南市中西區河中街12號", "img_url": "https://twitter.com/iformosa_com/status/1587816013323595781", "img_url2": "https://twitter.com/iformosa_com/status/1587816108681089025", "img_url3": "https://twitter.com/iformosa_com/status/1587816218219540481", "img_url4": "https://twitter.com/iformosa_com/status/1587816262695981056", "img_url5": "https://twitter.com/iformosa_com/status/1519598787748016128", "服務": "養生會館", "original_row_id": 1436, "latitude": 22.99471029, "longitude": 120.1931593, "url": "https://www.google.com/maps/@?api=1&map_action=pano&viewpoint=22.994710287542,120.193159310237&heading=207&pitch=10&fov=62" }, "geometry": { "type": "Point", "coordinates": [ 120.1931593, 22.99471029 ] } },
{ "type": "Feature", "properties": { "名稱": "水伊人會館", "地址": "802台灣高雄市苓雅區憲政路176號", "img_url": "https://twitter.com/iformosa_com/status/1719297746367099220", "img_url2": "https://twitter.com/iformosa_com/status/1719297807914570009", "img_url3": "https://twitter.com/iformosa_com/status/1719297865720459473", "img_url4": "https://twitter.com/iformosa_com/status/1719297903691444716", "img_url5": null, "服務": "美容芳療 及 養生會館", "original_row_id": 1437, "latitude": 22.63635962, "longitude": 120.3229118, "url": "https://www.google.com/maps/@?api=1&map_action=pano&viewpoint=22.636359619273,120.322911758126&heading=207&pitch=10&fov=62" }, "geometry": { "type": "Point", "coordinates": [ 120.3229118, 22.63635962 ] } },
{ "type": "Feature", "properties": { "名稱": "頂紅泰式養生館", "地址": "807台灣高雄市三民區博愛一路75號", "img_url": null, "img_url2": "https://x.com/iformosa_com/status/1960364928700649942", "img_url3": "https://x.com/iformosa_com/status/1960365087459344644", "img_url4": "https://x.com/iformosa_com/status/1960365233605628192", "img_url5": null, "服務": "養生會館", "original_row_id": 1441, "latitude": 22.64329401, "longitude": 120.302657, "url": "https://www.google.com/maps/@?api=1&map_action=pano&viewpoint=22.64329400968,120.302656972922&heading=207&pitch=10&fov=62" }, "geometry": { "type": "Point", "coordinates": [ 120.302657, 22.64329401 ] } },
{ "type": "Feature", "properties": { "名稱": "大唐足體養生會館", "地址": "701台灣台南市東區大同路二段137號", "img_url": "https://twitter.com/iformosa_com/status/1515969684168122368", "img_url2": null, "img_url3": null, "img_url4": null, "img_url5": null, "服務": "養生會館", "original_row_id": 1455, "latitude": 22.97756029, "longitude": 120.2138478, "url": "https://www.google.com/maps/@?api=1&map_action=pano&viewpoint=22.977560285003,120.213847775112&heading=207&pitch=10&fov=62" }, "geometry": { "type": "Point", "coordinates": [ 120.2138478, 22.97756029 ] } },
{ "type": "Feature", "properties": { "名稱": "山林美容養生館", "地址": "807台灣高雄市三民區建工路713號", "img_url": "https://twitter.com/iformosa_com/status/1694298470465827251", "img_url2": "https://twitter.com/iformosa_com/status/1694298527156035735", "img_url3": "https://twitter.com/iformosa_com/status/1694298596806639667", "img_url4": "https://twitter.com/iformosa_com/status/1512351776602615808", "img_url5": null, "服務": "養生會館", "original_row_id": 1464, "latitude": 22.64765, "longitude": 120.316666, "url": "https://www.google.com/maps/@?api=1&map_action=pano&viewpoint=22.647650000941,120.316665982975&heading=207&pitch=10&fov=62" }, "geometry": { "type": "Point", "coordinates": [ 120.316666, 22.64765 ] } },
{ "type": "Feature", "properties": { "名稱": "皇室泰式養生館", "地址": "500台灣彰化縣彰化市辭修路193-2號", "img_url": "https://twitter.com/iformosa_com/status/1512288741779410949", "img_url2": null, "img_url3": null, "img_url4": null, "img_url5": null, "服務": "養生會館", "original_row_id": 1465, "latitude": 24.08395499, "longitude": 120.537499, "url": "https://www.google.com/maps/@?api=1&map_action=pano&viewpoint=24.083954991812,120.537499040616&heading=207&pitch=10&fov=62" }, "geometry": { "type": "Point", "coordinates": [ 120.537499, 24.08395499 ] } },
{ "type": "Feature", "properties": { "名稱": "水戀越式養生館", "地址": "700台灣台南市中西區西和路116號", "img_url": "https://twitter.com/iformosa_com/status/1575066820138373121", "img_url2": null, "img_url3": null, "img_url4": null, "img_url5": null, "服務": "養生會館", "original_row_id": 1468, "latitude": 23.00076399, "longitude": 120.189575, "url": "https://www.google.com/maps/@?api=1&map_action=pano&viewpoint=23.000763991382,120.189575040801&heading=207&pitch=10&fov=62" }, "geometry": { "type": "Point", "coordinates": [ 120.189575, 23.00076399 ] } },
{ "type": "Feature", "properties": { "名稱": "521男女舒壓時尚會館", "地址": "220台灣新北市板橋區板新路94號", "img_url": "https://twitter.com/iformosa_com/status/1511196494375710723", "img_url2": "https://twitter.com/iformosa_com/status/1511196543755251716", "img_url3": null, "img_url4": null, "img_url5": null, "服務": "養生會館", "original_row_id": 1469, "latitude": 25.014757, "longitude": 121.472551, "url": "https://www.google.com/maps/@?api=1&map_action=pano&viewpoint=25.014756999451,121.472550966531&heading=207&pitch=10&fov=62" }, "geometry": { "type": "Point", "coordinates": [ 121.472551, 25.014757 ] } },
{ "type": "Feature", "properties": { "名稱": "玉文養生館", "地址": "700台灣台南市中西區成功路301-1號", "img_url": "https://twitter.com/iformosa_com/status/1574051546010386432", "img_url2": "https://twitter.com/iformosa_com/status/1690745942339960832", "img_url3": null, "img_url4": null, "img_url5": null, "服務": "養生會館", "original_row_id": 1475, "latitude": 22.99974601, "longitude": 120.200739, "url": "https://www.google.com/maps/@?api=1&map_action=pano&viewpoint=22.999746009242,120.20073898146&heading=207&pitch=10&fov=62" }, "geometry": { "type": "Point", "coordinates": [ 120.200739, 22.99974601 ] } },
{ "type": "Feature", "properties": { "名稱": "仙竹SPA美容工作室", "地址": "701台灣台南市東區裕豐街37號", "img_url": "https://twitter.com/iformosa_com/status/1573963298701475840", "img_url2": "https://twitter.com/iformosa_com/status/1573963363239202816", "img_url3": null, "img_url4": null, "img_url5": null, "服務": "美容芳療 及 工作室", "original_row_id": 1476, "latitude": 22.98456601, "longitude": 120.226533, "url": "https://www.google.com/maps/@?api=1&map_action=pano&viewpoint=22.984566005405,120.226533031197&heading=207&pitch=10&fov=62" }, "geometry": { "type": "Point", "coordinates": [ 120.226533, 22.98456601 ] } },
{ "type": "Feature", "properties": { "名稱": "新幹線養生館", "地址": "116台灣台北市文山區景後街162號", "img_url": "https://twitter.com/iformosa_com/status/1509129800329621511", "img_url2": "https://twitter.com/iformosa_com/status/1509129861667110912", "img_url3": null, "img_url4": null, "img_url5": null, "服務": "養生會館", "original_row_id": 1481, "latitude": 24.990949, "longitude": 121.542247, "url": "https://www.google.com/maps/@?api=1&map_action=pano&viewpoint=24.990948999762,121.542246994349&heading=207&pitch=10&fov=62" }, "geometry": { "type": "Point", "coordinates": [ 121.542247, 24.990949 ] } },
{ "type": "Feature", "properties": { "名稱": "庭軒泰式推拿", "地址": "900台灣屏東縣屏東市信義路120號", "img_url": "https://twitter.com/iformosa_com/status/1508649827818946562", "img_url2": "https://twitter.com/iformosa_com/status/1689201100879228928", "img_url3": null, "img_url4": null, "img_url5": null, "服務": "養生會館", "original_row_id": 1487, "latitude": 22.67652302, "longitude": 120.488568, "url": "https://www.google.com/maps/@?api=1&map_action=pano&viewpoint=22.676523017081,120.488568004448&heading=207&pitch=10&fov=62" }, "geometry": { "type": "Point", "coordinates": [ 120.488568, 22.67652302 ] } },
{ "type": "Feature", "properties": { "名稱": "怡香SPA時尚會館", "地址": "108台灣台北市萬華區西園路一段137 號", "img_url": "https://twitter.com/iformosa_com/status/1508453018790141953", "img_url2": "https://twitter.com/iformosa_com/status/1508453101711532033", "img_url3": "https://twitter.com/iformosa_com/status/1508453152189992969", "img_url4": null, "img_url5": null, "服務": "養生會館", "original_row_id": 1488, "latitude": 25.03763613, "longitude": 121.4996646, "url": "https://www.google.com/maps/@?api=1&map_action=pano&viewpoint=25.037636125092,121.499664572138&heading=207&pitch=10&fov=62" }, "geometry": { "type": "Point", "coordinates": [ 121.4996646, 25.03763613 ] } },
{ "type": "Feature", "properties": { "名稱": "沐風足體養生會館", "地址": "700台灣台南市中西區臨安路一段215號", "img_url": "https://twitter.com/iformosa_com/status/1506578047356465152", "img_url2": "https://twitter.com/iformosa_com/status/1506578182379487232", "img_url3": null, "img_url4": null, "img_url5": null, "服務": "養生會館", "original_row_id": 1500, "latitude": 23.00129482, "longitude": 120.192998, "url": "https://www.google.com/maps/@?api=1&map_action=pano&viewpoint=23.00129481731,120.192997958601&heading=207&pitch=10&fov=62" }, "geometry": { "type": "Point", "coordinates": [ 120.192998, 23.00129482 ] } },
{ "type": "Feature", "properties": { "名稱": "秋櫻美容舒活館", "地址": "900台灣屏東縣屏東市自由路753號", "img_url": "https://twitter.com/iformosa_com/status/1773640025210507665", "img_url2": "https://twitter.com/iformosa_com/status/1773640068038602992", "img_url3": null, "img_url4": null, "img_url5": null, "服務": "養生會館", "original_row_id": 1505, "latitude": 22.68213701, "longitude": 120.479093, "url": "https://www.google.com/maps/@?api=1&map_action=pano&viewpoint=22.68213700628,120.47909301728&heading=207&pitch=10&fov=62" }, "geometry": { "type": "Point", "coordinates": [ 120.479093, 22.68213701 ] } },
{ "type": "Feature", "properties": { "名稱": "水鑽泰式養生會館(舊金鑽)", "地址": "806台灣高雄市前鎮區二聖路216號", "img_url": "https://x.com/iformosa_com/status/1848962453184627103", "img_url2": "https://x.com/iformosa_com/status/1848962516690604220", "img_url3": "https://x.com/iformosa_com/status/1848962566640513184", "img_url4": "https://x.com/iformosa_com/status/1848962607203684466", "img_url5": null, "服務": "養生會館", "original_row_id": 1507, "latitude": 22.61219501, "longitude": 120.329408, "url": "https://www.google.com/maps/@?api=1&map_action=pano&viewpoint=22.612195011513,120.329407984544&heading=207&pitch=10&fov=62" }, "geometry": { "type": "Point", "coordinates": [ 120.329408, 22.61219501 ] } },
{ "type": "Feature", "properties": { "名稱": "泰金讚泰式按摩", "地址": "401台灣台中市東區旱溪東路一段317號", "img_url": "https://twitter.com/iformosa_com/status/1673695953528954881", "img_url2": null, "img_url3": null, "img_url4": null, "img_url5": null, "服務": "養生會館", "original_row_id": 1516, "latitude": 24.136289, "longitude": 120.701261, "url": "https://www.google.com/maps/@?api=1&map_action=pano&viewpoint=24.136288996849,120.70126097682&heading=207&pitch=10&fov=62" }, "geometry": { "type": "Point", "coordinates": [ 120.701261, 24.136289 ] } },
{ "type": "Feature", "properties": { "名稱": "新晴男女養身館", "地址": "200台灣基隆市仁愛區仁一路147號", "img_url": "https://twitter.com/iformosa_com/status/1666722768833118208", "img_url2": "https://twitter.com/iformosa_com/status/1666722852186492928", "img_url3": "https://twitter.com/iformosa_com/status/1666722811044560897", "img_url4": "https://twitter.com/iformosa_com/status/1603694196350935040", "img_url5": "https://twitter.com/iformosa_com/status/1603694279112605697", "服務": "養生會館", "original_row_id": 1529, "latitude": 25.12778701, "longitude": 121.752185, "url": "https://www.google.com/maps/@?api=1&map_action=pano&viewpoint=25.127787005681,121.752185002785&heading=207&pitch=10&fov=62" }, "geometry": { "type": "Point", "coordinates": [ 121.752185, 25.12778701 ] } },
{ "type": "Feature", "properties": { "名稱": "寶貝SPA養生館(舊越好美)", "地址": "710台灣台南市永康區永大路二段285號", "img_url": "https://x.com/iformosa_com/status/1681243297547972608", "img_url2": null, "img_url3": null, "img_url4": null, "img_url5": null, "服務": "養生會館", "original_row_id": 1535, "latitude": 23.00964889, "longitude": 120.2624979, "url": "https://www.google.com/maps/@?api=1&map_action=pano&viewpoint=23.009648892567,120.262497933704&heading=207&pitch=10&fov=62" }, "geometry": { "type": "Point", "coordinates": [ 120.2624979, 23.00964889 ] } },
{ "type": "Feature", "properties": { "名稱": "909養生館", "地址": "710台灣台南市永康區中華路909號", "img_url": "https://twitter.com/iformosa_com/status/1497861026859028480", "img_url2": "https://twitter.com/iformosa_com/status/1497861085986443266", "img_url3": null, "img_url4": null, "img_url5": null, "服務": "養生會館", "original_row_id": 1536, "latitude": 23.02144801, "longitude": 120.221259, "url": "https://www.google.com/maps/@?api=1&map_action=pano&viewpoint=23.021448013848,120.221258970081&heading=207&pitch=10&fov=62" }, "geometry": { "type": "Point", "coordinates": [ 120.221259, 23.02144801 ] } },
{ "type": "Feature", "properties": { "名稱": "藍月養生會館(舊紫水滴)", "地址": "710台灣台南市永康區永大路三段399號", "img_url": "https://x.com/iformosa_com/status/1814249944431419629", "img_url2": "https://x.com/iformosa_com/status/1814250286158061979", "img_url3": "https://x.com/iformosa_com/status/1814250368735535457", "img_url4": "https://x.com/iformosa_com/status/1655474799630753792", "img_url5": "https://twitter.com/iformosa_com/status/1575443448886226950", "服務": "養生會館", "original_row_id": 1541, "latitude": 23.03629098, "longitude": 120.2590322, "url": "https://www.google.com/maps/@?api=1&map_action=pano&viewpoint=23.036290981358,120.259032184379&heading=207&pitch=10&fov=62" }, "geometry": { "type": "Point", "coordinates": [ 120.2590322, 23.03629098 ] } },
{ "type": "Feature", "properties": { "名稱": "東方美美容SPA會館", "地址": "600台灣嘉義市西區世賢路一段610號", "img_url": "https://twitter.com/iformosa_com/status/1494605208865087489", "img_url2": null, "img_url3": null, "img_url4": null, "img_url5": null, "服務": "美容芳療", "original_row_id": 1549, "latitude": 23.49359378, "longitude": 120.4305804, "url": "https://www.google.com/maps/@?api=1&map_action=pano&viewpoint=23.493593778191,120.430580436438&heading=207&pitch=10&fov=62" }, "geometry": { "type": "Point", "coordinates": [ 120.4305804, 23.49359378 ] } },
{ "type": "Feature", "properties": { "名稱": "悅都泰式SPA養生館", "地址": "807台灣高雄市三民區九如一路92號", "img_url": "https://twitter.com/iformosa_com/status/1494218813445132290", "img_url2": "https://twitter.com/iformosa_com/status/1494218889190084610", "img_url3": null, "img_url4": null, "img_url5": null, "服務": "養生會館", "original_row_id": 1554, "latitude": 22.63698399, "longitude": 120.341688, "url": "https://www.google.com/maps/@?api=1&map_action=pano&viewpoint=22.636983987241,120.34168797561&heading=207&pitch=10&fov=62" }, "geometry": { "type": "Point", "coordinates": [ 120.341688, 22.63698399 ] } },
{ "type": "Feature", "properties": { "名稱": "真情SPA美容會館", "地址": "404台灣台中市北區五權路227號", "img_url": "https://twitter.com/iformosa_com/status/1493840651771088898", "img_url2": "https://twitter.com/iformosa_com/status/1493840757920497664", "img_url3": null, "img_url4": null, "img_url5": null, "服務": "養生會館", "original_row_id": 1556, "latitude": 24.15000502, "longitude": 120.67564, "url": "https://www.google.com/maps/@?api=1&map_action=pano&viewpoint=24.150005017477,120.675640013384&heading=207&pitch=10&fov=62" }, "geometry": { "type": "Point", "coordinates": [ 120.67564, 24.15000502 ] } },
{ "type": "Feature", "properties": { "名稱": "清萊泰式養生會館 Ching Rai Thai SPA", "地址": "510台灣彰化縣員林市雙平路133號", "img_url": "https://twitter.com/iformosa_com/status/1621350223854583808", "img_url2": "https://twitter.com/iformosa_com/status/1621350281509490689", "img_url3": "https://twitter.com/iformosa_com/status/1621350342263967744", "img_url4": null, "img_url5": null, "服務": "養生會館", "original_row_id": 1557, "latitude": 23.964391, "longitude": 120.567941, "url": "https://www.google.com/maps/@?api=1&map_action=pano&viewpoint=23.96439099869,120.567941023301&heading=207&pitch=10&fov=62" }, "geometry": { "type": "Point", "coordinates": [ 120.567941, 23.964391 ] } },
{ "type": "Feature", "properties": { "名稱": "馨嬅SPA館", "地址": "807台灣高雄市三民區九如二路451號", "img_url": "https://twitter.com/iformosa_com/status/1505045459978842112", "img_url2": "https://twitter.com/iformosa_com/status/1505045517004578821", "img_url3": null, "img_url4": null, "img_url5": null, "服務": "養生會館", "original_row_id": 1579, "latitude": 22.64115901, "longitude": 120.299952, "url": "https://www.google.com/maps/@?api=1&map_action=pano&viewpoint=22.641159013212,120.299951965129&heading=207&pitch=10&fov=62" }, "geometry": { "type": "Point", "coordinates": [ 120.299952, 22.64115901 ] } },
{ "type": "Feature", "properties": { "名稱": "白宮休閒會館", "地址": "807台灣高雄市三民區九如二路446號", "img_url": "https://twitter.com/iformosa_com/status/1778759304503517584", "img_url2": null, "img_url3": null, "img_url4": null, "img_url5": null, "服務": "養生會館", "original_row_id": 1584, "latitude": 22.64172601, "longitude": 120.29964, "url": "https://www.google.com/maps/@?api=1&map_action=pano&viewpoint=22.641726007053,120.299639990693&heading=207&pitch=10&fov=62" }, "geometry": { "type": "Point", "coordinates": [ 120.29964, 22.64172601 ] } },
{ "type": "Feature", "properties": { "名稱": "伊緹SPA美學館(舊桃花)", "地址": "802台灣高雄市苓雅區建國一路110號", "img_url": "https://x.com/iformosa_com/status/1839172865951936737", "img_url2": "https://x.com/iformosa_com/status/1833066363642134690", "img_url3": "https://x.com/iformosa_com/status/1833066461453300145", "img_url4": "https://x.com/iformosa_com/status/1833066531464650963", "img_url5": null, "服務": "養生會館", "original_row_id": 1585, "latitude": 22.63209499, "longitude": 120.331825, "url": "https://www.google.com/maps/@?api=1&map_action=pano&viewpoint=22.632094990756,120.331824990144&heading=207&pitch=10&fov=62" }, "geometry": { "type": "Point", "coordinates": [ 120.331825, 22.63209499 ] } },
{ "type": "Feature", "properties": { "名稱": "美麗吳哥窟泰式養生館", "地址": "807台灣高雄市三民區建國一路502號", "img_url": "https://twitter.com/iformosa_com/status/1620707623220969472", "img_url2": "https://twitter.com/iformosa_com/status/1483351931536158722", "img_url3": "https://twitter.com/iformosa_com/status/1483351999689400323", "img_url4": null, "img_url5": null, "服務": "養生會館", "original_row_id": 1597, "latitude": 22.63686601, "longitude": 120.314688, "url": "https://www.google.com/maps/@?api=1&map_action=pano&viewpoint=22.636866011953,120.314688021464&heading=207&pitch=10&fov=62" }, "geometry": { "type": "Point", "coordinates": [ 120.314688, 22.63686601 ] } },
{ "type": "Feature", "properties": { "名稱": "鐿莉養生會館(舊渝琳)", "地址": "813台灣高雄市左營區文川路47號", "img_url": "https://x.com/iformosa_com/status/1888167432583618958", "img_url2": null, "img_url3": null, "img_url4": null, "img_url5": null, "服務": "養生會館", "original_row_id": 1618, "latitude": 22.68047999, "longitude": 120.30762, "url": "https://www.google.com/maps/@?api=1&map_action=pano&viewpoint=22.680479987841,120.307619981611&heading=207&pitch=10&fov=62" }, "geometry": { "type": "Point", "coordinates": [ 120.30762, 22.68047999 ] } },
{ "type": "Feature", "properties": { "名稱": "越媚養生館", "地址": "830台灣高雄市鳳山區南華路9號", "img_url": "https://twitter.com/iformosa_com/status/1606914153943568385", "img_url2": "https://twitter.com/iformosa_com/status/1606914213951451139", "img_url3": "https://twitter.com/iformosa_com/status/1606914262307598337", "img_url4": "https://twitter.com/iformosa_com/status/1606914305831874563", "img_url5": null, "服務": "養生會館", "original_row_id": 1633, "latitude": 22.59934899, "longitude": 120.340456, "url": "https://www.google.com/maps/@?api=1&map_action=pano&viewpoint=22.599348990526,120.340456003482&heading=207&pitch=10&fov=62" }, "geometry": { "type": "Point", "coordinates": [ 120.340456, 22.59934899 ] } },
{ "type": "Feature", "properties": { "名稱": "愛妃男女養生館(舊春風養生館)", "地址": "830台灣高雄市鳳山區建國路三段132號", "img_url": "https://x.com/iformosa_com/status/1909187166925914356", "img_url2": null, "img_url3": null, "img_url4": null, "img_url5": null, "服務": "養生會館", "original_row_id": 1638, "latitude": 22.63713201, "longitude": 120.353906, "url": "https://www.google.com/maps/@?api=1&map_action=pano&viewpoint=22.637132011651,120.353906024412&heading=207&pitch=10&fov=62" }, "geometry": { "type": "Point", "coordinates": [ 120.353906, 22.63713201 ] } },
{ "type": "Feature", "properties": { "名稱": "泰極殿泰式養身會館", "地址": "708台灣台南市安平區建平十四街68號", "img_url": "https://twitter.com/iformosa_com/status/1720377351001997353", "img_url2": "https://twitter.com/iformosa_com/status/1720377420128338287", "img_url3": null, "img_url4": null, "img_url5": null, "服務": "養生會館", "original_row_id": 1642, "latitude": 22.99597202, "longitude": 120.182923, "url": "https://www.google.com/maps/@?api=1&map_action=pano&viewpoint=22.995972015427,120.182922994803&heading=207&pitch=10&fov=62" }, "geometry": { "type": "Point", "coordinates": [ 120.182923, 22.99597202 ] } },
{ "type": "Feature", "properties": { "名稱": "香水泰式養生館", "地址": "830台灣高雄市鳳山區保泰路130號", "img_url": "https://x.com/iformosa_com/status/1849462283694657910", "img_url2": "https://x.com/iformosa_com/status/1849077372387201164", "img_url3": "https://x.com/iformosa_com/status/1849077442054672859", "img_url4": "https://x.com/iformosa_com/status/1849077497205571959", "img_url5": null, "服務": "養生會館", "original_row_id": 1652, "latitude": 22.60000299, "longitude": 120.329576, "url": "https://www.google.com/maps/@?api=1&map_action=pano&viewpoint=22.600002988521,120.329576041703&heading=207&pitch=10&fov=62" }, "geometry": { "type": "Point", "coordinates": [ 120.329576, 22.60000299 ] } },
{ "type": "Feature", "properties": { "名稱": "鼎昇養生館(舊莉沐)", "地址": "830台灣高雄市鳳山區鳳頂路510號", "img_url": "https://twitter.com/iformosa_com/status/1747939877508038801", "img_url2": "https://twitter.com/iformosa_com/status/1747939954372792641", "img_url3": "https://twitter.com/iformosa_com/status/1747940010022887747", "img_url4": "https://twitter.com/iformosa_com/status/1747940078125789569", "img_url5": null, "服務": "養生會館", "original_row_id": 1658, "latitude": 22.59543502, "longitude": 120.359618, "url": "https://www.google.com/maps/@?api=1&map_action=pano&viewpoint=22.595435018928,120.359618039969&heading=207&pitch=10&fov=62" }, "geometry": { "type": "Point", "coordinates": [ 120.359618, 22.59543502 ] } },
{ "type": "Feature", "properties": { "名稱": "大玉兒養生館", "地址": "830台灣高雄市鳳山區瑞隆東路201號", "img_url": "https://x.com/iformosa_com/status/1797886306514837704", "img_url2": null, "img_url3": null, "img_url4": null, "img_url5": null, "服務": "養生會館", "original_row_id": 1664, "latitude": 22.60590498, "longitude": 120.339352, "url": "https://www.google.com/maps/@?api=1&map_action=pano&viewpoint=22.605904979913,120.339352023014&heading=207&pitch=10&fov=62" }, "geometry": { "type": "Point", "coordinates": [ 120.339352, 22.60590498 ] } },
{ "type": "Feature", "properties": { "名稱": "果然美容瘦身養生館", "地址": "830台灣高雄市鳳山區?南路199號", "img_url": "https://x.com/iformosa_com/status/1938083169452065208", "img_url2": "https://x.com/iformosa_com/status/1936737686888579319", "img_url3": "https://x.com/iformosa_com/status/1936738669051944973", "img_url4": null, "img_url5": null, "服務": "養生會館", "original_row_id": 1666, "latitude": 22.616135, "longitude": 120.3571513, "url": "https://www.google.com/maps/@?api=1&map_action=pano&viewpoint=22.616135,120.3571513&heading=207&pitch=10&fov=62" }, "geometry": { "type": "Point", "coordinates": [ 120.3571513, 22.616135 ] } },
{ "type": "Feature", "properties": { "名稱": "蓁美能量精油按摩", "地址": "830台灣高雄市鳳山區鳳南路209號", "img_url": "https://x.com/iformosa_com/status/1936713675425092069", "img_url2": null, "img_url3": null, "img_url4": null, "img_url5": null, "服務": "養生會館", "original_row_id": 1671, "latitude": 22.60056998, "longitude": 120.335843, "url": "https://www.google.com/maps/@?api=1&map_action=pano&viewpoint=22.600569982361,120.335843023069&heading=207&pitch=10&fov=62" }, "geometry": { "type": "Point", "coordinates": [ 120.335843, 22.60056998 ] } },
{ "type": "Feature", "properties": { "名稱": "時尚養生館", "地址": "830台灣高雄市鳳山區瑞隆東路242號", "img_url": "https://twitter.com/iformosa_com/status/1579913381552697344", "img_url2": null, "img_url3": null, "img_url4": null, "img_url5": null, "服務": "養生會館", "original_row_id": 1674, "latitude": 22.606261, "longitude": 120.339552, "url": "https://www.google.com/maps/@?api=1&map_action=pano&viewpoint=22.606261001251,120.339552015224&heading=207&pitch=10&fov=62" }, "geometry": { "type": "Point", "coordinates": [ 120.339552, 22.606261 ] } },
{ "type": "Feature", "properties": { "名稱": "糖果SPA會館(舊藏樸)", "地址": "830台灣高雄市鳳山區建國路二段185號", "img_url": "https://twitter.com/iformosa_com/status/1544520616614989824", "img_url2": null, "img_url3": null, "img_url4": null, "img_url5": null, "服務": "養生會館", "original_row_id": 1676, "latitude": 22.63597401, "longitude": 120.358272, "url": "https://www.google.com/maps/@?api=1&map_action=pano&viewpoint=22.635974009817,120.358271990138&heading=207&pitch=10&fov=62" }, "geometry": { "type": "Point", "coordinates": [ 120.358272, 22.63597401 ] } },
{ "type": "Feature", "properties": { "名稱": "美麗按摩工作室", "地址": "600台灣嘉義市西區新民路864號附2", "img_url": "https://twitter.com/iformosa_com/status/1585581426929414150", "img_url2": null, "img_url3": null, "img_url4": null, "img_url5": null, "服務": "養生會館 及 工作室", "original_row_id": 1681, "latitude": 23.47209978, "longitude": 120.4397787, "url": "https://www.google.com/maps/@?api=1&map_action=pano&viewpoint=23.472099780791,120.439778706264&heading=207&pitch=10&fov=62" }, "geometry": { "type": "Point", "coordinates": [ 120.4397787, 23.47209978 ] } },
{ "type": "Feature", "properties": { "名稱": "凱琳泰式SPA養生館", "地址": "802台灣高雄市苓雅區三多三路106號", "img_url": "https://twitter.com/iformosa_com/status/1585210297648058368", "img_url2": null, "img_url3": null, "img_url4": null, "img_url5": null, "服務": "養生會館", "original_row_id": 1682, "latitude": 22.61635202, "longitude": 120.311065, "url": "https://www.google.com/maps/@?api=1&map_action=pano&viewpoint=22.616352016393,120.311065027635&heading=207&pitch=10&fov=62" }, "geometry": { "type": "Point", "coordinates": [ 120.311065, 22.61635202 ] } },
{ "type": "Feature", "properties": { "名稱": "如意泰式養生館", "地址": "802台灣高雄市苓雅區三多二路192號", "img_url": "https://twitter.com/iformosa_com/status/1584463245728837632", "img_url2": "https://twitter.com/iformosa_com/status/1584463327974940672", "img_url3": "https://twitter.com/iformosa_com/status/1529744104292519936", "img_url4": "https://twitter.com/iformosa_com/status/1553669884986683392", "img_url5": null, "服務": "養生會館", "original_row_id": 1685, "latitude": 22.619182, "longitude": 120.320042, "url": "https://www.google.com/maps/@?api=1&map_action=pano&viewpoint=22.619181998362,120.320041962117&heading=207&pitch=10&fov=62" }, "geometry": { "type": "Point", "coordinates": [ 120.320042, 22.619182 ] } },
{ "type": "Feature", "properties": { "名稱": "紫妍養生會館", "地址": "600台灣嘉義市西區上海路216號", "img_url": "https://twitter.com/iformosa_com/status/1580786999145160705", "img_url2": null, "img_url3": null, "img_url4": null, "img_url5": null, "服務": "養生會館", "original_row_id": 1697, "latitude": 23.46697999, "longitude": 120.43332, "url": "https://www.google.com/maps/@?api=1&map_action=pano&viewpoint=23.466979988602,120.433320030772&heading=207&pitch=10&fov=62" }, "geometry": { "type": "Point", "coordinates": [ 120.43332, 23.46697999 ] } },
{ "type": "Feature", "properties": { "名稱": "泰越推拿", "地址": "900台灣屏東縣屏東市復興路241-1號", "img_url": "https://twitter.com/iformosa_com/status/1579704748760272896", "img_url2": null, "img_url3": null, "img_url4": null, "img_url5": null, "服務": "養生會館", "original_row_id": 1704, "latitude": 22.66378801, "longitude": 120.48827, "url": "https://www.google.com/maps/@?api=1&map_action=pano&viewpoint=22.663788014401,120.48827002779&heading=207&pitch=10&fov=62" }, "geometry": { "type": "Point", "coordinates": [ 120.48827, 22.66378801 ] } },
{ "type": "Feature", "properties": { "名稱": "凱悅健康養生會館(舊大總領)", "地址": "404台灣台中市北區中清路一段91號", "img_url": "https://x.com/iformosa_com/status/1942894326285222090", "img_url2": "https://x.com/iformosa_com/status/1942894396464390220", "img_url3": "https://x.com/iformosa_com/status/1942894460221989049", "img_url4": "https://x.com/iformosa_com/status/1942894526793986473", "img_url5": null, "服務": "養生會館", "original_row_id": 1709, "latitude": 24.15521399, "longitude": 120.676777, "url": "https://www.google.com/maps/@?api=1&map_action=pano&viewpoint=24.155213993115,120.676777018549&heading=207&pitch=10&fov=62" }, "geometry": { "type": "Point", "coordinates": [ 120.676777, 24.15521399 ] } },
{ "type": "Feature", "properties": { "名稱": "明幸舒壓美容", "地址": "236台灣新北市土城區中央路二段372號", "img_url": "https://twitter.com/iformosa_com/status/1602648288708075520", "img_url2": "https://twitter.com/iformosa_com/status/1602648359424196609", "img_url3": null, "img_url4": null, "img_url5": null, "服務": "養生會館", "original_row_id": 1716, "latitude": 24.97146401, "longitude": 121.439788, "url": "https://www.google.com/maps/@?api=1&map_action=pano&viewpoint=24.971464008545,121.439788034856&heading=207&pitch=10&fov=62" }, "geometry": { "type": "Point", "coordinates": [ 121.439788, 24.97146401 ] } },
{ "type": "Feature", "properties": { "名稱": "小美美容舒壓會館(舊玉玲)", "地址": "241台灣新北市三重區三和路四段167巷10號", "img_url": "https://twitter.com/iformosa_com/status/1721755733803589713", "img_url2": null, "img_url3": null, "img_url4": null, "img_url5": null, "服務": "美容芳療 及 工作室", "original_row_id": 1718, "latitude": 25.078991, "longitude": 121.483254, "url": "https://www.google.com/maps/@?api=1&map_action=pano&viewpoint=25.078991001974,121.483253986334&heading=207&pitch=10&fov=62" }, "geometry": { "type": "Point", "coordinates": [ 121.483254, 25.078991 ] } },
{ "type": "Feature", "properties": { "名稱": "星聚堡美容館(舊金巴黎)", "地址": "108台灣台北市萬華區西園路一段41號", "img_url": "https://twitter.com/iformosa_com/status/1481623511223648260", "img_url2": "https://twitter.com/iformosa_com/status/1575764274886025216", "img_url3": "https://twitter.com/iformosa_com/status/1575764388559998978", "img_url4": "https://twitter.com/iformosa_com/status/1575764338169679873", "img_url5": "https://twitter.com/iformosa_com/status/1481623511223648260", "服務": "養生會館", "original_row_id": 1719, "latitude": 25.04061898, "longitude": 121.499999, "url": "https://www.google.com/maps/@?api=1&map_action=pano&viewpoint=25.040618984513,121.499999017222&heading=207&pitch=10&fov=62" }, "geometry": { "type": "Point", "coordinates": [ 121.499999, 25.04061898 ] } },
{ "type": "Feature", "properties": { "名稱": "七龍精典泰式按摩", "地址": "802台灣高雄市苓雅區216 三多三路", "img_url": "https://twitter.com/iformosa_com/status/1536208913900929024", "img_url2": null, "img_url3": null, "img_url4": null, "img_url5": null, "服務": "養生會館", "original_row_id": 1721, "latitude": 22.61516501, "longitude": 120.307499, "url": "https://www.google.com/maps/@?api=1&map_action=pano&viewpoint=22.615165013175,120.307499030748&heading=207&pitch=10&fov=62" }, "geometry": { "type": "Point", "coordinates": [ 120.307499, 22.61516501 ] } },
{ "type": "Feature", "properties": { "名稱": "鉑倫SPA養生會館", "地址": "302台灣新竹縣竹北市科大二街28號", "img_url": "https://twitter.com/iformosa_com/status/1572074963846467584", "img_url2": "https://twitter.com/iformosa_com/status/1572075029470523395", "img_url3": "https://twitter.com/iformosa_com/status/1572075087159005185", "img_url4": null, "img_url5": null, "服務": "養生會館", "original_row_id": 1722, "latitude": 24.82146499, "longitude": 121.007312, "url": "https://www.google.com/maps/@?api=1&map_action=pano&viewpoint=24.821464989717,121.007312005855&heading=207&pitch=10&fov=62" }, "geometry": { "type": "Point", "coordinates": [ 121.007312, 24.82146499 ] } },
{ "type": "Feature", "properties": { "名稱": "雅舍SPA養生館", "地址": "262台灣宜蘭縣礁溪鄉德陽路159號", "img_url": "https://twitter.com/iformosa_com/status/1575036332313026560", "img_url2": "https://twitter.com/iformosa_com/status/1575049658787037184", "img_url3": "https://twitter.com/iformosa_com/status/1575049715766677505", "img_url4": null, "img_url5": null, "服務": "養生會館", "original_row_id": 1724, "latitude": 24.82856899, "longitude": 121.767252, "url": "https://www.google.com/maps/@?api=1&map_action=pano&viewpoint=24.828568987934,121.767251976657&heading=207&pitch=10&fov=62" }, "geometry": { "type": "Point", "coordinates": [ 121.767252, 24.82856899 ] } },
{ "type": "Feature", "properties": { "名稱": "月央雪SPA養生館(舊大鈺兒)", "地址": "802台灣高雄市苓雅區建國一路74-13號", "img_url": "https://twitter.com/iformosa_com/status/1718843593702744108", "img_url2": null, "img_url3": null, "img_url4": null, "img_url5": null, "服務": "養生會館", "original_row_id": 1727, "latitude": 22.63119301, "longitude": 120.334836, "url": "https://www.google.com/maps/@?api=1&map_action=pano&viewpoint=22.631193014156,120.334836021222&heading=207&pitch=10&fov=62" }, "geometry": { "type": "Point", "coordinates": [ 120.334836, 22.63119301 ] } },
{ "type": "Feature", "properties": { "名稱": "櫻花養生館", "地址": "802台灣高雄市苓雅區建國一路74-20號", "img_url": "https://twitter.com/iformosa_com/status/1622549598685503491", "img_url2": "https://twitter.com/iformosa_com/status/1622549701236252672", "img_url3": "https://twitter.com/iformosa_com/status/1476590278597550084", "img_url4": null, "img_url5": null, "服務": "養生會館", "original_row_id": 1728, "latitude": 22.63128798, "longitude": 120.33454, "url": "https://www.google.com/maps/@?api=1&map_action=pano&viewpoint=22.631287981119,120.334539972402&heading=207&pitch=10&fov=62" }, "geometry": { "type": "Point", "coordinates": [ 120.33454, 22.63128798 ] } },
{ "type": "Feature", "properties": { "名稱": "順新泰式養生館", "地址": "807台灣高雄市三民區九如二路397號", "img_url": "https://twitter.com/iformosa_com/status/1465558274686656515", "img_url2": "https://twitter.com/iformosa_com/status/1477115540212961286", "img_url3": null, "img_url4": null, "img_url5": null, "服務": "養生會館", "original_row_id": 1729, "latitude": 22.64105101, "longitude": 120.301335, "url": "https://www.google.com/maps/@?api=1&map_action=pano&viewpoint=22.64105101239,120.301334979153&heading=207&pitch=10&fov=62" }, "geometry": { "type": "Point", "coordinates": [ 120.301335, 22.64105101 ] } },
{ "type": "Feature", "properties": { "名稱": "日月明養生館(舊佳緣)", "地址": "802台灣高雄市苓雅區建國一路228號", "img_url": "https://x.com/iformosa_com/status/1909598040731927046", "img_url2": "https://x.com/iformosa_com/status/1908781661803929767", "img_url3": "https://x.com/iformosa_com/status/1807818623987470489", "img_url4": "https://x.com/iformosa_com/status/1807320449350815963", "img_url5": null, "服務": "養生會館", "original_row_id": 1731, "latitude": 22.63309998, "longitude": 120.327626, "url": "https://www.google.com/maps/@?api=1&map_action=pano&viewpoint=22.633099980947,120.327625991929&heading=207&pitch=10&fov=62" }, "geometry": { "type": "Point", "coordinates": [ 120.327626, 22.63309998 ] } },
{ "type": "Feature", "properties": { "名稱": "新金典男女SPA會館(舊晶典)", "地址": "236台灣新北市土城區清水路322號", "img_url": "https://x.com/iformosa_com/status/1955921512466407487", "img_url2": "https://x.com/iformosa_com/status/1955918845778256279", "img_url3": "https://x.com/iformosa_com/status/1955918950501671029", "img_url4": "https://x.com/iformosa_com/status/1955918997989548478", "img_url5": null, "服務": "養生會館", "original_row_id": 1737, "latitude": 24.98524499, "longitude": 121.463883, "url": "https://www.google.com/maps/@?api=1&map_action=pano&viewpoint=24.985244988923,121.463882989&heading=207&pitch=10&fov=62" }, "geometry": { "type": "Point", "coordinates": [ 121.463883, 24.98524499 ] } },
{ "type": "Feature", "properties": { "名稱": "五星級時尚養生館", "地址": "200台灣基隆市仁愛區仁三路11-11號", "img_url": "https://twitter.com/iformosa_com/status/1716380604407873922", "img_url2": "https://twitter.com/iformosa_com/status/1716380702554640651", "img_url3": "https://twitter.com/iformosa_com/status/1716380744912867835", "img_url4": null, "img_url5": null, "服務": "養生會館", "original_row_id": 1743, "latitude": 25.12794899, "longitude": 121.743833, "url": "https://www.google.com/maps/@?api=1&map_action=pano&viewpoint=25.12794898596,121.743833023004&heading=207&pitch=10&fov=62" }, "geometry": { "type": "Point", "coordinates": [ 121.743833, 25.12794899 ] } },
{ "type": "Feature", "properties": { "名稱": "真貞男女養生館", "地址": "330台灣桃園市桃園區介壽路150號", "img_url": "https://twitter.com/iformosa_com/status/1456189191625216004", "img_url2": null, "img_url3": null, "img_url4": null, "img_url5": null, "服務": "養生會館", "original_row_id": 1744, "latitude": 24.98398351, "longitude": 121.309845, "url": "https://www.google.com/maps/@?api=1&map_action=pano&viewpoint=24.983983512495,121.309844982489&heading=207&pitch=10&fov=62" }, "geometry": { "type": "Point", "coordinates": [ 121.309845, 24.98398351 ] } },
{ "type": "Feature", "properties": { "名稱": "雪絨美容工作室", "地址": "241台灣新北市三重區仁愛街357巷19號", "img_url": "https://twitter.com/iformosa_com/status/1507251093872340993", "img_url2": null, "img_url3": null, "img_url4": null, "img_url5": null, "服務": "工作室", "original_row_id": 1754, "latitude": 25.08027951, "longitude": 121.4924459, "url": "https://www.google.com/maps/@?api=1&map_action=pano&viewpoint=25.08027951004,121.492445916632&heading=207&pitch=10&fov=62" }, "geometry": { "type": "Point", "coordinates": [ 121.4924459, 25.08027951 ] } },
{ "type": "Feature", "properties": { "名稱": "喜越男女養生會館(舊銀璽)", "地址": "108台灣台北市萬華區和平西路三段57-1號", "img_url": "https://twitter.com/iformosa_com/status/1711039425072013696", "img_url2": "https://twitter.com/iformosa_com/status/1711039481611227182", "img_url3": "https://twitter.com/iformosa_com/status/1677227390307794945", "img_url4": "https://twitter.com/iformosa_com/status/1677227449300701185", "img_url5": null, "服務": "養生會館", "original_row_id": 1756, "latitude": 25.03535201, "longitude": 121.502276, "url": "https://www.google.com/maps/@?api=1&map_action=pano&viewpoint=25.035352006105,121.502275961219&heading=207&pitch=10&fov=62" }, "geometry": { "type": "Point", "coordinates": [ 121.502276, 25.03535201 ] } },
{ "type": "Feature", "properties": { "名稱": "采新SPA生活館", "地址": "812台灣高雄市小港區宏平路9號", "img_url": "https://x.com/iformosa_com/status/1800385739840246164", "img_url2": "https://x.com/iformosa_com/status/1800385795712590094", "img_url3": "https://twitter.com/iformosa_com/status/1454723859114954753", "img_url4": "https://twitter.com/iformosa_com/status/1454723932423004163", "img_url5": "https://twitter.com/iformosa_com/status/1567063884011556864", "服務": "養生會館", "original_row_id": 1757, "latitude": 22.57224799, "longitude": 120.365416, "url": "https://www.google.com/maps/@?api=1&map_action=pano&viewpoint=22.572247992536,120.365415970034&heading=207&pitch=10&fov=62" }, "geometry": { "type": "Point", "coordinates": [ 120.365416, 22.57224799 ] } },
{ "type": "Feature", "properties": { "名稱": "越世界舒壓健康館", "地址": "103台灣台北市大同區環河北路二段75號", "img_url": "https://twitter.com/iformosa_com/status/1567029622436679680", "img_url2": "https://twitter.com/iformosa_com/status/1567029689826549762", "img_url3": "https://twitter.com/iformosa_com/status/1454707244017217540", "img_url4": "https://twitter.com/iformosa_com/status/1454707307930009601", "img_url5": null, "服務": "養生會館", "original_row_id": 1758, "latitude": 25.06551998, "longitude": 121.508966, "url": "https://www.google.com/maps/@?api=1&map_action=pano&viewpoint=25.065519984376,121.508965977239&heading=207&pitch=10&fov=62" }, "geometry": { "type": "Point", "coordinates": [ 121.508966, 25.06551998 ] } },
{ "type": "Feature", "properties": { "名稱": "金喜泰式養生館", "地址": "813台灣高雄市左營區明華一路170號", "img_url": "https://twitter.com/iformosa_com/status/1639149639512494081", "img_url2": null, "img_url3": null, "img_url4": null, "img_url5": null, "服務": "養生會館", "original_row_id": 1761, "latitude": 22.663096, "longitude": 120.3068, "url": "https://www.google.com/maps/@?api=1&map_action=pano&viewpoint=22.663096004474,120.306799980023&heading=207&pitch=10&fov=62" }, "geometry": { "type": "Point", "coordinates": [ 120.3068, 22.663096 ] } },
{ "type": "Feature", "properties": { "名稱": "華都泰式養生館", "地址": "813台灣高雄市左營區自由二路276號", "img_url": "https://twitter.com/iformosa_com/status/1560504249649610752", "img_url2": "https://twitter.com/iformosa_com/status/1560504309066125312", "img_url3": null, "img_url4": null, "img_url5": null, "服務": "養生會館", "original_row_id": 1770, "latitude": 22.66416499, "longitude": 120.308418, "url": "https://www.google.com/maps/@?api=1&map_action=pano&viewpoint=22.664164990496,120.308418022612&heading=207&pitch=10&fov=62" }, "geometry": { "type": "Point", "coordinates": [ 120.308418, 22.66416499 ] } },
{ "type": "Feature", "properties": { "名稱": "花兒養生館(舊新雅築)", "地址": "813台灣高雄市左營區軍校路13號", "img_url": "https://x.com/iformosa_com/status/1925252181344886898", "img_url2": null, "img_url3": null, "img_url4": null, "img_url5": null, "服務": "養生會館", "original_row_id": 1772, "latitude": 22.68882199, "longitude": 120.292213, "url": "https://www.google.com/maps/@?api=1&map_action=pano&viewpoint=22.688821993158,120.292213037746&heading=207&pitch=10&fov=62" }, "geometry": { "type": "Point", "coordinates": [ 120.292213, 22.68882199 ] } },
{ "type": "Feature", "properties": { "名稱": "金莎SPA養生會館", "地址": "704台灣台南市北區西門路四段465號", "img_url": "https://twitter.com/iformosa_com/status/1552528763623067650", "img_url2": "https://twitter.com/iformosa_com/status/1552528820237791232", "img_url3": null, "img_url4": null, "img_url5": null, "服務": "養生會館", "original_row_id": 1788, "latitude": 23.018296, "longitude": 120.212131, "url": "https://www.google.com/maps/@?api=1&map_action=pano&viewpoint=23.018295999159,120.212130993703&heading=207&pitch=10&fov=62" }, "geometry": { "type": "Point", "coordinates": [ 120.212131, 23.018296 ] } },
{ "type": "Feature", "properties": { "名稱": "沐蘭SPA養生會館", "地址": "807台灣高雄市三民區建國二路49號", "img_url": "https://twitter.com/iformosa_com/status/1556912150525857792", "img_url2": "https://twitter.com/iformosa_com/status/1449242108582248448", "img_url3": "https://twitter.com/iformosa_com/status/1449242214953984000", "img_url4": "https://twitter.com/iformosa_com/status/1449242312022773763", "img_url5": null, "服務": "養生會館", "original_row_id": 1790, "latitude": 22.63716801, "longitude": 120.312058, "url": "https://www.google.com/maps/@?api=1&map_action=pano&viewpoint=22.637168011925,120.312058031704&heading=207&pitch=10&fov=62" }, "geometry": { "type": "Point", "coordinates": [ 120.312058, 22.63716801 ] } },
{ "type": "Feature", "properties": { "名稱": "曼谷泰式舒活館", "地址": "807台灣高雄市三民區建工路629號", "img_url": "https://twitter.com/iformosa_com/status/1448945228795166724", "img_url2": "https://twitter.com/iformosa_com/status/1448945349536583686", "img_url3": "https://twitter.com/iformosa_com/status/1556574735164932099", "img_url4": null, "img_url5": null, "服務": "養生會館", "original_row_id": 1791, "latitude": 22.64807702, "longitude": 120.318693, "url": "https://www.google.com/maps/@?api=1&map_action=pano&viewpoint=22.648077016998,120.31869297862&heading=207&pitch=10&fov=62" }, "geometry": { "type": "Point", "coordinates": [ 120.318693, 22.64807702 ] } },
{ "type": "Feature", "properties": { "名稱": "美舒泰式養生館", "地址": "247台灣新北市蘆洲區長榮路262號", "img_url": "https://twitter.com/iformosa_com/status/1634456113419792386", "img_url2": null, "img_url3": null, "img_url4": null, "img_url5": null, "服務": "養生會館", "original_row_id": 1792, "latitude": 25.08608, "longitude": 121.460568, "url": "https://www.google.com/maps/@?api=1&map_action=pano&viewpoint=25.086079996585,121.460568030114&heading=207&pitch=10&fov=62" }, "geometry": { "type": "Point", "coordinates": [ 121.460568, 25.08608 ] } },
{ "type": "Feature", "properties": { "名稱": "十八男女養生會館-桃園中正店", "地址": "330台灣桃園市桃園區中正路728號", "img_url": "https://x.com/iformosa_com/status/1940046936985542966", "img_url2": "https://x.com/iformosa_com/status/1940046983982616946", "img_url3": null, "img_url4": null, "img_url5": null, "服務": "養生會館", "original_row_id": 1795, "latitude": 25.00811631, "longitude": 121.3027948, "url": "https://www.google.com/maps/@?api=1&map_action=pano&viewpoint=25.008116310932,121.30279479609&heading=207&pitch=10&fov=62" }, "geometry": { "type": "Point", "coordinates": [ 121.3027948, 25.00811631 ] } },
{ "type": "Feature", "properties": { "名稱": "玫瑰山會館(舊越美恆)", "地址": "542台灣南投縣草屯鎮太平路二段52號", "img_url": null, "img_url2": "https://x.com/iformosa_com/status/1856189743870161365", "img_url3": null, "img_url4": null, "img_url5": null, "服務": "養生會館", "original_row_id": 1799, "latitude": 23.97055371, "longitude": 120.6831749, "url": "https://www.google.com/maps/@?api=1&map_action=pano&viewpoint=23.97055370918,120.683174925243&heading=207&pitch=10&fov=62" }, "geometry": { "type": "Point", "coordinates": [ 120.6831749, 23.97055371 ] } },
{ "type": "Feature", "properties": { "名稱": "晶楓SPA養生會館(舊十號)", "地址": "811台灣高雄市楠梓區軍校路911號", "img_url": "https://x.com/iformosa_com/status/1906981660077527075", "img_url2": "https://x.com/iformosa_com/status/1904199130702102891", "img_url3": "https://x.com/iformosa_com/status/1904199181243400297", "img_url4": null, "img_url5": null, "服務": "養生會館", "original_row_id": 1800, "latitude": 22.71067102, "longitude": 120.292296, "url": "https://www.google.com/maps/@?api=1&map_action=pano&viewpoint=22.710671016346,120.292296018588&heading=207&pitch=10&fov=62" }, "geometry": { "type": "Point", "coordinates": [ 120.292296, 22.71067102 ] } },
{ "type": "Feature", "properties": { "名稱": "珍娜養生館(舊娜美)", "地址": "807台灣高雄市三民區九如二路254號", "img_url": "https://x.com/iformosa_com/status/1941140796545376532", "img_url2": "https://x.com/iformosa_com/status/1941140850987425873", "img_url3": "https://x.com/iformosa_com/status/1941140907275038730", "img_url4": null, "img_url5": null, "服務": "養生會館", "original_row_id": 1805, "latitude": 22.641207, "longitude": 120.305515, "url": "https://www.google.com/maps/@?api=1&map_action=pano&viewpoint=22.641206999608,120.305515034267&heading=207&pitch=10&fov=62" }, "geometry": { "type": "Point", "coordinates": [ 120.305515, 22.641207 ] } },
{ "type": "Feature", "properties": { "名稱": "美麗新世界泰式養生館(美麗新世紀)", "地址": "802台灣高雄市苓雅區建國一路278號", "img_url": "https://twitter.com/iformosa_com/status/1465574527413350400", "img_url2": "https://twitter.com/iformosa_com/status/1549655073046663168", "img_url3": "https://twitter.com/iformosa_com/status/1549655134430326784", "img_url4": null, "img_url5": null, "服務": "養生會館", "original_row_id": 1813, "latitude": 22.633082, "longitude": 120.32646, "url": "https://www.google.com/maps/@?api=1&map_action=pano&viewpoint=22.633082001765,120.326459985378&heading=207&pitch=10&fov=62" }, "geometry": { "type": "Point", "coordinates": [ 120.32646, 22.633082 ] } },
{ "type": "Feature", "properties": { "名稱": "富?養生會館", "地址": "704台灣台南市北區長榮路五段3號", "img_url": "https://twitter.com/iformosa_com/status/1444954382806634497", "img_url2": "https://twitter.com/iformosa_com/status/1444954470324989952", "img_url3": "https://twitter.com/iformosa_com/status/1444954601619263494", "img_url4": "https://twitter.com/iformosa_com/status/1444954549198856192", "img_url5": null, "服務": "養生會館", "original_row_id": 1817, "latitude": 23.00786849, "longitude": 120.2205947, "url": "https://www.google.com/maps/@?api=1&map_action=pano&viewpoint=23.007868492514,120.220594704254&heading=207&pitch=10&fov=62" }, "geometry": { "type": "Point", "coordinates": [ 120.2205947, 23.00786849 ] } },
{ "type": "Feature", "properties": { "名稱": "雅薇男女SPA養生館", "地址": "811台灣高雄市楠梓區右昌街373號", "img_url": null, "img_url2": "https://x.com/iformosa_com/status/1546520482845179904", "img_url3": "https://x.com/iformosa_com/status/1875519855727935534", "img_url4": "https://x.com/iformosa_com/status/1873284377989529615", "img_url5": "https://x.com/iformosa_com/status/1873284432750383198", "服務": "養生會館", "original_row_id": 1820, "latitude": 22.71495798, "longitude": 120.288503, "url": "https://www.google.com/maps/@?api=1&map_action=pano&viewpoint=22.714957982635,120.288503039763&heading=207&pitch=10&fov=62" }, "geometry": { "type": "Point", "coordinates": [ 120.288503, 22.71495798 ] } },
{ "type": "Feature", "properties": { "名稱": "天使養生館", "地址": "302台灣新竹縣竹北市福興路948號", "img_url": "https://twitter.com/iformosa_com/status/1443306222090809345", "img_url2": "https://twitter.com/iformosa_com/status/1544900197733793793", "img_url3": "https://twitter.com/iformosa_com/status/1544900256345001984", "img_url4": null, "img_url5": null, "服務": "養生會館", "original_row_id": 1823, "latitude": 24.82699801, "longitude": 121.003359, "url": "https://www.google.com/maps/@?api=1&map_action=pano&viewpoint=24.826998009732,121.003359016498&heading=207&pitch=10&fov=62" }, "geometry": { "type": "Point", "coordinates": [ 121.003359, 24.82699801 ] } },
{ "type": "Feature", "properties": { "名稱": "越海舒壓生活館", "地址": "320台灣桃園市中壢區環西路3號", "img_url": "https://twitter.com/iformosa_com/status/1443141489043795974", "img_url2": "https://twitter.com/iformosa_com/status/1443141602952679426", "img_url3": "https://twitter.com/iformosa_com/status/1443141805071953925", "img_url4": null, "img_url5": null, "服務": "養生會館", "original_row_id": 1824, "latitude": 24.95766601, "longitude": 121.206785, "url": "https://www.google.com/maps/@?api=1&map_action=pano&viewpoint=24.957666012904,121.206785040538&heading=207&pitch=10&fov=62" }, "geometry": { "type": "Point", "coordinates": [ 121.206785, 24.95766601 ] } },
{ "type": "Feature", "properties": { "名稱": "芯語泰式養生館", "地址": "811台灣高雄市楠梓區德民路701號", "img_url": "https://x.com/iformosa_com/status/1967509920947077485", "img_url2": "https://x.com/iformosa_com/status/1967506132311920979", "img_url3": "https://x.com/iformosa_com/status/1967506252088709387", "img_url4": "https://x.com/iformosa_com/status/1967506310875996654", "img_url5": "https://x.com/iformosa_com/status/1849457971639836704", "服務": "養生會館", "original_row_id": 1827, "latitude": 22.72200201, "longitude": 120.295029, "url": "https://www.google.com/maps/@?api=1&map_action=pano&viewpoint=22.722002008335,120.295029021937&heading=207&pitch=10&fov=62" }, "geometry": { "type": "Point", "coordinates": [ 120.295029, 22.72200201 ] } },
{ "type": "Feature", "properties": { "名稱": "真情男女養生館", "地址": "811台灣高雄市楠梓區藍田路1070號", "img_url": "https://twitter.com/iformosa_com/status/1621776002581159937", "img_url2": null, "img_url3": null, "img_url4": null, "img_url5": null, "服務": "養生會館", "original_row_id": 1828, "latitude": 22.72653201, "longitude": 120.278501, "url": "https://www.google.com/maps/@?api=1&map_action=pano&viewpoint=22.726532007906,120.278500998522&heading=207&pitch=10&fov=62" }, "geometry": { "type": "Point", "coordinates": [ 120.278501, 22.72653201 ] } },
{ "type": "Feature", "properties": { "名稱": "95 SPA 時尚會館", "地址": "800台灣高雄市新興區七賢二路95號", "img_url": "https://twitter.com/iformosa_com/status/1440227573460398085", "img_url2": "https://twitter.com/iformosa_com/status/1440227640787361792", "img_url3": "https://twitter.com/iformosa_com/status/1440227688606666756", "img_url4": "https://twitter.com/iformosa_com/status/1541689254652178433", "img_url5": null, "服務": "養生會館", "original_row_id": 1833, "latitude": 22.63393398, "longitude": 120.298536, "url": "https://www.google.com/maps/@?api=1&map_action=pano&viewpoint=22.633933980313,120.298536010226&heading=207&pitch=10&fov=62" }, "geometry": { "type": "Point", "coordinates": [ 120.298536, 22.63393398 ] } },
{ "type": "Feature", "properties": { "名稱": "海容越式洗髮SPA(舊采莉)", "地址": "241台灣新北市三重區自強路五段83號", "img_url": "https://x.com/iformosa_com/status/1938415166024257626", "img_url2": null, "img_url3": null, "img_url4": null, "img_url5": null, "服務": "工作室", "original_row_id": 1835, "latitude": 25.0818087, "longitude": 121.4948101, "url": "https://www.google.com/maps/@?api=1&map_action=pano&viewpoint=25.081808704455,121.494810116242&heading=207&pitch=10&fov=62" }, "geometry": { "type": "Point", "coordinates": [ 121.4948101, 25.0818087 ] } },
{ "type": "Feature", "properties": { "名稱": "葳格SPA會館(舊世界SPA)", "地址": "830台灣高雄市鳳山區五甲二路133號", "img_url": "https://twitter.com/iformosa_com/status/1438891352960364544", "img_url2": "https://twitter.com/iformosa_com/status/1438891283251036160", "img_url3": null, "img_url4": null, "img_url5": null, "服務": "養生會館", "original_row_id": 1836, "latitude": 22.60149899, "longitude": 120.340968, "url": "https://www.google.com/maps/@?api=1&map_action=pano&viewpoint=22.6014989906,120.340967970128&heading=207&pitch=10&fov=62" }, "geometry": { "type": "Point", "coordinates": [ 120.340968, 22.60149899 ] } },
{ "type": "Feature", "properties": { "名稱": "五心男女(純)按摩會館", "地址": "800台灣高雄市新興區六合一路79號", "img_url": "https://twitter.com/iformosa_com/status/1438768280030699524", "img_url2": "https://twitter.com/iformosa_com/status/1438768361442197505", "img_url3": "https://twitter.com/iformosa_com/status/1540714111062814720", "img_url4": "https://twitter.com/iformosa_com/status/1540714191073337344", "img_url5": null, "服務": "養生會館", "original_row_id": 1838, "latitude": 22.63255901, "longitude": 120.306965, "url": "https://www.google.com/maps/@?api=1&map_action=pano&viewpoint=22.632559012916,120.306965019697&heading=207&pitch=10&fov=62" }, "geometry": { "type": "Point", "coordinates": [ 120.306965, 22.63255901 ] } },
{ "type": "Feature", "properties": { "名稱": "歐麗舒活館", "地址": "704台灣台南市北區西門路四段394號", "img_url": "https://twitter.com/iformosa_com/status/1551838930076454912", "img_url2": "https://twitter.com/iformosa_com/status/1551839121919815681", "img_url3": "https://twitter.com/iformosa_com/status/1438431330505670659", "img_url4": "https://twitter.com/iformosa_com/status/1551844875401801728", "img_url5": null, "服務": "養生會館", "original_row_id": 1840, "latitude": 23.01489102, "longitude": 120.210097, "url": "https://www.google.com/maps/@?api=1&map_action=pano&viewpoint=23.014891018632,120.210097041079&heading=207&pitch=10&fov=62" }, "geometry": { "type": "Point", "coordinates": [ 120.210097, 23.01489102 ] } },
{ "type": "Feature", "properties": { "名稱": "春天來泰式按摩(舊越越紅)", "地址": "807台灣高雄市三民區嫩江街137號", "img_url": "https://twitter.com/iformosa_com/status/1438165878248407041", "img_url2": "https://twitter.com/iformosa_com/status/1438165801240985605", "img_url3": "https://twitter.com/iformosa_com/status/1438165717229080578", "img_url4": "https://twitter.com/iformosa_com/status/1438165649402982404", "img_url5": null, "服務": "養生會館", "original_row_id": 1842, "latitude": 22.64486499, "longitude": 120.298452, "url": "https://www.google.com/maps/@?api=1&map_action=pano&viewpoint=22.644864987882,120.298452023556&heading=207&pitch=10&fov=62" }, "geometry": { "type": "Point", "coordinates": [ 120.298452, 22.64486499 ] } },
{ "type": "Feature", "properties": { "名稱": "坎城之星SPA會館", "地址": "338台灣桃園市蘆竹區南山路一段87-2號", "img_url": "https://twitter.com/iformosa_com/status/1437707204845469703", "img_url2": "https://twitter.com/iformosa_com/status/1438667228509970439", "img_url3": null, "img_url4": null, "img_url5": null, "服務": "養生會館", "original_row_id": 1844, "latitude": 25.05261701, "longitude": 121.291587, "url": "https://www.google.com/maps/@?api=1&map_action=pano&viewpoint=25.052617008357,121.291587018078&heading=207&pitch=10&fov=62" }, "geometry": { "type": "Point", "coordinates": [ 121.291587, 25.05261701 ] } },
{ "type": "Feature", "properties": { "名稱": "伊莉SPA養生會館", "地址": "800台灣高雄市新興區民族二路97號8樓", "img_url": "https://twitter.com/iformosa_com/status/1436616508298317825", "img_url2": "https://twitter.com/iformosa_com/status/1538050497709428737", "img_url3": "https://twitter.com/iformosa_com/status/1538050564713349120", "img_url4": null, "img_url5": null, "服務": "養生會館", "original_row_id": 1846, "latitude": 22.63249301, "longitude": 120.31312, "url": "https://www.google.com/maps/@?api=1&map_action=pano&viewpoint=22.632493005429,120.313120018837&heading=207&pitch=10&fov=62" }, "geometry": { "type": "Point", "coordinates": [ 120.31312, 22.63249301 ] } },
{ "type": "Feature", "properties": { "名稱": "清境足體養生館", "地址": "800台灣高雄市新興區復興一路70-8號", "img_url": "https://twitter.com/iformosa_com/status/1669681791777787904", "img_url2": "https://twitter.com/iformosa_com/status/1669681878901882884", "img_url3": null, "img_url4": null, "img_url5": null, "服務": "養生會館", "original_row_id": 1847, "latitude": 22.63201201, "longitude": 120.308356, "url": "https://www.google.com/maps/@?api=1&map_action=pano&viewpoint=22.632012009915,120.308355996529&heading=207&pitch=10&fov=62" }, "geometry": { "type": "Point", "coordinates": [ 120.308356, 22.63201201 ] } },
{ "type": "Feature", "properties": { "名稱": "新宿SPA SHINJUKU", "地址": "800台灣高雄市新興區七賢一路432號4樓", "img_url": "https://twitter.com/iformosa_com/status/1436417705603571716", "img_url2": null, "img_url3": null, "img_url4": null, "img_url5": null, "服務": "養生會館", "original_row_id": 1849, "latitude": 22.63450299, "longitude": 120.305383, "url": "https://www.google.com/maps/@?api=1&map_action=pano&viewpoint=22.63450298581,120.305383019292&heading=207&pitch=10&fov=62" }, "geometry": { "type": "Point", "coordinates": [ 120.305383, 22.63450299 ] } },
{ "type": "Feature", "properties": { "名稱": "夏威夷SPA會館", "地址": "800台灣高雄市新興區七賢二路37號", "img_url": "https://x.com/iformosa_com/status/1823986181543240117", "img_url2": "https://x.com/iformosa_com/status/1823986243233034356", "img_url3": "https://x.com/iformosa_com/status/1823986292021174490", "img_url4": null, "img_url5": null, "服務": "養生會館", "original_row_id": 1856, "latitude": 22.63453098, "longitude": 120.300455, "url": "https://www.google.com/maps/@?api=1&map_action=pano&viewpoint=22.634530981367,120.300454963139&heading=207&pitch=10&fov=62" }, "geometry": { "type": "Point", "coordinates": [ 120.300455, 22.63453098 ] } },
{ "type": "Feature", "properties": { "名稱": "華心養生館", "地址": "807台灣高雄市三民區鼎新路116號", "img_url": "https://twitter.com/iformosa_com/status/1434603968806604802", "img_url2": "https://twitter.com/iformosa_com/status/1514191549642702848", "img_url3": "https://twitter.com/iformosa_com/status/1514191646581489665", "img_url4": null, "img_url5": null, "服務": "養生會館", "original_row_id": 1860, "latitude": 22.66358601, "longitude": 120.323395, "url": "https://www.google.com/maps/@?api=1&map_action=pano&viewpoint=22.663586010534,120.323394974844&heading=207&pitch=10&fov=62" }, "geometry": { "type": "Point", "coordinates": [ 120.323395, 22.66358601 ] } },
{ "type": "Feature", "properties": { "名稱": "莎娜泰式桑拿", "地址": "801台灣高雄市前金區自強二路25號", "img_url": "https://x.com/iformosa_com/status/1797891491559583780", "img_url2": "https://x.com/iformosa_com/status/1797891612649181383", "img_url3": "https://twitter.com/iformosa_com/status/1642801540271607808", "img_url4": null, "img_url5": null, "服務": "養生會館", "original_row_id": 1861, "latitude": 22.622641, "longitude": 120.296231, "url": "https://www.google.com/maps/@?api=1&map_action=pano&viewpoint=22.622641000255,120.296230986852&heading=207&pitch=10&fov=62" }, "geometry": { "type": "Point", "coordinates": [ 120.296231, 22.622641 ] } },
{ "type": "Feature", "properties": { "名稱": "凱地養生行館", "地址": "801台灣高雄市前金區七賢二路193-9號", "img_url": "https://twitter.com/iformosa_com/status/1522270826690580480", "img_url2": null, "img_url3": null, "img_url4": null, "img_url5": null, "服務": "養生會館", "original_row_id": 1863, "latitude": 22.63270402, "longitude": 120.295028, "url": "https://www.google.com/maps/@?api=1&map_action=pano&viewpoint=22.632704019841,120.295028016109&heading=207&pitch=10&fov=62" }, "geometry": { "type": "Point", "coordinates": [ 120.295028, 22.63270402 ] } },
{ "type": "Feature", "properties": { "名稱": "駖霏SPA休閒會館(舊雅蝶SPA)", "地址": "801台灣高雄市前金區七賢二路213號", "img_url": null, "img_url2": "https://x.com/iformosa_com/status/1847620319626002697", "img_url3": "https://x.com/iformosa_com/status/1845422041014599867", "img_url4": "https://x.com/iformosa_com/status/1845422093204344894", "img_url5": "https://x.com/iformosa_com/status/1845422136607039538", "服務": "養生會館", "original_row_id": 1867, "latitude": 22.632254, "longitude": 120.293559, "url": "https://www.google.com/maps/@?api=1&map_action=pano&viewpoint=22.63225399546,120.293559003758&heading=207&pitch=10&fov=62" }, "geometry": { "type": "Point", "coordinates": [ 120.293559, 22.632254 ] } },
{ "type": "Feature", "properties": { "名稱": "宮廷美容SPA會館", "地址": "801台灣高雄市前金區中華三路186號", "img_url": "https://twitter.com/iformosa_com/status/1433862256052228097", "img_url2": "https://twitter.com/iformosa_com/status/1433862190239346692", "img_url3": null, "img_url4": null, "img_url5": null, "服務": "養生會館", "original_row_id": 1868, "latitude": 22.632067, "longitude": 120.295023, "url": "https://www.google.com/maps/@?api=1&map_action=pano&viewpoint=22.6320669952,120.295022986967&heading=207&pitch=10&fov=62" }, "geometry": { "type": "Point", "coordinates": [ 120.295023, 22.632067 ] } },
{ "type": "Feature", "properties": { "名稱": "美斯樂泰式養生館", "地址": "806台灣高雄市前鎮區一心一路228號", "img_url": "https://twitter.com/iformosa_com/status/1440053068859539469", "img_url2": "https://twitter.com/iformosa_com/status/1527860291178217472", "img_url3": null, "img_url4": null, "img_url5": null, "服務": "養生會館", "original_row_id": 1878, "latitude": 22.607512, "longitude": 120.319576, "url": "https://www.google.com/maps/@?api=1&map_action=pano&viewpoint=22.6075120003,120.319576012119&heading=207&pitch=10&fov=62" }, "geometry": { "type": "Point", "coordinates": [ 120.319576, 22.607512 ] } },
{ "type": "Feature", "properties": { "名稱": "花漾SPA男女美容美體生活館", "地址": "600台灣嘉義市西區建國路53號", "img_url": "https://twitter.com/iformosa_com/status/1527205799684362243", "img_url2": "https://twitter.com/iformosa_com/status/1432274202099273728", "img_url3": "https://twitter.com/iformosa_com/status/1432274138865930241", "img_url4": "https://twitter.com/iformosa_com/status/1432274059723608071", "img_url5": "https://twitter.com/iformosa_com/status/1432273979553685513", "服務": "美容芳療 及 養生會館", "original_row_id": 1880, "latitude": 23.48406302, "longitude": 120.43602, "url": "https://www.google.com/maps/@?api=1&map_action=pano&viewpoint=23.484063019736,120.436020009423&heading=207&pitch=10&fov=62" }, "geometry": { "type": "Point", "coordinates": [ 120.43602, 23.48406302 ] } },
{ "type": "Feature", "properties": { "名稱": "欣容SPA時尚會館", "地址": "242台灣新北市新莊區思源路357號", "img_url": "https://twitter.com/iformosa_com/status/1526827934484680705", "img_url2": "https://twitter.com/iformosa_com/status/1432201695329619975", "img_url3": "https://twitter.com/iformosa_com/status/1432201593873518592", "img_url4": "https://twitter.com/iformosa_com/status/1432201470930079745", "img_url5": "https://twitter.com/iformosa_com/status/1432201782386589705", "服務": "美容芳療 及 養生會館", "original_row_id": 1881, "latitude": 25.05066499, "longitude": 121.459555, "url": "https://www.google.com/maps/@?api=1&map_action=pano&viewpoint=25.050664988836,121.459554993296&heading=207&pitch=10&fov=62" }, "geometry": { "type": "Point", "coordinates": [ 121.459555, 25.05066499 ] } },
{ "type": "Feature", "properties": { "名稱": "仙妃SPA館", "地址": "812台灣高雄市小港區宏平路68號", "img_url": "https://x.com/iformosa_com/status/1806602098282524936", "img_url2": null, "img_url3": null, "img_url4": null, "img_url5": null, "服務": "養生會館", "original_row_id": 1897, "latitude": 22.57205102, "longitude": 120.36418, "url": "https://www.google.com/maps/@?api=1&map_action=pano&viewpoint=22.572051017812,120.364179974591&heading=207&pitch=10&fov=62" }, "geometry": { "type": "Point", "coordinates": [ 120.36418, 22.57205102 ] } },
{ "type": "Feature", "properties": { "名稱": "海天養生殿", "地址": "813台灣高雄市左營區華夏路557號", "img_url": "https://twitter.com/iformosa_com/status/1430183448715702274", "img_url2": "https://twitter.com/iformosa_com/status/1430183364733161483", "img_url3": "https://twitter.com/iformosa_com/status/1518825531038339072", "img_url4": null, "img_url5": null, "服務": "養生會館", "original_row_id": 1908, "latitude": 22.675715, "longitude": 120.300084, "url": "https://www.google.com/maps/@?api=1&map_action=pano&viewpoint=22.675715001615,120.300083980104&heading=207&pitch=10&fov=62" }, "geometry": { "type": "Point", "coordinates": [ 120.300084, 22.675715 ] } },
{ "type": "Feature", "properties": { "名稱": "玉容泰式SPA養生館", "地址": "812台灣高雄市小港區宏平路331號", "img_url": "https://twitter.com/iformosa_com/status/1578269647312650240", "img_url2": null, "img_url3": null, "img_url4": null, "img_url5": null, "服務": "養生會館", "original_row_id": 1911, "latitude": 22.56962001, "longitude": 120.36029, "url": "https://www.google.com/maps/@?api=1&map_action=pano&viewpoint=22.569620014434,120.360290017147&heading=207&pitch=10&fov=62" }, "geometry": { "type": "Point", "coordinates": [ 120.36029, 22.56962001 ] } },
{ "type": "Feature", "properties": { "名稱": "嘉年華芳療舒活館(舊密可兒)", "地址": "704台灣台南市北區小東路333號", "img_url": "https://x.com/iformosa_com/status/1899666207621722419", "img_url2": null, "img_url3": null, "img_url4": null, "img_url5": null, "服務": "養生會館", "original_row_id": 1916, "latitude": 22.99916401, "longitude": 120.23117, "url": "https://www.google.com/maps/@?api=1&map_action=pano&viewpoint=22.999164011795,120.231169983852&heading=207&pitch=10&fov=62" }, "geometry": { "type": "Point", "coordinates": [ 120.23117, 22.99916401 ] } },
{ "type": "Feature", "properties": { "名稱": "蔓玲養生館一館", "地址": "802台灣高雄市苓雅區建國一路133-7號", "img_url": "https://twitter.com/iformosa_com/status/1514147550768820224", "img_url2": "https://twitter.com/iformosa_com/status/1427357150897065994", "img_url3": "https://twitter.com/iformosa_com/status/1442782880581570561", "img_url4": "https://twitter.com/iformosa_com/status/1442782955055636480", "img_url5": "https://twitter.com/iformosa_com/status/1442783014161838080", "服務": "養生會館", "original_row_id": 1920, "latitude": 22.63192999, "longitude": 120.331429, "url": "https://www.google.com/maps/@?api=1&map_action=pano&viewpoint=22.631929992992,120.331429029038&heading=207&pitch=10&fov=62" }, "geometry": { "type": "Point", "coordinates": [ 120.331429, 22.63192999 ] } },
{ "type": "Feature", "properties": { "名稱": "薇閣男女舒壓休閒館", "地址": "241台灣新北市三重區龍門路1號2樓", "img_url": "https://x.com/iformosa_com/status/1930115863832826274", "img_url2": "https://x.com/iformosa_com/status/1926952538089087057", "img_url3": "https://x.com/iformosa_com/status/1926952593541964279", "img_url4": "https://x.com/iformosa_com/status/1926952652702675318", "img_url5": "https://x.com/iformosa_com/status/1926952714979713426", "服務": "養生會館", "original_row_id": 1923, "latitude": 25.07146598, "longitude": 121.494852, "url": "https://www.google.com/maps/@?api=1&map_action=pano&viewpoint=25.071465980761,121.494852025758&heading=207&pitch=10&fov=62" }, "geometry": { "type": "Point", "coordinates": [ 121.494852, 25.07146598 ] } },
{ "type": "Feature", "properties": { "名稱": "阡漾SPA時尚會館", "地址": "510台灣彰化縣員林市員集路二段450號", "img_url": "https://twitter.com/iformosa_com/status/1607246592545021957", "img_url2": "https://twitter.com/iformosa_com/status/1607246662350811137", "img_url3": "https://twitter.com/iformosa_com/status/1607246835181322240", "img_url4": "https://twitter.com/iformosa_com/status/1607246714825756673", "img_url5": "https://twitter.com/iformosa_com/status/1607246790625234946", "服務": "養生會館", "original_row_id": 1929, "latitude": 23.94653901, "longitude": 120.575805, "url": "https://www.google.com/maps/@?api=1&map_action=pano&viewpoint=23.946539011759,120.57580500868&heading=207&pitch=10&fov=62" }, "geometry": { "type": "Point", "coordinates": [ 120.575805, 23.94653901 ] } },
{ "type": "Feature", "properties": { "名稱": "素萬那普泰式養生館Su Wan Na Pu Thai style massage", "地址": "241台灣新北市三重區同安街97號", "img_url": "https://x.com/iformosa_com/status/1944420744420790423", "img_url2": "https://x.com/iformosa_com/status/1944420792374059265", "img_url3": "https://x.com/iformosa_com/status/1944420840835019232", "img_url4": null, "img_url5": null, "服務": "養生會館", "original_row_id": 1931, "latitude": 25.05656698, "longitude": 121.494794, "url": "https://www.google.com/maps/@?api=1&map_action=pano&viewpoint=25.056566980228,121.494794022988&heading=207&pitch=10&fov=62" }, "geometry": { "type": "Point", "coordinates": [ 121.494794, 25.05656698 ] } },
{ "type": "Feature", "properties": { "名稱": "越贊足體養生館", "地址": "105台灣台北市松山區塔悠路41號", "img_url": "https://twitter.com/iformosa_com/status/1509407576504795140", "img_url2": "https://twitter.com/iformosa_com/status/1509408051824304132", "img_url3": "https://twitter.com/iformosa_com/status/1509408010028093442", "img_url4": null, "img_url5": null, "服務": "養生會館", "original_row_id": 1935, "latitude": 25.05081808, "longitude": 121.5714227, "url": "https://www.google.com/maps/@?api=1&map_action=pano&viewpoint=25.050818084297,121.571422722922&heading=207&pitch=10&fov=62" }, "geometry": { "type": "Point", "coordinates": [ 121.5714227, 25.05081808 ] } },
{ "type": "Feature", "properties": { "名稱": "清清健康按摩會館(舊欣欣)", "地址": "640台灣雲林縣斗六市明德北路二段84號", "img_url": "https://x.com/iformosa_com/status/1969331971143717262", "img_url2": "https://x.com/iformosa_com/status/1843937963576861175", "img_url3": null, "img_url4": null, "img_url5": null, "服務": "養生會館", "original_row_id": 1938, "latitude": 23.71810202, "longitude": 120.5406656, "url": "https://www.google.com/maps/@?api=1&map_action=pano&viewpoint=23.718102017286,120.540665639816&heading=207&pitch=10&fov=62" }, "geometry": { "type": "Point", "coordinates": [ 120.5406656, 23.71810202 ] } },
{ "type": "Feature", "properties": { "名稱": "藝芯養身館(舊玉芙蓉)", "地址": "820台灣高雄市岡山區介壽西路23號", "img_url": "https://x.com/iformosa_com/status/1900775495350059411", "img_url2": null, "img_url3": null, "img_url4": null, "img_url5": null, "服務": "養生會館", "original_row_id": 1945, "latitude": 22.78421601, "longitude": 120.283987, "url": "https://www.google.com/maps/@?api=1&map_action=pano&viewpoint=22.784216014102,120.28398703797&heading=207&pitch=10&fov=62" }, "geometry": { "type": "Point", "coordinates": [ 120.283987, 22.78421601 ] } },
{ "type": "Feature", "properties": { "名稱": "蓁麗養生館(舊湘妹)", "地址": "802台灣高雄市苓雅區建國一路74-21號", "img_url": "https://x.com/iformosa_com/status/1970166483058872720", "img_url2": "https://x.com/iformosa_com/status/1841338767065661454", "img_url3": null, "img_url4": null, "img_url5": null, "服務": "養生會館", "original_row_id": 1951, "latitude": 22.63130202, "longitude": 120.334498, "url": "https://www.google.com/maps/@?api=1&map_action=pano&viewpoint=22.631302020807,120.334497979067&heading=207&pitch=10&fov=62" }, "geometry": { "type": "Point", "coordinates": [ 120.334498, 22.63130202 ] } },
{ "type": "Feature", "properties": { "名稱": "甜甜SPA館(舊泰式樂SPA)", "地址": "832台灣高雄市林園區鳳林路一段163號", "img_url": "https://x.com/iformosa_com/status/1914926134351085895", "img_url2": null, "img_url3": null, "img_url4": null, "img_url5": null, "服務": "養生會館", "original_row_id": 1959, "latitude": 22.50636502, "longitude": 120.396484, "url": "https://www.google.com/maps/@?api=1&map_action=pano&viewpoint=22.506365018201,120.396483997068&heading=207&pitch=10&fov=62" }, "geometry": { "type": "Point", "coordinates": [ 120.396484, 22.50636502 ] } },
{ "type": "Feature", "properties": { "名稱": "越麗力養生館(舊越儷人)", "地址": "832台灣高雄市林園區沿海路三段104號", "img_url": "https://x.com/iformosa_com/status/1896225359533937118", "img_url2": "https://x.com/iformosa_com/status/1733733928476029077", "img_url3": "https://x.com/iformosa_com/status/1732776573219250203", "img_url4": null, "img_url5": null, "服務": "養生會館", "original_row_id": 1964, "latitude": 22.50029602, "longitude": 120.390325, "url": "https://www.google.com/maps/@?api=1&map_action=pano&viewpoint=22.500296017388,120.390324974614&heading=207&pitch=10&fov=62" }, "geometry": { "type": "Point", "coordinates": [ 120.390325, 22.50029602 ] } },
{ "type": "Feature", "properties": { "名稱": "天空SPA會館(舊悠活)", "地址": "814台灣高雄市仁武區鳳仁路81-55號", "img_url": "https://x.com/iformosa_com/status/1944343621660274914", "img_url2": "https://x.com/iformosa_com/status/1944343678178251191", "img_url3": null, "img_url4": null, "img_url5": null, "服務": "養生會館", "original_row_id": 1974, "latitude": 22.68474001, "longitude": 120.353468, "url": "https://www.google.com/maps/@?api=1&map_action=pano&viewpoint=22.684740006311,120.353467986152&heading=207&pitch=10&fov=62" }, "geometry": { "type": "Point", "coordinates": [ 120.353468, 22.68474001 ] } },
{ "type": "Feature", "properties": { "名稱": "櫻桃SPA會館(舊領首)", "地址": "814台灣高雄市仁武區澄觀路1631號", "img_url": "https://x.com/iformosa_com/status/1899769123279712723", "img_url2": "https://x.com/iformosa_com/status/1895833532691595539", "img_url3": "https://x.com/iformosa_com/status/1895833611582259293", "img_url4": null, "img_url5": null, "服務": "養生會館", "original_row_id": 1975, "latitude": 22.68507398, "longitude": 120.350959, "url": "https://www.google.com/maps/@?api=1&map_action=pano&viewpoint=22.685073983243,120.350959031075&heading=207&pitch=10&fov=62" }, "geometry": { "type": "Point", "coordinates": [ 120.350959, 22.68507398 ] } },
{ "type": "Feature", "properties": { "名稱": "美花養生會館", "地址": "825台灣高雄市橋頭區成功北路211號", "img_url": "https://twitter.com/iformosa_com/status/1493962892483637248", "img_url2": "https://twitter.com/iformosa_com/status/1493962978223587328", "img_url3": null, "img_url4": null, "img_url5": null, "服務": "養生會館", "original_row_id": 1984, "latitude": 22.766547, "longitude": 120.305798, "url": "https://www.google.com/maps/@?api=1&map_action=pano&viewpoint=22.766547004118,120.305798007318&heading=207&pitch=10&fov=62" }, "geometry": { "type": "Point", "coordinates": [ 120.305798, 22.766547 ] } },
{ "type": "Feature", "properties": { "名稱": "奧斯卡休閒館", "地址": "10491台灣台北市中山區民權東路二段130號", "img_url": "https://x.com/iformosa_com/status/1926345184100413563", "img_url2": null, "img_url3": null, "img_url4": null, "img_url5": null, "服務": "養生會館", "original_row_id": 1985, "latitude": 25.06230699, "longitude": 121.532828, "url": "https://www.google.com/maps/@?api=1&map_action=pano&viewpoint=25.062306991342,121.532827998294&heading=207&pitch=10&fov=62" }, "geometry": { "type": "Point", "coordinates": [ 121.532828, 25.06230699 ] } },
{ "type": "Feature", "properties": { "名稱": "真愛美容休閒中心", "地址": "830台灣高雄市鳳山區鳳頂路90號", "img_url": "https://x.com/iformosa_com/status/1973013800011071556", "img_url2": null, "img_url3": null, "img_url4": null, "img_url5": null, "服務": "養生會館", "original_row_id": 1995, "latitude": 22.58686402, "longitude": 120.358957, "url": "https://www.google.com/maps/@?api=1&map_action=pano&viewpoint=22.586864020017,120.358956959266&heading=207&pitch=10&fov=62" }, "geometry": { "type": "Point", "coordinates": [ 120.358957, 22.58686402 ] } },
{ "type": "Feature", "properties": { "名稱": "甜心精油SPA養生館", "地址": "807台灣高雄市三民區九如二路210號", "img_url": "https://twitter.com/iformosa_com/status/1698631184224555189", "img_url2": "https://twitter.com/iformosa_com/status/1698631263916314977", "img_url3": "https://twitter.com/iformosa_com/status/1484480721259433985", "img_url4": null, "img_url5": null, "服務": "養生會館", "original_row_id": 1999, "latitude": 22.64111601, "longitude": 120.306866, "url": "https://www.google.com/maps/@?api=1&map_action=pano&viewpoint=22.641116014049,120.30686602942&heading=207&pitch=10&fov=62" }, "geometry": { "type": "Point", "coordinates": [ 120.306866, 22.64111601 ] } },
{ "type": "Feature", "properties": { "名稱": "甜甜越式養生館", "地址": "900台灣屏東縣屏東市自由路794號", "img_url": "https://twitter.com/iformosa_com/status/1600688808760344578", "img_url2": null, "img_url3": null, "img_url4": null, "img_url5": null, "服務": "養生會館", "original_row_id": 2010, "latitude": 22.68108298, "longitude": 120.477719, "url": "https://www.google.com/maps/@?api=1&map_action=pano&viewpoint=22.681082981956,120.477718971892&heading=207&pitch=10&fov=62" }, "geometry": { "type": "Point", "coordinates": [ 120.477719, 22.68108298 ] } },
{ "type": "Feature", "properties": { "名稱": "水蜜桃SPA會館", "地址": "900台灣屏東縣屏東市建國路219-5號", "img_url": "https://twitter.com/iformosa_com/status/1481858994205761543", "img_url2": "https://twitter.com/iformosa_com/status/1481883599481995266", "img_url3": "https://twitter.com/iformosa_com/status/1481883712828866563", "img_url4": "https://twitter.com/iformosa_com/status/1481883668092436480", "img_url5": null, "服務": "養生會館", "original_row_id": 2011, "latitude": 22.66062799, "longitude": 120.469582, "url": "https://www.google.com/maps/@?api=1&map_action=pano&viewpoint=22.660627994994,120.469581987927&heading=207&pitch=10&fov=62" }, "geometry": { "type": "Point", "coordinates": [ 120.469582, 22.66062799 ] } },
{ "type": "Feature", "properties": { "名稱": "龍讚舒壓館", "地址": "600台灣嘉義市東區博東路109號", "img_url": "https://twitter.com/iformosa_com/status/1488172199580438529", "img_url2": "https://twitter.com/iformosa_com/status/1488172297739730944", "img_url3": null, "img_url4": null, "img_url5": null, "服務": "養生會館", "original_row_id": 2014, "latitude": 23.49051, "longitude": 120.46141, "url": "https://www.google.com/maps/@?api=1&map_action=pano&viewpoint=23.490510002473,120.461409967608&heading=207&pitch=10&fov=62" }, "geometry": { "type": "Point", "coordinates": [ 120.46141, 23.49051 ] } },
{ "type": "Feature", "properties": { "名稱": "欣越亮SPA養生館", "地址": "928台灣屏東縣東港鎮船頭路25-260號", "img_url": "https://x.com/iformosa_com/status/1972338885385658609", "img_url2": "https://x.com/iformosa_com/status/1834576707074109659", "img_url3": null, "img_url4": null, "img_url5": null, "服務": "養生會館", "original_row_id": 2019, "latitude": 22.46204202, "longitude": 120.465701, "url": "https://www.google.com/maps/@?api=1&map_action=pano&viewpoint=22.462042017124,120.465700999119&heading=207&pitch=10&fov=62" }, "geometry": { "type": "Point", "coordinates": [ 120.465701, 22.46204202 ] } },
{ "type": "Feature", "properties": { "名稱": "好漂亮養生館(舊越媚)", "地址": "928台灣屏東縣東港鎮船頭路25-216號", "img_url": "https://x.com/iformosa_com/status/1972572316623380581", "img_url2": "https://x.com/iformosa_com/status/1832987160947126343", "img_url3": null, "img_url4": null, "img_url5": null, "服務": "養生會館", "original_row_id": 2021, "latitude": 22.46279601, "longitude": 120.462966, "url": "https://www.google.com/maps/@?api=1&map_action=pano&viewpoint=22.462796011224,120.462965984113&heading=207&pitch=10&fov=62" }, "geometry": { "type": "Point", "coordinates": [ 120.462966, 22.46279601 ] } },
{ "type": "Feature", "properties": { "名稱": "京殿泰式養生會館", "地址": "912台灣屏東縣內埔鄉豐田村中正路356號", "img_url": "https://twitter.com/iformosa_com/status/1405453337240084483", "img_url2": null, "img_url3": null, "img_url4": null, "img_url5": null, "服務": "養生會館", "original_row_id": 2028, "latitude": 22.63247201, "longitude": 120.543339, "url": "https://www.google.com/maps/@?api=1&map_action=pano&viewpoint=22.632472008761,120.543338964015&heading=207&pitch=10&fov=62" }, "geometry": { "type": "Point", "coordinates": [ 120.543339, 22.63247201 ] } },
{ "type": "Feature", "properties": { "名稱": "南林芳療館", "地址": "813台灣高雄市左營區華夏路1517號", "img_url": "https://twitter.com/iformosa_com/status/1671822523233878019", "img_url2": "https://twitter.com/iformosa_com/status/1671822572676317186", "img_url3": "https://twitter.com/iformosa_com/status/1671822626443124739", "img_url4": "https://twitter.com/iformosa_com/status/1671822701651169280", "img_url5": null, "服務": "美容芳療", "original_row_id": 2041, "latitude": 22.68837398, "longitude": 120.314608, "url": "https://www.google.com/maps/@?api=1&map_action=pano&viewpoint=22.688373980433,120.314607974288&heading=207&pitch=10&fov=62" }, "geometry": { "type": "Point", "coordinates": [ 120.314608, 22.68837398 ] } },
{ "type": "Feature", "properties": { "名稱": "浪漫峇里健康館", "地址": "105台灣台北市松山區八德路二段369號", "img_url": "https://twitter.com/iformosa_com/status/1482613056551415809", "img_url2": null, "img_url3": null, "img_url4": null, "img_url5": null, "服務": "美容芳療 及 養生會館", "original_row_id": 2051, "latitude": 25.04792201, "longitude": 121.544816, "url": "https://www.google.com/maps/@?api=1&map_action=pano&viewpoint=25.047922011021,121.544815963854&heading=207&pitch=10&fov=62" }, "geometry": { "type": "Point", "coordinates": [ 121.544816, 25.04792201 ] } },
{ "type": "Feature", "properties": { "名稱": "雅雁養生館(舊海雁)", "地址": "807台灣高雄市三民區建國一路505號", "img_url": "https://twitter.com/iformosa_com/status/1711278011058921552", "img_url2": "https://twitter.com/iformosa_com/status/1711278069510766917", "img_url3": "https://twitter.com/iformosa_com/status/1711278162058137933", "img_url4": "https://twitter.com/iformosa_com/status/1711278210636476527", "img_url5": "https://twitter.com/iformosa_com/status/1711278264034177265", "服務": "養生會館", "original_row_id": 2057, "latitude": 22.63602501, "longitude": 120.315125, "url": "https://www.google.com/maps/@?api=1&map_action=pano&viewpoint=22.636025013698,120.315124970076&heading=207&pitch=10&fov=62" }, "geometry": { "type": "Point", "coordinates": [ 120.315125, 22.63602501 ] } },
{ "type": "Feature", "properties": { "名稱": "采妃養生館(舊可欣)", "地址": "704台灣台南市北區西門路四段451號", "img_url": null, "img_url2": "https://x.com/iformosa_com/status/1855957499805118633", "img_url3": "https://x.com/iformosa_com/status/1853363423700189640", "img_url4": null, "img_url5": null, "服務": "養生會館", "original_row_id": 2061, "latitude": 23.017815, "longitude": 120.211773, "url": "https://www.google.com/maps/@?api=1&map_action=pano&viewpoint=23.017815003646,120.211773002619&heading=207&pitch=10&fov=62" }, "geometry": { "type": "Point", "coordinates": [ 120.211773, 23.017815 ] } },
{ "type": "Feature", "properties": { "名稱": "東方悅養生會館(舊晶悅)", "地址": "10491台灣台北市中山區民權東路二段128號", "img_url": "https://x.com/iformosa_com/status/1927614465446429038", "img_url2": null, "img_url3": null, "img_url4": null, "img_url5": null, "服務": "養生會館", "original_row_id": 2068, "latitude": 25.06230699, "longitude": 121.532784, "url": "https://www.google.com/maps/@?api=1&map_action=pano&viewpoint=25.062306991342,121.532783993302&heading=207&pitch=10&fov=62" }, "geometry": { "type": "Point", "coordinates": [ 121.532784, 25.06230699 ] } },
{ "type": "Feature", "properties": { "名稱": "虹媚SPA養生館(舊甜心)", "地址": "710台灣台南市永康區中華路500-1號", "img_url": "https://x.com/iformosa_com/status/1911004976974864590", "img_url2": "https://x.com/iformosa_com/status/1910589925944438784", "img_url3": "https://x.com/iformosa_com/status/1910590020605665443", "img_url4": null, "img_url5": null, "服務": "養生會館", "original_row_id": 2070, "latitude": 23.01184001, "longitude": 120.232, "url": "https://www.google.com/maps/@?api=1&map_action=pano&viewpoint=23.011840005876,120.231999959905&heading=207&pitch=10&fov=62" }, "geometry": { "type": "Point", "coordinates": [ 120.232, 23.01184001 ] } },
{ "type": "Feature", "properties": { "名稱": "日月鑫養生館(舊紅太陽)", "地址": "241台灣新北市三重區三和路二段22號", "img_url": "https://x.com/iformosa_com/status/1900723140155896196", "img_url2": null, "img_url3": null, "img_url4": null, "img_url5": null, "服務": "養生會館", "original_row_id": 2076, "latitude": 25.06744799, "longitude": 121.500349, "url": "https://www.google.com/maps/@?api=1&map_action=pano&viewpoint=25.067447989745,121.500348961679&heading=207&pitch=10&fov=62" }, "geometry": { "type": "Point", "coordinates": [ 121.500349, 25.06744799 ] } },
{ "type": "Feature", "properties": { "名稱": "金越舒壓會館", "地址": "10491台灣台北市中山區吉林路193號", "img_url": "https://twitter.com/iformosa_com/status/1747543217242026286", "img_url2": "https://twitter.com/iformosa_com/status/1747543283000291695", "img_url3": "https://twitter.com/iformosa_com/status/1747543333524873371", "img_url4": "https://twitter.com/iformosa_com/status/1747543386800939040", "img_url5": null, "服務": "養生會館", "original_row_id": 2082, "latitude": 25.05979799, "longitude": 121.53037, "url": "https://www.google.com/maps/@?api=1&map_action=pano&viewpoint=25.059797994355,121.530370005188&heading=207&pitch=10&fov=62" }, "geometry": { "type": "Point", "coordinates": [ 121.53037, 25.05979799 ] } },
{ "type": "Feature", "properties": { "名稱": "雲海舒壓會館(舊越海)", "地址": "103台灣台北市大同區延平北路二段207號", "img_url": "https://twitter.com/iformosa_com/status/1747301295973929084", "img_url2": "https://twitter.com/iformosa_com/status/1747301391113363859", "img_url3": "https://twitter.com/iformosa_com/status/1747301571321643172", "img_url4": "https://twitter.com/iformosa_com/status/1747301469009916059", "img_url5": "https://twitter.com/iformosa_com/status/1747301527453401584", "服務": "養生會館", "original_row_id": 2083, "latitude": 25.059619, "longitude": 121.51156, "url": "https://www.google.com/maps/@?api=1&map_action=pano&viewpoint=25.059618998812,121.511560008634&heading=207&pitch=10&fov=62" }, "geometry": { "type": "Point", "coordinates": [ 121.51156, 25.059619 ] } },
{ "type": "Feature", "properties": { "名稱": "晶瀅殿養生會館(皇晶宮KTV)", "地址": "435台灣台中市梧棲區八德路99號", "img_url": "https://twitter.com/iformosa_com/status/1763489859744997531", "img_url2": "https://twitter.com/iformosa_com/status/1763489960060162127", "img_url3": null, "img_url4": null, "img_url5": null, "服務": "養生會館", "original_row_id": 2086, "latitude": 24.262758, "longitude": 120.532268, "url": "https://www.google.com/maps/@?api=1&map_action=pano&viewpoint=24.262758001807,120.532267978663&heading=207&pitch=10&fov=62" }, "geometry": { "type": "Point", "coordinates": [ 120.532268, 24.262758 ] } },
{ "type": "Feature", "properties": { "名稱": "芸水閣養生坊", "地址": "320台灣桃園市中壢區新生路132號2F", "img_url": "https://twitter.com/iformosa_com/status/1402898293357629442", "img_url2": "https://twitter.com/iformosa_com/status/1402898238160523267", "img_url3": "https://twitter.com/iformosa_com/status/1402898110066556933", "img_url4": "https://twitter.com/iformosa_com/status/1402898029401706497", "img_url5": "https://twitter.com/iformosa_com/status/1471866481181093888", "服務": "養生會館", "original_row_id": 2099, "latitude": 24.96022178, "longitude": 121.2230537, "url": "https://www.google.com/maps/@?api=1&map_action=pano&viewpoint=24.960221780911,121.223053727868&heading=207&pitch=10&fov=62" }, "geometry": { "type": "Point", "coordinates": [ 121.2230537, 24.96022178 ] } },
{ "type": "Feature", "properties": { "名稱": "依依SPA養生會館(舊珊婕)", "地址": "900台灣屏東縣屏東市大豐路22號", "img_url": "https://x.com/iformosa_com/status/1962778807397687518", "img_url2": "https://x.com/iformosa_com/status/1962775654077977042", "img_url3": "https://x.com/iformosa_com/status/1962775732813471848", "img_url4": "https://x.com/iformosa_com/status/1962775796503969854", "img_url5": "https://x.com/iformosa_com/status/1887808620022448182", "服務": "養生會館", "original_row_id": 2106, "latitude": 22.665576, "longitude": 120.472392, "url": "https://www.google.com/maps/@?api=1&map_action=pano&viewpoint=22.665576000077,120.472392020967&heading=207&pitch=10&fov=62" }, "geometry": { "type": "Point", "coordinates": [ 120.472392, 22.665576 ] } },
{ "type": "Feature", "properties": { "名稱": "天美男女泰式按摩", "地址": "807台灣高雄市三民區民族一路768號", "img_url": "https://twitter.com/iformosa_com/status/1442365834895056903", "img_url2": "https://twitter.com/iformosa_com/status/1469689022671130625", "img_url3": null, "img_url4": null, "img_url5": null, "服務": "養生會館", "original_row_id": 2108, "latitude": 22.66524299, "longitude": 120.316725, "url": "https://www.google.com/maps/@?api=1&map_action=pano&viewpoint=22.665242987063,120.316724991573&heading=207&pitch=10&fov=62" }, "geometry": { "type": "Point", "coordinates": [ 120.316725, 22.66524299 ] } },
{ "type": "Feature", "properties": { "名稱": "同學會足底按摩養生館", "地址": "710台灣台南市永康區永大路二段261號", "img_url": "https://twitter.com/iformosa_com/status/1469317432754184199", "img_url2": null, "img_url3": null, "img_url4": null, "img_url5": null, "服務": "養生會館", "original_row_id": 2110, "latitude": 23.00898978, "longitude": 120.2620979, "url": "https://www.google.com/maps/@?api=1&map_action=pano&viewpoint=23.008989781611,120.262097865465&heading=207&pitch=10&fov=62" }, "geometry": { "type": "Point", "coordinates": [ 120.2620979, 23.00898978 ] } },
{ "type": "Feature", "properties": { "名稱": "芭比越式養生舒活館", "地址": "710台灣台南市永康區永大路二段263號", "img_url": "https://x.com/iformosa_com/status/1916763794031939930", "img_url2": null, "img_url3": null, "img_url4": null, "img_url5": null, "服務": "養生會館", "original_row_id": 2111, "latitude": 23.00902469, "longitude": 120.2621211, "url": "https://www.google.com/maps/@?api=1&map_action=pano&viewpoint=23.009024692238,120.262121083337&heading=207&pitch=10&fov=62" }, "geometry": { "type": "Point", "coordinates": [ 120.2621211, 23.00902469 ] } },
{ "type": "Feature", "properties": { "名稱": "皇后養生會館 – 大雅店", "地址": "428台灣台中市大雅區民生路四段268號", "img_url": "https://twitter.com/iformosa_com/status/1561554981420818433", "img_url2": "https://twitter.com/iformosa_com/status/1561555038471798785", "img_url3": null, "img_url4": null, "img_url5": null, "服務": "養生會館", "original_row_id": 2112, "latitude": 24.23909501, "longitude": 120.672409, "url": "https://www.google.com/maps/@?api=1&map_action=pano&viewpoint=24.239095009043,120.672409041166&heading=207&pitch=10&fov=62" }, "geometry": { "type": "Point", "coordinates": [ 120.672409, 24.23909501 ] } },
{ "type": "Feature", "properties": { "名稱": "金色年華時尚養生館", "地址": "108台灣台北市萬華區西昌街154號", "img_url": "https://twitter.com/iformosa_com/status/1468477004035268608", "img_url2": null, "img_url3": null, "img_url4": null, "img_url5": null, "服務": "養生會館", "original_row_id": 2114, "latitude": 25.03872799, "longitude": 121.500524, "url": "https://www.google.com/maps/@?api=1&map_action=pano&viewpoint=25.038727985247,121.500523975818&heading=207&pitch=10&fov=62" }, "geometry": { "type": "Point", "coordinates": [ 121.500524, 25.03872799 ] } },
{ "type": "Feature", "properties": { "名稱": "金三/東京/瑪妮SPA會館", "地址": "704台灣台南市北區大興街358號1樓", "img_url": "https://x.com/iformosa_com/status/1901145552630542562", "img_url2": null, "img_url3": null, "img_url4": null, "img_url5": null, "服務": "養生會館", "original_row_id": 2118, "latitude": 23.00961499, "longitude": 120.183826, "url": "https://www.google.com/maps/@?api=1&map_action=pano&viewpoint=23.009614987769,120.183825977232&heading=207&pitch=10&fov=62" }, "geometry": { "type": "Point", "coordinates": [ 120.183826, 23.00961499 ] } },
{ "type": "Feature", "properties": { "名稱": "歌媞SPA會館", "地址": "302台灣新竹縣竹北市興隆路五段73號", "img_url": "https://twitter.com/iformosa_com/status/1749360860521488454", "img_url2": "https://twitter.com/iformosa_com/status/1749360919367561257", "img_url3": "https://twitter.com/iformosa_com/status/1749360967799263598", "img_url4": null, "img_url5": null, "服務": "養生會館", "original_row_id": 2126, "latitude": 24.80255998, "longitude": 121.03284, "url": "https://www.google.com/maps/@?api=1&map_action=pano&viewpoint=24.80255998429,121.032840013985&heading=207&pitch=10&fov=62" }, "geometry": { "type": "Point", "coordinates": [ 121.03284, 24.80255998 ] } },
{ "type": "Feature", "properties": { "名稱": "真情健康養生會館", "地址": "338台灣桃園市蘆竹區南山路一段89-1號", "img_url": "https://twitter.com/iformosa_com/status/1437701844134809604", "img_url2": "https://twitter.com/iformosa_com/status/1464962011075268617", "img_url3": "https://twitter.com/iformosa_com/status/1464962087726182411", "img_url4": null, "img_url5": null, "服務": "養生會館", "original_row_id": 2127, "latitude": 25.052673, "longitude": 121.291552, "url": "https://www.google.com/maps/@?api=1&map_action=pano&viewpoint=25.05267299947,121.291551981723&heading=207&pitch=10&fov=62" }, "geometry": { "type": "Point", "coordinates": [ 121.291552, 25.052673 ] } },
{ "type": "Feature", "properties": { "名稱": "沐雨SPA舒活館", "地址": "801台灣高雄市前金區長生街23號", "img_url": "https://twitter.com/iformosa_com/status/1464871788060442625", "img_url2": null, "img_url3": null, "img_url4": null, "img_url5": null, "服務": "美容芳療", "original_row_id": 2128, "latitude": 22.62226398, "longitude": 120.296065, "url": "https://www.google.com/maps/@?api=1&map_action=pano&viewpoint=22.62226398225,120.296065025169&heading=207&pitch=10&fov=62" }, "geometry": { "type": "Point", "coordinates": [ 120.296065, 22.62226398 ] } },
{ "type": "Feature", "properties": { "名稱": "越靚足體養生館", "地址": "103台灣台北市大同區重慶北路二段175號", "img_url": "https://twitter.com/iformosa_com/status/1463711720153640961", "img_url2": "https://twitter.com/iformosa_com/status/1463711786276773889", "img_url3": null, "img_url4": null, "img_url5": null, "服務": "養生會館", "original_row_id": 2132, "latitude": 25.05942198, "longitude": 121.513793, "url": "https://www.google.com/maps/@?api=1&map_action=pano&viewpoint=25.059421982178,121.513793031459&heading=207&pitch=10&fov=62" }, "geometry": { "type": "Point", "coordinates": [ 121.513793, 25.05942198 ] } },
{ "type": "Feature", "properties": { "名稱": "楓悅養生館", "地址": "244台灣新北市林口區中山路58號", "img_url": "https://x.com/iformosa_com/status/1892441594822799643", "img_url2": null, "img_url3": null, "img_url4": null, "img_url5": null, "服務": "養生會館", "original_row_id": 2145, "latitude": 25.07859802, "longitude": 121.394718, "url": "https://www.google.com/maps/@?api=1&map_action=pano&viewpoint=25.078598016444,121.394718038568&heading=207&pitch=10&fov=62" }, "geometry": { "type": "Point", "coordinates": [ 121.394718, 25.07859802 ] } },
{ "type": "Feature", "properties": { "名稱": "螢火蟲SPA美容會館", "地址": "807台灣高雄市三民區九如二路106號", "img_url": "https://twitter.com/iformosa_com/status/1440219381519163393", "img_url2": "https://twitter.com/iformosa_com/status/1440219449303310343", "img_url3": "https://twitter.com/iformosa_com/status/1440219513409052673", "img_url4": null, "img_url5": null, "服務": "養生會館", "original_row_id": 2163, "latitude": 22.64085701, "longitude": 120.310572, "url": "https://www.google.com/maps/@?api=1&map_action=pano&viewpoint=22.640857013241,120.31057200409&heading=207&pitch=10&fov=62" }, "geometry": { "type": "Point", "coordinates": [ 120.310572, 22.64085701 ] } },
{ "type": "Feature", "properties": { "名稱": "寶?時尚會館", "地址": "324台灣桃園市平鎮區民族路二段257號", "img_url": "https://twitter.com/iformosa_com/status/1750767724127719574", "img_url2": "https://twitter.com/iformosa_com/status/1750767805610516977", "img_url3": "https://twitter.com/iformosa_com/status/1750767961814802703", "img_url4": "https://twitter.com/iformosa_com/status/1750767853257752982", "img_url5": "https://twitter.com/iformosa_com/status/1750767912854659084", "服務": "養生會館", "original_row_id": 2164, "latitude": 24.95672892, "longitude": 121.2018503, "url": "https://www.google.com/maps/@?api=1&map_action=pano&viewpoint=24.956728916129,121.201850278863&heading=207&pitch=10&fov=62" }, "geometry": { "type": "Point", "coordinates": [ 121.2018503, 24.95672892 ] } },
{ "type": "Feature", "properties": { "名稱": "艾妮養生舒活館", "地址": "709台灣台南市安南區安中路一段563號", "img_url": "https://twitter.com/iformosa_com/status/1478657155725410314", "img_url2": "https://twitter.com/iformosa_com/status/1548222079803092992", "img_url3": null, "img_url4": null, "img_url5": null, "服務": "養生會館", "original_row_id": 2176, "latitude": 23.04053839, "longitude": 120.1994543, "url": "https://www.google.com/maps/@?api=1&map_action=pano&viewpoint=23.040538385064,120.19945428716&heading=207&pitch=10&fov=62" }, "geometry": { "type": "Point", "coordinates": [ 120.1994543, 23.04053839 ] } },
{ "type": "Feature", "properties": { "名稱": "金璽尊爵會館(舊金鳳凰)", "地址": "435台灣台中市梧棲區大智路二段176號", "img_url": "https://twitter.com/iformosa_com/status/1548903624188645376", "img_url2": "https://twitter.com/iformosa_com/status/1548903683009626112", "img_url3": null, "img_url4": null, "img_url5": null, "服務": "養生會館", "original_row_id": 2178, "latitude": 24.25833361, "longitude": 120.5385628, "url": "https://www.google.com/maps/@?api=1&map_action=pano&viewpoint=24.258333614216,120.538562787948&heading=207&pitch=10&fov=62" }, "geometry": { "type": "Point", "coordinates": [ 120.5385628, 24.25833361 ] } },
{ "type": "Feature", "properties": { "名稱": "凱心養生館", "地址": "802台灣高雄市苓雅區建國一路151號", "img_url": "https://twitter.com/iformosa_com/status/1457246141356019712", "img_url2": "https://twitter.com/iformosa_com/status/1457246221131649031", "img_url3": null, "img_url4": null, "img_url5": null, "服務": "養生會館", "original_row_id": 2183, "latitude": 22.63256299, "longitude": 120.329341, "url": "https://www.google.com/maps/@?api=1&map_action=pano&viewpoint=22.63256299432,120.329341013138&heading=207&pitch=10&fov=62" }, "geometry": { "type": "Point", "coordinates": [ 120.329341, 22.63256299 ] } },
{ "type": "Feature", "properties": { "名稱": "紅悅養生館(舊未來泰式)", "地址": "802台灣高雄市苓雅區正義路94號", "img_url": "https://x.com/iformosa_com/status/1824357688643555415", "img_url2": "https://x.com/iformosa_com/status/1824357777395081556", "img_url3": null, "img_url4": null, "img_url5": null, "服務": "養生會館", "original_row_id": 2187, "latitude": 22.63010701, "longitude": 120.338771, "url": "https://www.google.com/maps/@?api=1&map_action=pano&viewpoint=22.630107012871,120.338770989486&heading=207&pitch=10&fov=62" }, "geometry": { "type": "Point", "coordinates": [ 120.338771, 22.63010701 ] } },
{ "type": "Feature", "properties": { "名稱": "雅淇美容生活館", "地址": "710台灣台南市永康區大灣路798巷21號", "img_url": "https://twitter.com/iformosa_com/status/1498587992562466817", "img_url2": "https://twitter.com/iformosa_com/status/1498588053400858626", "img_url3": "https://twitter.com/iformosa_com/status/1498588103359213569", "img_url4": "https://twitter.com/iformosa_com/status/1498588161999781891", "img_url5": null, "服務": "養生會館", "original_row_id": 2189, "latitude": 23.001003, "longitude": 120.258727, "url": "https://www.google.com/maps/@?api=1&map_action=pano&viewpoint=23.001003001351,120.258726999284&heading=207&pitch=10&fov=62" }, "geometry": { "type": "Point", "coordinates": [ 120.258727, 23.001003 ] } },
{ "type": "Feature", "properties": { "名稱": "蘭泰泰式養生館 Lan Thai Thai Massage", "地址": "110台灣台北市信義區光復南路551號", "img_url": "https://twitter.com/iformosa_com/status/1455779910195113989", "img_url2": null, "img_url3": null, "img_url4": null, "img_url5": null, "服務": "養生會館", "original_row_id": 2191, "latitude": 25.03136499, "longitude": 121.557681, "url": "https://www.google.com/maps/@?api=1&map_action=pano&viewpoint=25.031364986222,121.557681011761&heading=207&pitch=10&fov=62" }, "geometry": { "type": "Point", "coordinates": [ 121.557681, 25.03136499 ] } },
{ "type": "Feature", "properties": { "名稱": "清香養生館", "地址": "812台灣高雄市小港區沿海一路349號", "img_url": "https://x.com/iformosa_com/status/1808074050343952623", "img_url2": "https://x.com/iformosa_com/status/1808074129587032563", "img_url3": "https://x.com/iformosa_com/status/1808074178119315871", "img_url4": "https://twitter.com/iformosa_com/status/1412657892101005315", "img_url5": null, "服務": "養生會館", "original_row_id": 2197, "latitude": 22.564211, "longitude": 120.354709, "url": "https://www.google.com/maps/@?api=1&map_action=pano&viewpoint=22.564211004676,120.354709010736&heading=207&pitch=10&fov=62" }, "geometry": { "type": "Point", "coordinates": [ 120.354709, 22.564211 ] } },
{ "type": "Feature", "properties": { "名稱": "朵拉泰式SPA養生館 - 鳳頂店", "地址": "830台灣高雄市鳳山區鳳頂路406號", "img_url": "https://twitter.com/iformosa_com/status/1453797125569974273", "img_url2": "https://twitter.com/iformosa_com/status/1453797197263212568", "img_url3": "https://twitter.com/iformosa_com/status/1453797278259417114", "img_url4": null, "img_url5": null, "服務": "養生會館", "original_row_id": 2201, "latitude": 22.59368601, "longitude": 120.359223, "url": "https://www.google.com/maps/@?api=1&map_action=pano&viewpoint=22.593686009102,120.359223000873&heading=207&pitch=10&fov=62" }, "geometry": { "type": "Point", "coordinates": [ 120.359223, 22.59368601 ] } },
{ "type": "Feature", "properties": { "名稱": "朵拉泰式SPA養生館 - 九如店", "地址": "807台灣高雄市三民區九如二路70號", "img_url": "https://twitter.com/iformosa_com/status/1453790322190741505", "img_url2": "https://twitter.com/iformosa_com/status/1453790385277333505", "img_url3": "https://twitter.com/iformosa_com/status/1453790454185529374", "img_url4": "https://twitter.com/iformosa_com/status/1453790526117871616", "img_url5": null, "服務": "養生會館", "original_row_id": 2202, "latitude": 22.64076599, "longitude": 120.311601, "url": "https://www.google.com/maps/@?api=1&map_action=pano&viewpoint=22.640765985772,120.311600966524&heading=207&pitch=10&fov=62" }, "geometry": { "type": "Point", "coordinates": [ 120.311601, 22.64076599 ] } },
{ "type": "Feature", "properties": { "名稱": "朵拉泰式SPA養生館 - 建國店", "地址": "807台灣高雄市三民區建國一路551號", "img_url": "https://twitter.com/iformosa_com/status/1453757396677844992", "img_url2": "https://twitter.com/iformosa_com/status/1453757475514040320", "img_url3": "https://twitter.com/iformosa_com/status/1453757524469899267", "img_url4": null, "img_url5": null, "服務": "養生會館", "original_row_id": 2203, "latitude": 22.63648501, "longitude": 120.314406, "url": "https://www.google.com/maps/@?api=1&map_action=pano&viewpoint=22.636485012545,120.314405970422&heading=207&pitch=10&fov=62" }, "geometry": { "type": "Point", "coordinates": [ 120.314406, 22.63648501 ] } },
{ "type": "Feature", "properties": { "名稱": "水晶金中式男女美容會館", "地址": "236台灣新北市土城區延和路238號", "img_url": "https://twitter.com/iformosa_com/status/1453621238165692418", "img_url2": "https://twitter.com/iformosa_com/status/1453621344629772292", "img_url3": "https://twitter.com/iformosa_com/status/1453621395091378177", "img_url4": null, "img_url5": null, "服務": "養生會館", "original_row_id": 2205, "latitude": 24.98993299, "longitude": 121.469549, "url": "https://www.google.com/maps/@?api=1&map_action=pano&viewpoint=24.989932987369,121.469548987909&heading=207&pitch=10&fov=62" }, "geometry": { "type": "Point", "coordinates": [ 121.469549, 24.98993299 ] } },
{ "type": "Feature", "properties": { "名稱": "金泰豐泰式養生會館", "地址": "234台灣新北市永和區中正路556號", "img_url": "https://twitter.com/iformosa_com/status/1453216402081419265", "img_url2": null, "img_url3": null, "img_url4": null, "img_url5": null, "服務": "養生會館", "original_row_id": 2207, "latitude": 25.00574201, "longitude": 121.517237, "url": "https://www.google.com/maps/@?api=1&map_action=pano&viewpoint=25.005742011129,121.517236987835&heading=207&pitch=10&fov=62" }, "geometry": { "type": "Point", "coordinates": [ 121.517237, 25.00574201 ] } },
{ "type": "Feature", "properties": { "名稱": "越越美SPA養生館", "地址": "802台灣高雄市苓雅區大順三路174號", "img_url": "https://twitter.com/iformosa_com/status/1422850841577357313", "img_url2": "https://twitter.com/iformosa_com/status/1422850795926560774", "img_url3": "https://twitter.com/iformosa_com/status/1422850736124137472", "img_url4": null, "img_url5": null, "服務": "養生會館", "original_row_id": 2221, "latitude": 22.63322998, "longitude": 120.326042, "url": "https://www.google.com/maps/@?api=1&map_action=pano&viewpoint=22.633229984265,120.326041979867&heading=207&pitch=10&fov=62" }, "geometry": { "type": "Point", "coordinates": [ 120.326042, 22.63322998 ] } },
{ "type": "Feature", "properties": { "名稱": "薇閣SPA養生會館", "地址": "928台灣屏東縣東港鎮興東路96-5號", "img_url": "https://twitter.com/iformosa_com/status/1657623429598814209", "img_url2": "https://twitter.com/iformosa_com/status/1657623521990959104", "img_url3": "https://twitter.com/iformosa_com/status/1657623571567632384", "img_url4": "https://twitter.com/iformosa_com/status/1491717001253122048", "img_url5": "https://twitter.com/iformosa_com/status/1440040999959416844", "服務": "養生會館", "original_row_id": 2241, "latitude": 22.47719121, "longitude": 120.4626524, "url": "https://www.google.com/maps/@?api=1&map_action=pano&viewpoint=22.477191213405,120.462652390602&heading=207&pitch=10&fov=62" }, "geometry": { "type": "Point", "coordinates": [ 120.4626524, 22.47719121 ] } },
{ "type": "Feature", "properties": { "名稱": "天天養生館", "地址": "700台灣台南市中西區西門路一段478號", "img_url": "https://twitter.com/iformosa_com/status/1447579143290294279", "img_url2": null, "img_url3": null, "img_url4": null, "img_url5": null, "服務": "養生會館", "original_row_id": 2244, "latitude": 22.98344488, "longitude": 120.1977673, "url": "https://www.google.com/maps/@?api=1&map_action=pano&viewpoint=22.983444883946,120.197767261508&heading=207&pitch=10&fov=62" }, "geometry": { "type": "Point", "coordinates": [ 120.1977673, 22.98344488 ] } },
{ "type": "Feature", "properties": { "名稱": "十八男女養生會館-板橋忠孝店", "地址": "220台灣新北市板橋區忠孝路265號", "img_url": "https://x.com/iformosa_com/status/1938487676975649251", "img_url2": "https://x.com/iformosa_com/status/1938268429104123959", "img_url3": null, "img_url4": null, "img_url5": null, "服務": "養生會館", "original_row_id": 2251, "latitude": 25.00305201, "longitude": 121.466922, "url": "https://www.google.com/maps/@?api=1&map_action=pano&viewpoint=25.003052006943,121.466922015635&heading=207&pitch=10&fov=62" }, "geometry": { "type": "Point", "coordinates": [ 121.466922, 25.00305201 ] } },
{ "type": "Feature", "properties": { "名稱": "十八男女養生會館-桃園春日店", "地址": "330台灣桃園市桃園區春日路1021號1樓", "img_url": "https://twitter.com/iformosa_com/status/1448214930046390276", "img_url2": "https://twitter.com/iformosa_com/status/1448214997251747842", "img_url3": null, "img_url4": null, "img_url5": null, "服務": "養生會館", "original_row_id": 2252, "latitude": 25.01155398, "longitude": 121.309924, "url": "https://www.google.com/maps/@?api=1&map_action=pano&viewpoint=25.011553980881,121.309924023836&heading=207&pitch=10&fov=62" }, "geometry": { "type": "Point", "coordinates": [ 121.309924, 25.01155398 ] } },
{ "type": "Feature", "properties": { "名稱": "十八男女養生會館-台北西門店", "地址": "108台灣台北市萬華區昆明街191號", "img_url": "https://x.com/iformosa_com/status/1938255577886691741", "img_url2": "https://x.com/iformosa_com/status/1938177298685173828", "img_url3": "https://x.com/iformosa_com/status/1938177352229584941", "img_url4": "https://x.com/iformosa_com/status/1938177398635434420", "img_url5": "https://x.com/iformosa_com/status/1938177490448749039", "服務": "養生會館", "original_row_id": 2253, "latitude": 25.03926401, "longitude": 121.504216, "url": "https://www.google.com/maps/@?api=1&map_action=pano&viewpoint=25.039264007955,121.504216036528&heading=207&pitch=10&fov=62" }, "geometry": { "type": "Point", "coordinates": [ 121.504216, 25.03926401 ] } },
{ "type": "Feature", "properties": { "名稱": "十八男女養生會館-板橋民生店", "地址": "220台灣新北市板橋區民生路二段210號", "img_url": "https://x.com/iformosa_com/status/1941066818300608907", "img_url2": "https://x.com/iformosa_com/status/1938199105916002626", "img_url3": "https://x.com/iformosa_com/status/1938199153265533119", "img_url4": "https://x.com/iformosa_com/status/1938199194973704578", "img_url5": null, "服務": "美容芳療 及 養生會館", "original_row_id": 2254, "latitude": 25.02120253, "longitude": 121.4695285, "url": "https://www.google.com/maps/@?api=1&map_action=pano&viewpoint=25.02120252817,121.46952846312&heading=207&pitch=10&fov=62" }, "geometry": { "type": "Point", "coordinates": [ 121.4695285, 25.02120253 ] } },
{ "type": "Feature", "properties": { "名稱": "七公主SPA養生館", "地址": "500台灣彰化縣彰化市中華西路374號", "img_url": null, "img_url2": "https://x.com/iformosa_com/status/1863053728577917434", "img_url3": null, "img_url4": null, "img_url5": null, "服務": "養生會館", "original_row_id": 2272, "latitude": 24.069841, "longitude": 120.527317, "url": "https://www.google.com/maps/@?api=1&map_action=pano&viewpoint=24.069840998421,120.527317039914&heading=207&pitch=10&fov=62" }, "geometry": { "type": "Point", "coordinates": [ 120.527317, 24.069841 ] } },
{ "type": "Feature", "properties": { "名稱": "寶貝越式養生會館", "地址": "334台灣桃園市八德區介壽路二段954號", "img_url": null, "img_url2": "https://x.com/iformosa_com/status/1850479538331144606", "img_url3": "https://x.com/iformosa_com/status/1849691163131064399", "img_url4": "https://x.com/iformosa_com/status/1849691231896670411", "img_url5": null, "服務": "養生會館", "original_row_id": 2277, "latitude": 24.93470299, "longitude": 121.297129, "url": "https://www.google.com/maps/@?api=1&map_action=pano&viewpoint=24.934702992875,121.29712896482&heading=207&pitch=10&fov=62" }, "geometry": { "type": "Point", "coordinates": [ 121.297129, 24.93470299 ] } },
{ "type": "Feature", "properties": { "名稱": "泰美泰式按摩養生坊", "地址": "640台灣雲林縣斗六市成功路381號", "img_url": null, "img_url2": "https://x.com/iformosa_com/status/1842137667003371755", "img_url3": null, "img_url4": null, "img_url5": null, "服務": "養生會館", "original_row_id": 2284, "latitude": 23.70611598, "longitude": 120.550107, "url": "https://www.google.com/maps/@?api=1&map_action=pano&viewpoint=23.706115979564,120.550107015553&heading=207&pitch=10&fov=62" }, "geometry": { "type": "Point", "coordinates": [ 120.550107, 23.70611598 ] } },
{ "type": "Feature", "properties": { "名稱": "邑甄泰式按摩(舊筱薇SPA)", "地址": "613台灣嘉義縣朴子市山通路3-3號", "img_url": "https://x.com/iformosa_com/status/1926127707118526909", "img_url2": null, "img_url3": null, "img_url4": null, "img_url5": null, "服務": "養生會館", "original_row_id": 2290, "latitude": 23.46666722, "longitude": 120.2505974, "url": "https://www.google.com/maps/@?api=1&map_action=pano&viewpoint=23.466667217885,120.250597391394&heading=207&pitch=10&fov=62" }, "geometry": { "type": "Point", "coordinates": [ 120.2505974, 23.46666722 ] } },
{ "type": "Feature", "properties": { "名稱": "東方紅養生館", "地址": "613台灣嘉義縣朴子市山通路3-1號", "img_url": "https://x.com/iformosa_com/status/1922141058823033228", "img_url2": null, "img_url3": null, "img_url4": null, "img_url5": null, "服務": "養生會館", "original_row_id": 2291, "latitude": 23.4666562, "longitude": 120.2506725, "url": "https://www.google.com/maps/@?api=1&map_action=pano&viewpoint=23.466656195683,120.250672493247&heading=207&pitch=10&fov=62" }, "geometry": { "type": "Point", "coordinates": [ 120.2506725, 23.4666562 ] } },
{ "type": "Feature", "properties": { "名稱": "紫愛美SPA養生館(舊愛美/美香)", "地址": "621台灣嘉義縣民雄鄉建國路二段100-4號", "img_url": "https://x.com/iformosa_com/status/1957433204870443387", "img_url2": null, "img_url3": null, "img_url4": null, "img_url5": null, "服務": "養生會館", "original_row_id": 2293, "latitude": 23.53448318, "longitude": 120.4368216, "url": "https://www.google.com/maps/@?api=1&map_action=pano&viewpoint=23.534483184821,120.436821570823&heading=207&pitch=10&fov=62" }, "geometry": { "type": "Point", "coordinates": [ 120.4368216, 23.53448318 ] } },
{ "type": "Feature", "properties": { "名稱": "越美綠養生館", "地址": "621台灣嘉義縣民雄鄉建國路三段214號", "img_url": "https://x.com/iformosa_com/status/1921207997008670810", "img_url2": null, "img_url3": null, "img_url4": null, "img_url5": null, "服務": "養生會館", "original_row_id": 2296, "latitude": 23.525557, "longitude": 120.439261, "url": "https://www.google.com/maps/@?api=1&map_action=pano&viewpoint=23.525557002763,120.439261039924&heading=207&pitch=10&fov=62" }, "geometry": { "type": "Point", "coordinates": [ 120.439261, 23.525557 ] } },
{ "type": "Feature", "properties": { "名稱": "越美麗養生館(舊越姊妹)", "地址": "600台灣嘉義縣民雄鄉建國路三段25號", "img_url": "https://twitter.com/iformosa_com/status/1785150529993375879", "img_url2": "https://twitter.com/iformosa_com/status/1785150596854759865", "img_url3": null, "img_url4": null, "img_url5": null, "服務": "養生會館", "original_row_id": 2297, "latitude": 23.52190601, "longitude": 120.439988, "url": "https://www.google.com/maps/@?api=1&map_action=pano&viewpoint=23.521906013378,120.439988002386&heading=207&pitch=10&fov=62" }, "geometry": { "type": "Point", "coordinates": [ 120.439988, 23.52190601 ] } },
{ "type": "Feature", "properties": { "名稱": "月香養生館", "地址": "613台灣嘉義縣朴子市文化南路235號", "img_url": "https://x.com/iformosa_com/status/1886680485604078047", "img_url2": null, "img_url3": null, "img_url4": null, "img_url5": null, "服務": "養生會館", "original_row_id": 2298, "latitude": 23.45797598, "longitude": 120.241202, "url": "https://www.google.com/maps/@?api=1&map_action=pano&viewpoint=23.457975980573,120.241202032306&heading=207&pitch=10&fov=62" }, "geometry": { "type": "Point", "coordinates": [ 120.241202, 23.45797598 ] } },
{ "type": "Feature", "properties": { "名稱": "金水灣養生館", "地址": "407台灣台中市西屯區西屯路三段104號", "img_url": "https://x.com/iformosa_com/status/1807020228267921606", "img_url2": "https://x.com/iformosa_com/status/1807020286837227854", "img_url3": null, "img_url4": null, "img_url5": null, "服務": "養生會館", "original_row_id": 2323, "latitude": 24.18464579, "longitude": 120.6265067, "url": "https://www.google.com/maps/@?api=1&map_action=pano&viewpoint=24.18464578883,120.626506721893&heading=207&pitch=10&fov=62" }, "geometry": { "type": "Point", "coordinates": [ 120.6265067, 24.18464579 ] } },
{ "type": "Feature", "properties": { "名稱": "雲漾舒壓生活館", "地址": "702台灣台南市南區金華路二段30號2樓", "img_url": null, "img_url2": "https://x.com/iformosa_com/status/1845684315017052217", "img_url3": null, "img_url4": null, "img_url5": null, "服務": "養生會館", "original_row_id": 2324, "latitude": 22.98290069, "longitude": 120.1917791, "url": "https://www.google.com/maps/@?api=1&map_action=pano&viewpoint=22.982900688882,120.191779062241&heading=207&pitch=10&fov=62" }, "geometry": { "type": "Point", "coordinates": [ 120.1917791, 22.98290069 ] } },
{ "type": "Feature", "properties": { "名稱": "泰皇殿泰式養生館", "地址": "500台灣彰化縣和美鎮金馬路二段386號", "img_url": null, "img_url2": "https://x.com/iformosa_com/status/1850433623859872132", "img_url3": null, "img_url4": null, "img_url5": null, "服務": "養生會館", "original_row_id": 2327, "latitude": 24.09430257, "longitude": 120.541461, "url": "https://www.google.com/maps/@?api=1&map_action=pano&viewpoint=24.094302570693,120.541460990475&heading=207&pitch=10&fov=62" }, "geometry": { "type": "Point", "coordinates": [ 120.541461, 24.09430257 ] } },
{ "type": "Feature", "properties": { "名稱": "金典SPA養生會館", "地址": "820台灣高雄市岡山區仁壽路37號", "img_url": "https://twitter.com/iformosa_com/status/1422647408136122370", "img_url2": "https://twitter.com/iformosa_com/status/1422647344059666435", "img_url3": "https://twitter.com/iformosa_com/status/1422647252317736962", "img_url4": null, "img_url5": null, "服務": "養生會館", "original_row_id": 2336, "latitude": 22.79263601, "longitude": 120.289773, "url": "https://www.google.com/maps/@?api=1&map_action=pano&viewpoint=22.792636013028,120.289772981913&heading=207&pitch=10&fov=62" }, "geometry": { "type": "Point", "coordinates": [ 120.289773, 22.79263601 ] } },
{ "type": "Feature", "properties": { "名稱": "美雪個人工作坊", "地址": "804台灣高雄市鼓山區文信路354號", "img_url": "https://twitter.com/iformosa_com/status/1448864274508517377", "img_url2": null, "img_url3": null, "img_url4": null, "img_url5": null, "服務": "工作室", "original_row_id": 2337, "latitude": 22.66440601, "longitude": 120.295809, "url": "https://www.google.com/maps/@?api=1&map_action=pano&viewpoint=22.664406012122,120.295809041846&heading=207&pitch=10&fov=62" }, "geometry": { "type": "Point", "coordinates": [ 120.295809, 22.66440601 ] } },
{ "type": "Feature", "properties": { "名稱": "明明芳泰式養生館", "地址": "801台灣高雄市前金區七贀二路201號", "img_url": "https://twitter.com/iformosa_com/status/1499985875429515268", "img_url2": null, "img_url3": null, "img_url4": null, "img_url5": null, "服務": "養生會館", "original_row_id": 2348, "latitude": 22.6270795, "longitude": 120.2929591, "url": "https://www.google.com/maps/@?api=1&map_action=pano&viewpoint=22.6270795,120.2929591&heading=207&pitch=10&fov=62" }, "geometry": { "type": "Point", "coordinates": [ 120.2929591, 22.6270795 ] } },
{ "type": "Feature", "properties": { "名稱": "美麗人生泰式SPA養生館", "地址": "800台灣高雄市新興區七賢二路29號", "img_url": "https://twitter.com/iformosa_com/status/1483323618105110532", "img_url2": null, "img_url3": null, "img_url4": null, "img_url5": null, "服務": "養生會館", "original_row_id": 2349, "latitude": 22.63452398, "longitude": 120.300877, "url": "https://www.google.com/maps/@?api=1&map_action=pano&viewpoint=22.634523982478,120.300876991963&heading=207&pitch=10&fov=62" }, "geometry": { "type": "Point", "coordinates": [ 120.300877, 22.63452398 ] } },
{ "type": "Feature", "properties": { "名稱": "超群足體筋絡館", "地址": "807台灣高雄市三民區大豐二路340號", "img_url": "https://twitter.com/iformosa_com/status/1434078752342884352", "img_url2": "https://twitter.com/iformosa_com/status/1434078687175974919", "img_url3": null, "img_url4": null, "img_url5": null, "服務": "傳統按摩 及 養生會館", "original_row_id": 2357, "latitude": 22.64625802, "longitude": 120.334239, "url": "https://www.google.com/maps/@?api=1&map_action=pano&viewpoint=22.646258018281,120.334238978258&heading=207&pitch=10&fov=62" }, "geometry": { "type": "Point", "coordinates": [ 120.334239, 22.64625802 ] } },
{ "type": "Feature", "properties": { "名稱": "水水養生館(舊水蓮花)", "地址": "807台灣高雄市三民區九如二路163號", "img_url": "https://x.com/iformosa_com/status/1837485501403877793", "img_url2": "https://x.com/iformosa_com/status/1833139212633182635", "img_url3": "https://x.com/iformosa_com/status/1833139281940066362", "img_url4": "https://x.com/iformosa_com/status/1833139360679760022", "img_url5": null, "服務": "養生會館", "original_row_id": 2358, "latitude": 22.640617, "longitude": 120.309014, "url": "https://www.google.com/maps/@?api=1&map_action=pano&viewpoint=22.640616997443,120.309013975928&heading=207&pitch=10&fov=62" }, "geometry": { "type": "Point", "coordinates": [ 120.309014, 22.640617 ] } },
{ "type": "Feature", "properties": { "名稱": "京華城時尚舒壓會館", "地址": "105台灣台北市松山區南京東路五段118號", "img_url": "https://twitter.com/iformosa_com/status/1448862993354158083", "img_url2": null, "img_url3": null, "img_url4": null, "img_url5": null, "服務": "養生會館", "original_row_id": 2367, "latitude": 25.05125499, "longitude": 121.562404, "url": "https://www.google.com/maps/@?api=1&map_action=pano&viewpoint=25.051254991,121.562403962744&heading=207&pitch=10&fov=62" }, "geometry": { "type": "Point", "coordinates": [ 121.562404, 25.05125499 ] } },
{ "type": "Feature", "properties": { "名稱": "巧伊妃男女SPA會館", "地址": "600台灣嘉義市西區德安路77號", "img_url": "https://twitter.com/iformosa_com/status/1502202370096189442", "img_url2": "https://twitter.com/iformosa_com/status/1502202438454894592", "img_url3": "https://twitter.com/iformosa_com/status/1432336516227866630", "img_url4": "https://twitter.com/iformosa_com/status/1432336455527895051", "img_url5": "https://twitter.com/iformosa_com/status/1432336391120195584", "服務": "養生會館", "original_row_id": 2374, "latitude": 23.48368298, "longitude": 120.430438, "url": "https://www.google.com/maps/@?api=1&map_action=pano&viewpoint=23.483682984246,120.430437997184&heading=207&pitch=10&fov=62" }, "geometry": { "type": "Point", "coordinates": [ 120.430438, 23.48368298 ] } },
{ "type": "Feature", "properties": { "名稱": "優勝美地健康養生館", "地址": "600台灣嘉義市西區新民路924號", "img_url": "https://twitter.com/iformosa_com/status/1432199171256176645", "img_url2": "https://twitter.com/iformosa_com/status/1432199082588598277", "img_url3": null, "img_url4": null, "img_url5": null, "服務": "養生會館", "original_row_id": 2375, "latitude": 23.47441901, "longitude": 120.439539, "url": "https://www.google.com/maps/@?api=1&map_action=pano&viewpoint=23.47441901149,120.439538983833&heading=207&pitch=10&fov=62" }, "geometry": { "type": "Point", "coordinates": [ 120.439539, 23.47441901 ] } },
{ "type": "Feature", "properties": { "名稱": "168 SPA 按摩館 - 楠梓店", "地址": "811台灣高雄市楠梓區軍校路736號", "img_url": "https://twitter.com/iformosa_com/status/1431270936687222785", "img_url2": null, "img_url3": null, "img_url4": null, "img_url5": null, "服務": "養生會館", "original_row_id": 2382, "latitude": 22.70844202, "longitude": 120.293154, "url": "https://www.google.com/maps/@?api=1&map_action=pano&viewpoint=22.708442016835,120.293153990197&heading=207&pitch=10&fov=62" }, "geometry": { "type": "Point", "coordinates": [ 120.293154, 22.70844202 ] } },
{ "type": "Feature", "properties": { "名稱": "沐居健康舒壓會館", "地址": "640台灣雲林縣斗六市西平路363號", "img_url": "https://x.com/iformosa_com/status/1969652082631458829", "img_url2": "https://x.com/iformosa_com/status/1840631957996425471", "img_url3": null, "img_url4": null, "img_url5": null, "服務": "養生會館", "original_row_id": 2396, "latitude": 23.7175007, "longitude": 120.5282854, "url": "https://www.google.com/maps/@?api=1&map_action=pano&viewpoint=23.717500699552,120.528285401188&heading=207&pitch=10&fov=62" }, "geometry": { "type": "Point", "coordinates": [ 120.5282854, 23.7175007 ] } },
{ "type": "Feature", "properties": { "名稱": "彩芸泰式全身按摩", "地址": "640台灣雲林縣斗六市莊敬路374巷30弄23號", "img_url": "https://twitter.com/iformosa_com/status/1428568564949127171", "img_url2": "https://twitter.com/iformosa_com/status/1554024210464673792", "img_url3": null, "img_url4": null, "img_url5": null, "服務": "工作室", "original_row_id": 2397, "latitude": 23.70335498, "longitude": 120.543906, "url": "https://www.google.com/maps/@?api=1&map_action=pano&viewpoint=23.703354980658,120.543905999765&heading=207&pitch=10&fov=62" }, "geometry": { "type": "Point", "coordinates": [ 120.543906, 23.70335498 ] } },
{ "type": "Feature", "properties": { "名稱": "金鐵塔健康會館", "地址": "404台灣台中市北區五權路322號", "img_url": "https://twitter.com/iformosa_com/status/1667073134183477248", "img_url2": null, "img_url3": null, "img_url4": null, "img_url5": null, "服務": "養生會館", "original_row_id": 2419, "latitude": 24.15210012, "longitude": 120.6800162, "url": "https://www.google.com/maps/@?api=1&map_action=pano&viewpoint=24.152100116085,120.680016205031&heading=207&pitch=10&fov=62" }, "geometry": { "type": "Point", "coordinates": [ 120.6800162, 24.15210012 ] } },
{ "type": "Feature", "properties": { "名稱": "莞喬隱集專業理容機構", "地址": "412台灣台中市大里區大明路332巷1號", "img_url": "https://twitter.com/iformosa_com/status/1433682977540567041", "img_url2": null, "img_url3": null, "img_url4": null, "img_url5": null, "服務": "工作室", "original_row_id": 2433, "latitude": 24.1153699, "longitude": 120.681035, "url": "https://www.google.com/maps/@?api=1&map_action=pano&viewpoint=24.115369903909,120.681035025362&heading=207&pitch=10&fov=62" }, "geometry": { "type": "Point", "coordinates": [ 120.681035, 24.1153699 ] } },
{ "type": "Feature", "properties": { "名稱": "新世界養生館(舊舒益泰)", "地址": "640台灣雲林縣斗六市中華路264號", "img_url": "https://x.com/iformosa_com/status/1970430745534726607", "img_url2": "https://x.com/iformosa_com/status/1836244150842462387", "img_url3": null, "img_url4": null, "img_url5": null, "服務": "養生會館", "original_row_id": 2440, "latitude": 23.7084858, "longitude": 120.5484518, "url": "https://www.google.com/maps/@?api=1&map_action=pano&viewpoint=23.708485795049,120.548451841133&heading=207&pitch=10&fov=62" }, "geometry": { "type": "Point", "coordinates": [ 120.5484518, 23.7084858 ] } },
{ "type": "Feature", "properties": { "名稱": "69六九SPA時尚美學會館", "地址": "302台灣新竹縣竹北市興隆路五段69號", "img_url": "https://twitter.com/iformosa_com/status/1416988261206020104", "img_url2": "https://twitter.com/iformosa_com/status/1416988195091206146", "img_url3": "https://twitter.com/iformosa_com/status/1416988121036558337", "img_url4": null, "img_url5": null, "服務": "養生會館", "original_row_id": 2452, "latitude": 24.80263999, "longitude": 121.03274, "url": "https://www.google.com/maps/@?api=1&map_action=pano&viewpoint=24.802639989556,121.03274001788&heading=207&pitch=10&fov=62" }, "geometry": { "type": "Point", "coordinates": [ 121.03274, 24.80263999 ] } },
{ "type": "Feature", "properties": { "名稱": "禾曼SPA會館(舊心語)", "地址": "302台灣新竹縣竹北市縣政九路135巷2號", "img_url": "https://twitter.com/iformosa_com/status/1559764718398898176", "img_url2": "https://twitter.com/iformosa_com/status/1559764782945017856", "img_url3": "https://twitter.com/iformosa_com/status/1559764847449210880", "img_url4": null, "img_url5": null, "服務": "養生會館", "original_row_id": 2453, "latitude": 24.82794001, "longitude": 121.00989, "url": "https://www.google.com/maps/@?api=1&map_action=pano&viewpoint=24.82794000992,121.009890027814&heading=207&pitch=10&fov=62" }, "geometry": { "type": "Point", "coordinates": [ 121.00989, 24.82794001 ] } },
{ "type": "Feature", "properties": { "名稱": "宏陽泰式SPA養生舒壓館", "地址": "241台灣新北市三重區三民街132-2號", "img_url": "https://twitter.com/iformosa_com/status/1415330842730110978", "img_url2": null, "img_url3": null, "img_url4": null, "img_url5": null, "服務": "養生會館", "original_row_id": 2457, "latitude": 25.065027, "longitude": 121.482837, "url": "https://www.google.com/maps/@?api=1&map_action=pano&viewpoint=25.065027002741,121.482836986651&heading=207&pitch=10&fov=62" }, "geometry": { "type": "Point", "coordinates": [ 121.482837, 25.065027 ] } },
{ "type": "Feature", "properties": { "名稱": "金SPA會館(舊金色SPA)", "地址": "802台灣高雄市苓雅區中正一路271號", "img_url": "https://x.com/iformosa_com/status/1900128482849620001", "img_url2": "https://x.com/iformosa_com/status/1896921570507211011", "img_url3": "https://x.com/iformosa_com/status/1896921678682505533", "img_url4": "https://x.com/iformosa_com/status/1896921790292873266", "img_url5": "https://x.com/iformosa_com/status/1896921898732388438", "服務": "養生會館", "original_row_id": 2459, "latitude": 22.62955699, "longitude": 120.325258, "url": "https://www.google.com/maps/@?api=1&map_action=pano&viewpoint=22.629556992384,120.325258020463&heading=207&pitch=10&fov=62" }, "geometry": { "type": "Point", "coordinates": [ 120.325258, 22.62955699 ] } },
{ "type": "Feature", "properties": { "名稱": "沐妍SPA舒壓會館 - 福德店", "地址": "802台灣高雄市苓雅區福德三路158號", "img_url": "https://twitter.com/iformosa_com/status/1414173880160161793", "img_url2": null, "img_url3": null, "img_url4": null, "img_url5": null, "服務": "養生會館", "original_row_id": 2461, "latitude": 22.626056, "longitude": 120.326655, "url": "https://www.google.com/maps/@?api=1&map_action=pano&viewpoint=22.626055997157,120.326655032265&heading=207&pitch=10&fov=62" }, "geometry": { "type": "Point", "coordinates": [ 120.326655, 22.626056 ] } },
{ "type": "Feature", "properties": { "名稱": "沐妍SPA紓壓養生會館-尚志店", "地址": "802台灣高雄市苓雅區尚志街38號", "img_url": "https://twitter.com/iformosa_com/status/1414128953271275524", "img_url2": "https://twitter.com/iformosa_com/status/1414128882886725634", "img_url3": null, "img_url4": null, "img_url5": null, "服務": "養生會館", "original_row_id": 2462, "latitude": 22.628502, "longitude": 120.314399, "url": "https://www.google.com/maps/@?api=1&map_action=pano&viewpoint=22.628502004141,120.314399013442&heading=207&pitch=10&fov=62" }, "geometry": { "type": "Point", "coordinates": [ 120.314399, 22.628502 ] } },
{ "type": "Feature", "properties": { "名稱": "舒悅養生會館", "地址": "420台灣台中市豐原區中正路540號", "img_url": "https://twitter.com/iformosa_com/status/1405897321783599105", "img_url2": "https://twitter.com/iformosa_com/status/1405897245820551178", "img_url3": null, "img_url4": null, "img_url5": null, "服務": "養生會館", "original_row_id": 2497, "latitude": 24.25032781, "longitude": 120.7077966, "url": "https://www.google.com/maps/@?api=1&map_action=pano&viewpoint=24.250327807036,120.707796598183&heading=207&pitch=10&fov=62" }, "geometry": { "type": "Point", "coordinates": [ 120.7077966, 24.25032781 ] } },
{ "type": "Feature", "properties": { "名稱": "泰輕鬆泰國古式養生會館-東英店", "地址": "401台灣台中市東區東英七街8號", "img_url": "https://x.com/iformosa_com/status/1967992406130991576", "img_url2": "https://x.com/iformosa_com/status/1847669953664827538", "img_url3": null, "img_url4": null, "img_url5": null, "服務": "養生會館", "original_row_id": 2499, "latitude": 24.14096161, "longitude": 120.7025849, "url": "https://www.google.com/maps/@?api=1&map_action=pano&viewpoint=24.140961614503,120.702584898426&heading=207&pitch=10&fov=62" }, "geometry": { "type": "Point", "coordinates": [ 120.7025849, 24.14096161 ] } },
{ "type": "Feature", "properties": { "名稱": "王品時尚會館", "地址": "807台灣高雄市三民區十全二路188號", "img_url": "https://twitter.com/iformosa_com/status/1769930939986264528", "img_url2": "https://twitter.com/iformosa_com/status/1769930996735266826", "img_url3": "https://twitter.com/iformosa_com/status/1769931111562658170", "img_url4": "https://twitter.com/iformosa_com/status/1769931174695342318", "img_url5": "https://twitter.com/iformosa_com/status/1769931216877469804", "服務": "養生會館", "original_row_id": 2507, "latitude": 22.64597701, "longitude": 120.29782, "url": "https://www.google.com/maps/@?api=1&map_action=pano&viewpoint=22.645977014977,120.297820028056&heading=207&pitch=10&fov=62" }, "geometry": { "type": "Point", "coordinates": [ 120.29782, 22.64597701 ] } },
{ "type": "Feature", "properties": { "名稱": "草莓泰式按摩養生館(函宣泰式)", "地址": "640台灣雲林縣斗六市中華路278巷4號", "img_url": "https://twitter.com/iformosa_com/status/1445834102595194880", "img_url2": null, "img_url3": null, "img_url4": null, "img_url5": null, "服務": "養生會館 及 工作室", "original_row_id": 2513, "latitude": 23.70811049, "longitude": 120.5488096, "url": "https://www.google.com/maps/@?api=1&map_action=pano&viewpoint=23.708110490942,120.548809578796&heading=207&pitch=10&fov=62" }, "geometry": { "type": "Point", "coordinates": [ 120.5488096, 23.70811049 ] } },
{ "type": "Feature", "properties": { "名稱": "薇風美容養生館", "地址": "403台灣台中市西區五權路29-1號", "img_url": "https://twitter.com/iformosa_com/status/1605400440992301056", "img_url2": "https://twitter.com/iformosa_com/status/1605400525146853376", "img_url3": null, "img_url4": null, "img_url5": null, "服務": "美容芳療 及 養生會館", "original_row_id": 2526, "latitude": 24.14425268, "longitude": 120.6696921, "url": "https://www.google.com/maps/@?api=1&map_action=pano&viewpoint=24.144252684966,120.669692131071&heading=207&pitch=10&fov=62" }, "geometry": { "type": "Point", "coordinates": [ 120.6696921, 24.14425268 ] } },
{ "type": "Feature", "properties": { "名稱": "水亮麗 SPA 養生館 - 斗六店", "地址": "640台灣雲林縣斗六市大學路二段579號", "img_url": "https://twitter.com/iformosa_com/status/1493147642523951107", "img_url2": null, "img_url3": null, "img_url4": null, "img_url5": null, "服務": "養生會館", "original_row_id": 2528, "latitude": 23.69756749, "longitude": 120.542369, "url": "https://www.google.com/maps/@?api=1&map_action=pano&viewpoint=23.697567486063,120.542369010179&heading=207&pitch=10&fov=62" }, "geometry": { "type": "Point", "coordinates": [ 120.542369, 23.69756749 ] } },
{ "type": "Feature", "properties": { "名稱": "晶采夢男女時尚舒壓會館", "地址": "235台灣新北市中和區中正路76號", "img_url": "https://twitter.com/iformosa_com/status/1455808189404905477", "img_url2": "https://twitter.com/iformosa_com/status/1455808384595226625", "img_url3": null, "img_url4": null, "img_url5": null, "服務": "養生會館", "original_row_id": 2543, "latitude": 24.993839, "longitude": 121.500685, "url": "https://www.google.com/maps/@?api=1&map_action=pano&viewpoint=24.993838996158,121.500684992178&heading=207&pitch=10&fov=62" }, "geometry": { "type": "Point", "coordinates": [ 121.500685, 24.993839 ] } },
{ "type": "Feature", "properties": { "名稱": "五越天養生館", "地址": "320台灣桃園市中壢區中美路二段129號", "img_url": "https://twitter.com/iformosa_com/status/1423731892210192387", "img_url2": "https://twitter.com/iformosa_com/status/1423731838183346176", "img_url3": null, "img_url4": null, "img_url5": null, "服務": "養生會館", "original_row_id": 2546, "latitude": 24.959928, "longitude": 121.220551, "url": "https://www.google.com/maps/@?api=1&map_action=pano&viewpoint=24.959927995205,121.220550975399&heading=207&pitch=10&fov=62" }, "geometry": { "type": "Point", "coordinates": [ 121.220551, 24.959928 ] } },
{ "type": "Feature", "properties": { "名稱": "喜濼養生館", "地址": "900台灣屏東縣屏東市勝利路258-2號", "img_url": "https://twitter.com/iformosa_com/status/1456555441136144390", "img_url2": "https://twitter.com/iformosa_com/status/1456555505921323008", "img_url3": null, "img_url4": null, "img_url5": null, "服務": "養生會館", "original_row_id": 2552, "latitude": 22.67888902, "longitude": 120.475209, "url": "https://www.google.com/maps/@?api=1&map_action=pano&viewpoint=22.6788890188,120.475209010986&heading=207&pitch=10&fov=62" }, "geometry": { "type": "Point", "coordinates": [ 120.475209, 22.67888902 ] } },
{ "type": "Feature", "properties": { "名稱": "妍欣養生館", "地址": "802台灣高雄市苓雅區建國一路169號", "img_url": "https://x.com/iformosa_com/status/1938133491268636937", "img_url2": "https://x.com/iformosa_com/status/1936058527438848117", "img_url3": "https://x.com/iformosa_com/status/1936058583575413085", "img_url4": null, "img_url5": null, "服務": "養生會館", "original_row_id": 2557, "latitude": 22.63276399, "longitude": 120.327137, "url": "https://www.google.com/maps/@?api=1&map_action=pano&viewpoint=22.632763992358,120.327136991698&heading=207&pitch=10&fov=62" }, "geometry": { "type": "Point", "coordinates": [ 120.327137, 22.63276399 ] } },
{ "type": "Feature", "properties": { "名稱": "經典時尚養生館", "地址": "202台灣基隆市中正區義二路87號2樓", "img_url": "https://twitter.com/iformosa_com/status/1716367185143349541", "img_url2": "https://twitter.com/iformosa_com/status/1716367255230087381", "img_url3": null, "img_url4": null, "img_url5": null, "服務": "養生會館", "original_row_id": 2559, "latitude": 25.132546, "longitude": 121.746259, "url": "https://www.google.com/maps/@?api=1&map_action=pano&viewpoint=25.132545998847,121.74625899724&heading=207&pitch=10&fov=62" }, "geometry": { "type": "Point", "coordinates": [ 121.746259, 25.132546 ] } },
{ "type": "Feature", "properties": { "名稱": "美美養生館", "地址": "807台灣高雄市三民區九如二路249號", "img_url": null, "img_url2": "https://x.com/iformosa_com/status/1856601355701629228", "img_url3": "https://x.com/iformosa_com/status/1856601408147206183", "img_url4": "https://x.com/iformosa_com/status/1476586435470069762", "img_url5": "https://x.com/iformosa_com/status/1476586668941783041", "服務": "養生會館", "original_row_id": 2562, "latitude": 22.64077998, "longitude": 120.30681, "url": "https://www.google.com/maps/@?api=1&map_action=pano&viewpoint=22.640779983551,120.306810038307&heading=207&pitch=10&fov=62" }, "geometry": { "type": "Point", "coordinates": [ 120.30681, 22.64077998 ] } },
{ "type": "Feature", "properties": { "名稱": "雲海養身會館(舊心海)", "地址": "404台灣台中市北區中清路一段339號", "img_url": "https://twitter.com/iformosa_com/status/1403227853311803394", "img_url2": "https://twitter.com/iformosa_com/status/1403227769857724419", "img_url3": null, "img_url4": null, "img_url5": null, "服務": "養生會館", "original_row_id": 2563, "latitude": 24.16137318, "longitude": 120.6748367, "url": "https://www.google.com/maps/@?api=1&map_action=pano&viewpoint=24.161373183206,120.674836691783&heading=207&pitch=10&fov=62" }, "geometry": { "type": "Point", "coordinates": [ 120.6748367, 24.16137318 ] } },
{ "type": "Feature", "properties": { "名稱": "水漾時尚會館", "地址": "220台灣新北市板橋區四川路一段140號", "img_url": null, "img_url2": "https://x.com/iformosa_com/status/1967125398321590721", "img_url3": "https://x.com/iformosa_com/status/1967125447243890897", "img_url4": null, "img_url5": null, "服務": "養生會館", "original_row_id": 2570, "latitude": 25.0036949, "longitude": 121.4598599, "url": "https://www.google.com/maps/@?api=1&map_action=pano&viewpoint=25.003694898916,121.459859926933&heading=207&pitch=10&fov=62" }, "geometry": { "type": "Point", "coordinates": [ 121.4598599, 25.0036949 ] } },
{ "type": "Feature", "properties": { "名稱": "夢美養生館", "地址": "116台灣台北市文山區羅斯福路六段309號", "img_url": "https://twitter.com/iformosa_com/status/1488706295285039106", "img_url2": null, "img_url3": null, "img_url4": null, "img_url5": null, "服務": "養生會館", "original_row_id": 2578, "latitude": 24.99405102, "longitude": 121.541404, "url": "https://www.google.com/maps/@?api=1&map_action=pano&viewpoint=24.994051016399,121.541404026347&heading=207&pitch=10&fov=62" }, "geometry": { "type": "Point", "coordinates": [ 121.541404, 24.99405102 ] } },
{ "type": "Feature", "properties": { "名稱": "泰合殿泰式按摩養生館", "地址": "950台灣台東縣台東市興安路一段618號", "img_url": "https://x.com/iformosa_com/status/1971492512612352447", "img_url2": "https://x.com/iformosa_com/status/1834125070702444802", "img_url3": null, "img_url4": null, "img_url5": null, "服務": "養生會館", "original_row_id": 2580, "latitude": 22.79517484, "longitude": 121.1271659, "url": "https://www.google.com/maps/@?api=1&map_action=pano&viewpoint=22.795174844286,121.127165923&heading=207&pitch=10&fov=62" }, "geometry": { "type": "Point", "coordinates": [ 121.1271659, 22.79517484 ] } },
{ "type": "Feature", "properties": { "名稱": "清雲養生館", "地址": "406台灣台中市太平區太平路826號", "img_url": "https://twitter.com/iformosa_com/status/1583853420015804419", "img_url2": "https://twitter.com/iformosa_com/status/1583853484335501312", "img_url3": null, "img_url4": null, "img_url5": null, "服務": "養生會館", "original_row_id": 2597, "latitude": 24.1569, "longitude": 120.727, "url": "https://www.google.com/maps/@?api=1&map_action=pano&viewpoint=24.1569,120.727&heading=207&pitch=10&fov=62" }, "geometry": { "type": "Point", "coordinates": [ 120.727, 24.1569 ] } },
{ "type": "Feature", "properties": { "名稱": "雅典娜美容SPA會館", "地址": "412台灣台中市大里區大明路519號", "img_url": "https://twitter.com/iformosa_com/status/1437044511327199243", "img_url2": "https://twitter.com/iformosa_com/status/1437044432486891523", "img_url3": null, "img_url4": null, "img_url5": null, "服務": "養生會館", "original_row_id": 2603, "latitude": 24.11477198, "longitude": 120.674104, "url": "https://www.google.com/maps/@?api=1&map_action=pano&viewpoint=24.114771980846,120.674104029627&heading=207&pitch=10&fov=62" }, "geometry": { "type": "Point", "coordinates": [ 120.674104, 24.11477198 ] } },
{ "type": "Feature", "properties": { "名稱": "時雨經典會館(舊郁晴)", "地址": "108台灣台北市萬華區康定路200號", "img_url": "https://x.com/iformosa_com/status/1825898147719295194", "img_url2": "https://x.com/iformosa_com/status/1825898210583617776", "img_url3": "https://x.com/iformosa_com/status/1825898284524978185", "img_url4": "https://twitter.com/iformosa_com/status/1634065616213790721", "img_url5": "https://twitter.com/iformosa_com/status/1634065692290080768", "服務": "養生會館", "original_row_id": 2610, "latitude": 25.03879399, "longitude": 121.501706, "url": "https://www.google.com/maps/@?api=1&map_action=pano&viewpoint=25.038793992735,121.501705991804&heading=207&pitch=10&fov=62" }, "geometry": { "type": "Point", "coordinates": [ 121.501706, 25.03879399 ] } },
{ "type": "Feature", "properties": { "名稱": "晏蒂SPA時尚舒壓館", "地址": "108台灣台北市萬華區西園路二段259號1樓、2樓", "img_url": "https://x.com/iformosa_com/status/1886274948387496098", "img_url2": null, "img_url3": null, "img_url4": null, "img_url5": null, "服務": "養生會館", "original_row_id": 2612, "latitude": 25.0258059, "longitude": 121.4926626, "url": "https://www.google.com/maps/@?api=1&map_action=pano&viewpoint=25.025805898488,121.492662588829&heading=207&pitch=10&fov=62" }, "geometry": { "type": "Point", "coordinates": [ 121.4926626, 25.0258059 ] } },
{ "type": "Feature", "properties": { "名稱": "金采經絡推拿工作坊", "地址": "320台灣桃園市中壢區後寮一路198號", "img_url": "https://twitter.com/iformosa_com/status/1447584101586796545", "img_url2": null, "img_url3": null, "img_url4": null, "img_url5": null, "服務": "傳統按摩 及 養生會館", "original_row_id": 2613, "latitude": 24.93874999, "longitude": 121.24639, "url": "https://www.google.com/maps/@?api=1&map_action=pano&viewpoint=24.938749985275,121.246390035956&heading=207&pitch=10&fov=62" }, "geometry": { "type": "Point", "coordinates": [ 121.24639, 24.93874999 ] } },
{ "type": "Feature", "properties": { "名稱": "恆美樂養生館(舊泰華城)", "地址": "108台灣台北市萬華區華西街22號(攤位號100號, 靠近桂林路口)", "img_url": "https://twitter.com/iformosa_com/status/1555767820373618689", "img_url2": "https://twitter.com/iformosa_com/status/1555767906176487424", "img_url3": null, "img_url4": null, "img_url5": null, "服務": "養生會館", "original_row_id": 2617, "latitude": 25.03825998, "longitude": 121.498324, "url": "https://www.google.com/maps/@?api=1&map_action=pano&viewpoint=25.038259981684,121.498323977691&heading=207&pitch=10&fov=62" }, "geometry": { "type": "Point", "coordinates": [ 121.498324, 25.03825998 ] } },
{ "type": "Feature", "properties": { "名稱": "清邁美容舒壓", "地址": "247台灣新北市蘆洲區三民路194號", "img_url": "https://twitter.com/iformosa_com/status/1458298051496329223", "img_url2": "https://twitter.com/iformosa_com/status/1458298113123258369", "img_url3": "https://twitter.com/iformosa_com/status/1458298187744112640", "img_url4": "https://twitter.com/iformosa_com/status/1458307423832182794", "img_url5": null, "服務": "養生會館", "original_row_id": 2638, "latitude": 25.08886799, "longitude": 121.469406, "url": "https://www.google.com/maps/@?api=1&map_action=pano&viewpoint=25.088867985219,121.469405992641&heading=207&pitch=10&fov=62" }, "geometry": { "type": "Point", "coordinates": [ 121.469406, 25.08886799 ] } },
{ "type": "Feature", "properties": { "名稱": "泰樂情泰式舒活館", "地址": "251台灣新北市淡水區沙崙路3號", "img_url": "https://x.com/iformosa_com/status/1971827403883532603", "img_url2": "https://x.com/iformosa_com/status/1834786099459506274", "img_url3": null, "img_url4": null, "img_url5": null, "服務": "養生會館", "original_row_id": 2639, "latitude": 25.181205, "longitude": 121.42077, "url": "https://www.google.com/maps/@?api=1&map_action=pano&viewpoint=25.181205000347,121.420769999465&heading=207&pitch=10&fov=62" }, "geometry": { "type": "Point", "coordinates": [ 121.42077, 25.181205 ] } },
{ "type": "Feature", "properties": { "名稱": "湘淋SPA生活館", "地址": "812台灣高雄市小港區中安路599號", "img_url": "https://twitter.com/iformosa_com/status/1443784167796346881", "img_url2": "https://twitter.com/iformosa_com/status/1443784289045286950", "img_url3": null, "img_url4": null, "img_url5": null, "服務": "養生會館", "original_row_id": 2641, "latitude": 22.58498702, "longitude": 120.355877, "url": "https://www.google.com/maps/@?api=1&map_action=pano&viewpoint=22.58498701853,120.355877028944&heading=207&pitch=10&fov=62" }, "geometry": { "type": "Point", "coordinates": [ 120.355877, 22.58498702 ] } },
{ "type": "Feature", "properties": { "名稱": "薇妙會館", "地址": "330台灣桃園市桃園區建國路62號", "img_url": "https://twitter.com/iformosa_com/status/1558338286997098496", "img_url2": "https://twitter.com/iformosa_com/status/1558338349613862912", "img_url3": "https://twitter.com/iformosa_com/status/1467042135468052480", "img_url4": "https://twitter.com/iformosa_com/status/1467042227981787145", "img_url5": null, "服務": "養生會館", "original_row_id": 2642, "latitude": 24.98592799, "longitude": 121.316073, "url": "https://www.google.com/maps/@?api=1&map_action=pano&viewpoint=24.985927988303,121.316072988005&heading=207&pitch=10&fov=62" }, "geometry": { "type": "Point", "coordinates": [ 121.316073, 24.98592799 ] } },
{ "type": "Feature", "properties": { "名稱": "暮玥健康美容SPA", "地址": "404台灣台中市北區中清路一段482號", "img_url": "https://x.com/iformosa_com/status/1824388917954806113", "img_url2": "https://x.com/iformosa_com/status/1824388991673872803", "img_url3": "https://x.com/iformosa_com/status/1824389044714738027", "img_url4": "https://twitter.com/iformosa_com/status/1412284830939680769", "img_url5": "https://twitter.com/iformosa_com/status/1412284902305779714", "服務": "養生會館", "original_row_id": 2650, "latitude": 24.164247, "longitude": 120.6743708, "url": "https://www.google.com/maps/@?api=1&map_action=pano&viewpoint=24.164247002529,120.674370825605&heading=207&pitch=10&fov=62" }, "geometry": { "type": "Point", "coordinates": [ 120.6743708, 24.164247 ] } },
{ "type": "Feature", "properties": { "名稱": "泰自然美容養生館", "地址": "105台灣台北市松山區南京東路五段263號二樓", "img_url": "https://x.com/iformosa_com/status/1904171859438174402", "img_url2": "https://x.com/iformosa_com/status/1904100886928032227", "img_url3": "https://x.com/iformosa_com/status/1904100947963650514", "img_url4": "https://x.com/iformosa_com/status/1904101015147978873", "img_url5": "https://x.com/iformosa_com/status/1904101085524209913", "服務": "養生會館", "original_row_id": 2654, "latitude": 25.05159601, "longitude": 121.56544, "url": "https://www.google.com/maps/@?api=1&map_action=pano&viewpoint=25.051596008731,121.565439971893&heading=207&pitch=10&fov=62" }, "geometry": { "type": "Point", "coordinates": [ 121.56544, 25.05159601 ] } },
{ "type": "Feature", "properties": { "名稱": "咖哩男女養生館", "地址": "900台灣屏東縣屏東市仁愛路11-1號", "img_url": "https://x.com/iformosa_com/status/1806961627436371996", "img_url2": "https://x.com/iformosa_com/status/1806961678812348865", "img_url3": "https://x.com/iformosa_com/status/1806961762526527616", "img_url4": null, "img_url5": null, "服務": "養生會館", "original_row_id": 2662, "latitude": 22.66869398, "longitude": 120.491363, "url": "https://www.google.com/maps/@?api=1&map_action=pano&viewpoint=22.668693984239,120.491363033881&heading=207&pitch=10&fov=62" }, "geometry": { "type": "Point", "coordinates": [ 120.491363, 22.66869398 ] } },
{ "type": "Feature", "properties": { "名稱": "甜美養生館(舊欣伶)", "地址": "807台灣高雄市三民區九如二路214號", "img_url": "https://twitter.com/iformosa_com/status/1558194439994355712", "img_url2": null, "img_url3": null, "img_url4": null, "img_url5": null, "服務": "養生會館", "original_row_id": 2667, "latitude": 22.64112301, "longitude": 120.306767, "url": "https://www.google.com/maps/@?api=1&map_action=pano&viewpoint=22.641123012938,120.306767039144&heading=207&pitch=10&fov=62" }, "geometry": { "type": "Point", "coordinates": [ 120.306767, 22.64112301 ] } },
{ "type": "Feature", "properties": { "名稱": "薇晶SPA養生館", "地址": "900台灣屏東縣屏東市中山路183號", "img_url": "https://twitter.com/iformosa_com/status/1610660255159193600", "img_url2": null, "img_url3": null, "img_url4": null, "img_url5": null, "服務": "養生會館", "original_row_id": 2672, "latitude": 22.68388099, "longitude": 120.484277, "url": "https://www.google.com/maps/@?api=1&map_action=pano&viewpoint=22.683880986964,120.484276972937&heading=207&pitch=10&fov=62" }, "geometry": { "type": "Point", "coordinates": [ 120.484277, 22.68388099 ] } },
{ "type": "Feature", "properties": { "名稱": "詩曼妮精油SPA館 Smani SPA", "地址": "408台灣台中市南屯區向心路22號", "img_url": "https://twitter.com/iformosa_com/status/1758077713242579354", "img_url2": "https://twitter.com/iformosa_com/status/1758077805148147919", "img_url3": "https://twitter.com/iformosa_com/status/1758077859883786261", "img_url4": "https://twitter.com/iformosa_com/status/1758077953248989489", "img_url5": null, "服務": "美容芳療", "original_row_id": 2677, "latitude": 24.13900498, "longitude": 120.644542, "url": "https://www.google.com/maps/@?api=1&map_action=pano&viewpoint=24.139004984935,120.644541979136&heading=207&pitch=10&fov=62" }, "geometry": { "type": "Point", "coordinates": [ 120.644542, 24.13900498 ] } },
{ "type": "Feature", "properties": { "名稱": "金錢泰式按摩養生館(舊鳳頂泰式)", "地址": "830台灣高雄市鳳山區鳳頂路243號", "img_url": "https://twitter.com/iformosa_com/status/1534481079385870336", "img_url2": "https://twitter.com/iformosa_com/status/1534481152756822016", "img_url3": null, "img_url4": null, "img_url5": null, "服務": "養生會館", "original_row_id": 2679, "latitude": 22.59199898, "longitude": 120.358651, "url": "https://www.google.com/maps/@?api=1&map_action=pano&viewpoint=22.59199898345,120.3586510198&heading=207&pitch=10&fov=62" }, "geometry": { "type": "Point", "coordinates": [ 120.358651, 22.59199898 ] } },
{ "type": "Feature", "properties": { "名稱": "康美新養身館", "地址": "220台灣新北市板橋區南雅西路二段147號", "img_url": "https://twitter.com/iformosa_com/status/1423947140489891842", "img_url2": null, "img_url3": null, "img_url4": null, "img_url5": null, "服務": "養生會館", "original_row_id": 2684, "latitude": 25.01182602, "longitude": 121.452136, "url": "https://www.google.com/maps/@?api=1&map_action=pano&viewpoint=25.011826015549,121.452136003157&heading=207&pitch=10&fov=62" }, "geometry": { "type": "Point", "coordinates": [ 121.452136, 25.01182602 ] } },
{ "type": "Feature", "properties": { "名稱": "泰嬡霖養生會館(舊嬡霖)", "地址": "406台灣台中市北屯區中清路二段1022號", "img_url": "https://x.com/iformosa_com/status/1814268134687432987", "img_url2": "https://x.com/iformosa_com/status/1814268186591998437", "img_url3": null, "img_url4": null, "img_url5": null, "服務": "養生會館", "original_row_id": 2693, "latitude": 24.19001599, "longitude": 120.661809, "url": "https://www.google.com/maps/@?api=1&map_action=pano&viewpoint=24.190015990376,120.661809034954&heading=207&pitch=10&fov=62" }, "geometry": { "type": "Point", "coordinates": [ 120.661809, 24.19001599 ] } },
{ "type": "Feature", "properties": { "名稱": "浪琴美容SPA名店", "地址": "900台灣屏東縣屏東市和平路560號", "img_url": "https://x.com/iformosa_com/status/1919971874047447468", "img_url2": null, "img_url3": null, "img_url4": null, "img_url5": null, "服務": "養生會館", "original_row_id": 2704, "latitude": 22.68071799, "longitude": 120.477812, "url": "https://www.google.com/maps/@?api=1&map_action=pano&viewpoint=22.680717991982,120.477812011017&heading=207&pitch=10&fov=62" }, "geometry": { "type": "Point", "coordinates": [ 120.477812, 22.68071799 ] } },
{ "type": "Feature", "properties": { "名稱": "芭塔雅SPA會館", "地址": "515台灣彰化縣大村鄉中山路一段70號", "img_url": "https://x.com/iformosa_com/status/1896416095898341398", "img_url2": null, "img_url3": null, "img_url4": null, "img_url5": null, "服務": "養生會館", "original_row_id": 2709, "latitude": 23.976465, "longitude": 120.571922, "url": "https://www.google.com/maps/@?api=1&map_action=pano&viewpoint=23.976465004485,120.571922008214&heading=207&pitch=10&fov=62" }, "geometry": { "type": "Point", "coordinates": [ 120.571922, 23.976465 ] } },
{ "type": "Feature", "properties": { "名稱": "雅士萊養生會館", "地址": "404台灣台中市北區中清路一段307號", "img_url": "https://twitter.com/iformosa_com/status/1743276736509628629", "img_url2": "https://twitter.com/iformosa_com/status/1743276826771009833", "img_url3": "https://twitter.com/iformosa_com/status/1743276893888254247", "img_url4": "https://twitter.com/iformosa_com/status/1441794355535118350", "img_url5": null, "服務": "養生會館", "original_row_id": 2716, "latitude": 24.16069458, "longitude": 120.6750874, "url": "https://www.google.com/maps/@?api=1&map_action=pano&viewpoint=24.160694584325,120.675087394507&heading=207&pitch=10&fov=62" }, "geometry": { "type": "Point", "coordinates": [ 120.6750874, 24.16069458 ] } },
{ "type": "Feature", "properties": { "名稱": "283養生會館", "地址": "801台灣高雄市前金區自立橫路73號", "img_url": "https://twitter.com/iformosa_com/status/1402887510745702411", "img_url2": "https://twitter.com/iformosa_com/status/1402887584359936001", "img_url3": "https://twitter.com/iformosa_com/status/1402887677368700928", "img_url4": null, "img_url5": null, "服務": "養生會館", "original_row_id": 2721, "latitude": 22.62917101, "longitude": 120.298773, "url": "https://www.google.com/maps/@?api=1&map_action=pano&viewpoint=22.629171005743,120.298772966628&heading=207&pitch=10&fov=62" }, "geometry": { "type": "Point", "coordinates": [ 120.298773, 22.62917101 ] } },
{ "type": "Feature", "properties": { "名稱": "AP SPA 精品會館", "地址": "802台灣高雄市苓雅區中華四路34號", "img_url": "https://twitter.com/iformosa_com/status/1430450324259500037", "img_url2": "https://twitter.com/iformosa_com/status/1430450242881671173", "img_url3": "https://twitter.com/iformosa_com/status/1430450176787816448", "img_url4": "https://twitter.com/iformosa_com/status/1430450009959329794", "img_url5": null, "服務": "養生會館", "original_row_id": 2722, "latitude": 22.61241801, "longitude": 120.302745, "url": "https://www.google.com/maps/@?api=1&map_action=pano&viewpoint=22.612418012047,120.302744982905&heading=207&pitch=10&fov=62" }, "geometry": { "type": "Point", "coordinates": [ 120.302745, 22.61241801 ] } },
{ "type": "Feature", "properties": { "名稱": "雪漾養生館-德中店", "地址": "811台灣高雄市楠梓區德中路249號", "img_url": "https://twitter.com/iformosa_com/status/1610827606164930561", "img_url2": "https://twitter.com/iformosa_com/status/1610827750826442752", "img_url3": "https://twitter.com/iformosa_com/status/1610827709059575809", "img_url4": "https://twitter.com/iformosa_com/status/1412292203959836672", "img_url5": "https://twitter.com/iformosa_com/status/1412292129066344451", "服務": "養生會館", "original_row_id": 2723, "latitude": 22.724596, "longitude": 120.275864, "url": "https://www.google.com/maps/@?api=1&map_action=pano&viewpoint=22.72459599782,120.275863967964&heading=207&pitch=10&fov=62" }, "geometry": { "type": "Point", "coordinates": [ 120.275864, 22.724596 ] } },
{ "type": "Feature", "properties": { "名稱": "麗緻男女SPA養生會館 - 七賢店", "地址": "800台灣高雄市新興區七賢一路270號二樓", "img_url": "https://twitter.com/iformosa_com/status/1436226730243493909", "img_url2": null, "img_url3": null, "img_url4": null, "img_url5": null, "服務": "養生會館", "original_row_id": 2748, "latitude": 22.63426301, "longitude": 120.30937, "url": "https://www.google.com/maps/@?api=1&map_action=pano&viewpoint=22.634263011922,120.309370039175&heading=207&pitch=10&fov=62" }, "geometry": { "type": "Point", "coordinates": [ 120.30937, 22.63426301 ] } },
{ "type": "Feature", "properties": { "名稱": "麗緻男女SPA養生會館 - 六合店", "地址": "800台灣高雄市新興區六合一路140號", "img_url": "https://x.com/iformosa_com/status/1961340242390331734", "img_url2": "https://x.com/iformosa_com/status/1961294183467290899", "img_url3": "https://x.com/iformosa_com/status/1961294236730757381", "img_url4": null, "img_url5": null, "服務": "養生會館", "original_row_id": 2749, "latitude": 22.63298699, "longitude": 120.303815, "url": "https://www.google.com/maps/@?api=1&map_action=pano&viewpoint=22.632986992892,120.303815016664&heading=207&pitch=10&fov=62" }, "geometry": { "type": "Point", "coordinates": [ 120.303815, 22.63298699 ] } },
{ "type": "Feature", "properties": { "名稱": "君樂美容時尚養生會館(舊草莓園)", "地址": "203台灣基隆市中山區成功二路61號", "img_url": "https://twitter.com/iformosa_com/status/1659743238151110658", "img_url2": "https://twitter.com/iformosa_com/status/1659743335777697792", "img_url3": null, "img_url4": null, "img_url5": null, "服務": "養生會館", "original_row_id": 2752, "latitude": 25.129893, "longitude": 121.736068, "url": "https://www.google.com/maps/@?api=1&map_action=pano&viewpoint=25.129893000764,121.736068027902&heading=207&pitch=10&fov=62" }, "geometry": { "type": "Point", "coordinates": [ 121.736068, 25.129893 ] } },
{ "type": "Feature", "properties": { "名稱": "康麗芳香館", "地址": "807台灣高雄市三民區鼎山街471號", "img_url": "https://twitter.com/iformosa_com/status/1576837099940360192", "img_url2": "https://twitter.com/iformosa_com/status/1576837174217314306", "img_url3": "https://twitter.com/iformosa_com/status/1447791749775040518", "img_url4": "https://twitter.com/iformosa_com/status/1631948008278618112", "img_url5": "https://twitter.com/iformosa_com/status/1631948190978281477", "服務": "養生會館", "original_row_id": 2758, "latitude": 22.65434098, "longitude": 120.31967, "url": "https://www.google.com/maps/@?api=1&map_action=pano&viewpoint=22.654340980879,120.319669973254&heading=207&pitch=10&fov=62" }, "geometry": { "type": "Point", "coordinates": [ 120.31967, 22.65434098 ] } },
{ "type": "Feature", "properties": { "名稱": "天悅養生會館", "地址": "811台灣高雄市楠梓區右昌街412號", "img_url": "https://twitter.com/iformosa_com/status/1434598778422509568", "img_url2": "https://twitter.com/iformosa_com/status/1441465285681180673", "img_url3": "https://twitter.com/iformosa_com/status/1440934516894224387", "img_url4": null, "img_url5": null, "服務": "養生會館", "original_row_id": 2783, "latitude": 22.71569002, "longitude": 120.2884, "url": "https://www.google.com/maps/@?api=1&map_action=pano&viewpoint=22.715690016148,120.288400026173&heading=207&pitch=10&fov=62" }, "geometry": { "type": "Point", "coordinates": [ 120.2884, 22.71569002 ] } },
{ "type": "Feature", "properties": { "名稱": "逸美男女養生館", "地址": "220台灣新北市板橋區大仁街103號", "img_url": "https://twitter.com/iformosa_com/status/1446291657817661446", "img_url2": "https://twitter.com/iformosa_com/status/1446319046744412162", "img_url3": null, "img_url4": null, "img_url5": null, "服務": "養生會館", "original_row_id": 2793, "latitude": 25.01570101, "longitude": 121.452836, "url": "https://www.google.com/maps/@?api=1&map_action=pano&viewpoint=25.015701011296,121.452835975891&heading=207&pitch=10&fov=62" }, "geometry": { "type": "Point", "coordinates": [ 121.452836, 25.01570101 ] } },
{ "type": "Feature", "properties": { "名稱": "諾亞時尚會館", "地址": "236台灣新北市土城區青雲路30號", "img_url": "https://twitter.com/iformosa_com/status/1606146802469974017", "img_url2": "https://twitter.com/iformosa_com/status/1606146872934006784", "img_url3": "https://twitter.com/iformosa_com/status/1606146960204996608", "img_url4": null, "img_url5": null, "服務": "養生會館", "original_row_id": 2803, "latitude": 24.98863631, "longitude": 121.459902, "url": "https://www.google.com/maps/@?api=1&map_action=pano&viewpoint=24.988636306947,121.459902004087&heading=207&pitch=10&fov=62" }, "geometry": { "type": "Point", "coordinates": [ 121.459902, 24.98863631 ] } },
{ "type": "Feature", "properties": { "名稱": "夏威夷舒壓會館", "地址": "241台灣新北市三重區集賢路201號", "img_url": "https://x.com/iformosa_com/status/1824361369367613536", "img_url2": "https://x.com/iformosa_com/status/1824361462980370935", "img_url3": null, "img_url4": null, "img_url5": null, "服務": "養生會館", "original_row_id": 2820, "latitude": 25.08763522, "longitude": 121.4838565, "url": "https://www.google.com/maps/@?api=1&map_action=pano&viewpoint=25.08763521681,121.483856477534&heading=207&pitch=10&fov=62" }, "geometry": { "type": "Point", "coordinates": [ 121.4838565, 25.08763522 ] } },
{ "type": "Feature", "properties": { "名稱": "水漾卉時尚舒壓會館 Shui Yang Hui", "地址": "330台灣桃園市桃園區成功路二段151號1樓", "img_url": "https://twitter.com/iformosa_com/status/1515596834219360256", "img_url2": null, "img_url3": null, "img_url4": null, "img_url5": null, "服務": "養生會館", "original_row_id": 2830, "latitude": 24.99485501, "longitude": 121.318784, "url": "https://www.google.com/maps/@?api=1&map_action=pano&viewpoint=24.994855008551,121.318784030768&heading=207&pitch=10&fov=62" }, "geometry": { "type": "Point", "coordinates": [ 121.318784, 24.99485501 ] } },
{ "type": "Feature", "properties": { "名稱": "沛萱筋絡舒活館", "地址": "326台灣桃園市楊梅區中山北路一段402號", "img_url": "https://twitter.com/iformosa_com/status/1501453050849873922", "img_url2": null, "img_url3": null, "img_url4": null, "img_url5": null, "服務": "養生會館", "original_row_id": 2831, "latitude": 24.90908999, "longitude": 121.159572, "url": "https://www.google.com/maps/@?api=1&map_action=pano&viewpoint=24.909089992246,121.159571959246&heading=207&pitch=10&fov=62" }, "geometry": { "type": "Point", "coordinates": [ 121.159572, 24.90908999 ] } },
{ "type": "Feature", "properties": { "名稱": "金帝養生會館(舊富足)", "地址": "807台灣高雄市三民區九如一路532-1號", "img_url": null, "img_url2": "https://x.com/iformosa_com/status/1855943253230821420", "img_url3": "https://x.com/iformosa_com/status/1853102373562110057", "img_url4": "https://x.com/iformosa_com/status/1853102438364205322", "img_url5": "https://x.com/iformosa_com/status/1853102485214474316", "服務": "養生會館", "original_row_id": 2832, "latitude": 22.63948498, "longitude": 120.326689, "url": "https://www.google.com/maps/@?api=1&map_action=pano&viewpoint=22.63948497951,120.326688978973&heading=207&pitch=10&fov=62" }, "geometry": { "type": "Point", "coordinates": [ 120.326689, 22.63948498 ] } },
{ "type": "Feature", "properties": { "名稱": "經典足體養生館 - 鳳山建國店", "地址": "830台灣高雄市鳳山區建國路三段153號", "img_url": "https://twitter.com/iformosa_com/status/1676132090474278912", "img_url2": "https://twitter.com/iformosa_com/status/1676132236612218880", "img_url3": null, "img_url4": null, "img_url5": null, "服務": "養生會館", "original_row_id": 2835, "latitude": 22.63681481, "longitude": 120.353801, "url": "https://www.google.com/maps/@?api=1&map_action=pano&viewpoint=22.63681480509,120.353800963561&heading=207&pitch=10&fov=62" }, "geometry": { "type": "Point", "coordinates": [ 120.353801, 22.63681481 ] } },
{ "type": "Feature", "properties": { "名稱": "金鑽養生會館", "地址": "900台灣屏東縣屏東市自由路96-3號(同心牙醫前面巷子內)", "img_url": "https://twitter.com/iformosa_com/status/1704843612692029780", "img_url2": "https://twitter.com/iformosa_com/status/1704843733920063548", "img_url3": "https://twitter.com/iformosa_com/status/1704843911506911306", "img_url4": "https://twitter.com/iformosa_com/status/1704843814425571693", "img_url5": "https://twitter.com/iformosa_com/status/1484087587531014144", "服務": "養生會館", "original_row_id": 2838, "latitude": 22.66731202, "longitude": 120.487944, "url": "https://www.google.com/maps/@?api=1&map_action=pano&viewpoint=22.667312017953,120.487943971757&heading=207&pitch=10&fov=62" }, "geometry": { "type": "Point", "coordinates": [ 120.487944, 22.66731202 ] } },
{ "type": "Feature", "properties": { "名稱": "功夫經絡男女養生館", "地址": "807台灣高雄市三民區博愛一路71號", "img_url": "https://x.com/iformosa_com/status/1897985550574907449", "img_url2": null, "img_url3": null, "img_url4": null, "img_url5": null, "服務": "養生會館", "original_row_id": 2840, "latitude": 22.64321799, "longitude": 120.302649, "url": "https://www.google.com/maps/@?api=1&map_action=pano&viewpoint=22.643217985818,120.302649010114&heading=207&pitch=10&fov=62" }, "geometry": { "type": "Point", "coordinates": [ 120.302649, 22.64321799 ] } },
{ "type": "Feature", "properties": { "名稱": "鈅SPA男女舒壓休閒會館", "地址": "330台灣桃園市桃園區春日路289號", "img_url": "https://twitter.com/iformosa_com/status/1416595895278182402", "img_url2": "https://twitter.com/iformosa_com/status/1416595832002940938", "img_url3": "https://twitter.com/iformosa_com/status/1416595764294295555", "img_url4": "https://twitter.com/iformosa_com/status/1441781311098679300", "img_url5": "https://twitter.com/iformosa_com/status/1499693688947019776", "服務": "養生會館", "original_row_id": 2843, "latitude": 24.99870201, "longitude": 121.314789, "url": "https://www.google.com/maps/@?api=1&map_action=pano&viewpoint=24.998702008742,121.314788964258&heading=207&pitch=10&fov=62" }, "geometry": { "type": "Point", "coordinates": [ 121.314789, 24.99870201 ] } },
{ "type": "Feature", "properties": { "名稱": "羽心閣美容舒壓會館(舊金泰樂)", "地址": "200台灣基隆市仁愛區港西街27號", "img_url": "https://twitter.com/iformosa_com/status/1602869001951985664", "img_url2": "https://twitter.com/iformosa_com/status/1602869069262163968", "img_url3": "https://twitter.com/iformosa_com/status/1602869128208871425", "img_url4": "https://twitter.com/iformosa_com/status/1557944408015638530", "img_url5": "https://twitter.com/iformosa_com/status/1557944466484256769", "服務": "養生會館", "original_row_id": 2865, "latitude": 25.133546, "longitude": 121.740232, "url": "https://www.google.com/maps/@?api=1&map_action=pano&viewpoint=25.133546001806,121.740231989762&heading=207&pitch=10&fov=62" }, "geometry": { "type": "Point", "coordinates": [ 121.740232, 25.133546 ] } },
{ "type": "Feature", "properties": { "名稱": "晴木養生會館-盛昌店", "地址": "811台灣高雄市楠梓區盛昌街220-2號", "img_url": "https://twitter.com/iformosa_com/status/1441479840264122369", "img_url2": null, "img_url3": null, "img_url4": null, "img_url5": null, "服務": "養生會館", "original_row_id": 2870, "latitude": 22.71432599, "longitude": 120.287852, "url": "https://www.google.com/maps/@?api=1&map_action=pano&viewpoint=22.714325987135,120.287852017343&heading=207&pitch=10&fov=62" }, "geometry": { "type": "Point", "coordinates": [ 120.287852, 22.71432599 ] } },
{ "type": "Feature", "properties": { "名稱": "晴木養生會館-大學店", "地址": "811台灣高雄市楠梓區大學東路360號", "img_url": "https://twitter.com/iformosa_com/status/1441475566163480577", "img_url2": null, "img_url3": null, "img_url4": null, "img_url5": null, "服務": "養生會館", "original_row_id": 2871, "latitude": 22.72991901, "longitude": 120.290372, "url": "https://www.google.com/maps/@?api=1&map_action=pano&viewpoint=22.729919009251,120.290372036533&heading=207&pitch=10&fov=62" }, "geometry": { "type": "Point", "coordinates": [ 120.290372, 22.72991901 ] } },
{ "type": "Feature", "properties": { "名稱": "水姑娘按摩店", "地址": "880台灣澎湖縣馬公市民福路2-5號", "img_url": "https://x.com/iformosa_com/status/1974373338991755702", "img_url2": "https://x.com/iformosa_com/status/1830614748209307900", "img_url3": null, "img_url4": null, "img_url5": null, "服務": "傳統按摩", "original_row_id": 2916, "latitude": 23.563739, "longitude": 119.567496, "url": "https://www.google.com/maps/@?api=1&map_action=pano&viewpoint=23.563739002479,119.567496003382&heading=207&pitch=10&fov=62" }, "geometry": { "type": "Point", "coordinates": [ 119.567496, 23.563739 ] } },
{ "type": "Feature", "properties": { "名稱": "忘憂谷男女舒壓會館", "地址": "231台灣新北市新店區中央路83號", "img_url": "https://x.com/iformosa_com/status/1926906475193979342", "img_url2": null, "img_url3": null, "img_url4": null, "img_url5": null, "服務": "養生會館", "original_row_id": 2930, "latitude": 24.97643368, "longitude": 121.5322935, "url": "https://www.google.com/maps/@?api=1&map_action=pano&viewpoint=24.976433680847,121.532293484328&heading=207&pitch=10&fov=62" }, "geometry": { "type": "Point", "coordinates": [ 121.5322935, 24.97643368 ] } },
{ "type": "Feature", "properties": { "名稱": "泰美舒壓養生館", "地址": "247台灣新北市蘆洲區長興路318號", "img_url": "https://twitter.com/iformosa_com/status/1498706322325667843", "img_url2": "https://twitter.com/iformosa_com/status/1498706446112141314", "img_url3": "https://twitter.com/iformosa_com/status/1498706380366442499", "img_url4": null, "img_url5": null, "服務": "養生會館", "original_row_id": 2939, "latitude": 25.092466, "longitude": 121.461882, "url": "https://www.google.com/maps/@?api=1&map_action=pano&viewpoint=25.092466000976,121.461881977255&heading=207&pitch=10&fov=62" }, "geometry": { "type": "Point", "coordinates": [ 121.461882, 25.092466 ] } },
{ "type": "Feature", "properties": { "名稱": "泰心禾泰式按摩-港墘店", "地址": "114台灣台北市內湖區港墘路103號", "img_url": "https://x.com/iformosa_com/status/1923429289392845173", "img_url2": null, "img_url3": null, "img_url4": null, "img_url5": null, "服務": "養生會館", "original_row_id": 2988, "latitude": 25.080185, "longitude": 121.577692, "url": "https://www.google.com/maps/@?api=1&map_action=pano&viewpoint=25.080185004082,121.577691967402&heading=207&pitch=10&fov=62" }, "geometry": { "type": "Point", "coordinates": [ 121.577692, 25.080185 ] } },
{ "type": "Feature", "properties": { "名稱": "泰媚美學館", "地址": "10491台灣台北市中山區林森北路131號", "img_url": "https://twitter.com/iformosa_com/status/1490882273801310212", "img_url2": null, "img_url3": null, "img_url4": null, "img_url5": null, "服務": "養生會館", "original_row_id": 3027, "latitude": 25.05099599, "longitude": 121.525228, "url": "https://www.google.com/maps/@?api=1&map_action=pano&viewpoint=25.050995990192,121.525227959047&heading=207&pitch=10&fov=62" }, "geometry": { "type": "Point", "coordinates": [ 121.525228, 25.05099599 ] } }
]
}
